[INFO] Scanning for projects...
[INFO] ------------------------------------------------------------------------
[INFO] Reactor Build Order:
[INFO] 
[INFO] Alchiki proto harness                                              [jar]
[INFO] Nomad Games backend                                                [jar]
[INFO] 
[INFO] ----------------< com.nomadgames:alchiki-proto-harness >----------------
[INFO] Building Alchiki proto harness 0.1.0-SNAPSHOT                      [1/2]
[INFO]   from pom.xml
[INFO] --------------------------------[ jar ]---------------------------------
[INFO] 
[INFO] --- resources:3.3.1:resources (default-resources) @ alchiki-proto-harness ---
[INFO] skip non existing resourceDirectory C:\Users\sergei.elistratov\Documents\проекты\nomad-game\harness\src\main\resources
[INFO] 
[INFO] --- compiler:3.13.0:compile (default-compile) @ alchiki-proto-harness ---
[INFO] Nothing to compile - all classes are up to date.
[INFO] 
[INFO] --- resources:3.3.1:testResources (default-testResources) @ alchiki-proto-harness ---
[INFO] skip non existing resourceDirectory C:\Users\sergei.elistratov\Documents\проекты\nomad-game\harness\src\test\resources
[INFO] 
[INFO] --- compiler:3.13.0:testCompile (default-testCompile) @ alchiki-proto-harness ---
[INFO] Nothing to compile - all classes are up to date.
[INFO] 
[INFO] --- surefire:3.5.3:test (default-test) @ alchiki-proto-harness ---
[INFO] 
[INFO] -----------------< com.nomadgames:nomad-games-backend >-----------------
[INFO] Building Nomad Games backend 0.1.0-SNAPSHOT                        [2/2]
[INFO]   from C:\Users\sergei.elistratov\Documents\проекты\nomad-game\backend\pom.xml
[INFO] --------------------------------[ jar ]---------------------------------
[INFO] 
[INFO] --- resources:3.5.0:resources (default-resources) @ nomad-games-backend ---
[INFO] Copying 2 resources from src\main\resources to target\classes
[INFO] Copying 9 resources from src\main\resources to target\classes
[INFO] 
[INFO] --- compiler:3.15.0:compile (default-compile) @ nomad-games-backend ---
[INFO] Nothing to compile - all classes are up to date.
[INFO] 
[INFO] --- resources:3.5.0:testResources (default-testResources) @ nomad-games-backend ---
[INFO] skip non existing resourceDirectory C:\Users\sergei.elistratov\Documents\проекты\nomad-game\backend\src\test\resources
[INFO] 
[INFO] --- compiler:3.15.0:testCompile (default-testCompile) @ nomad-games-backend ---
[INFO] Nothing to compile - all classes are up to date.
[INFO] 
[INFO] --- surefire:3.5.6:test (default-test) @ nomad-games-backend ---
[INFO] Using auto detected provider org.apache.maven.surefire.junitplatform.JUnitPlatformProvider
[INFO] 
[INFO] -------------------------------------------------------
[INFO]  T E S T S
[INFO] -------------------------------------------------------
[INFO] Running com.nomadgames.economy.EconomyIT
16:44:11.558 [main] INFO org.testcontainers.images.PullPolicy -- Image pull policy will be performed by: DefaultPullPolicy()
16:44:11.564 [main] INFO org.testcontainers.utility.ImageNameSubstitutor -- Image name substitution will be performed by: DefaultImageNameSubstitutor (composite of 'ConfigurationFileImageNameSubstitutor' and 'PrefixingImageNameSubstitutor')
16:44:11.633 [main] INFO org.testcontainers.DockerClientFactory -- Testcontainers version: 2.0.5
16:44:11.939 [main] INFO org.testcontainers.dockerclient.DockerClientProviderStrategy -- Loaded org.testcontainers.dockerclient.NpipeSocketClientProviderStrategy from ~/.testcontainers.properties, will try it first
16:44:12.463 [main] INFO org.testcontainers.dockerclient.DockerClientProviderStrategy -- Found Docker environment with local Npipe socket (npipe:////./pipe/docker_engine)
16:44:12.464 [main] INFO org.testcontainers.DockerClientFactory -- Docker host IP address is localhost
16:44:12.488 [main] INFO org.testcontainers.DockerClientFactory -- Connected to docker: 
  Server Version: 29.7.2
  API Version: 1.55
  Operating System: Docker Desktop
  Total Memory: 13643 MB
  Labels: 
    com.docker.desktop.address=npipe://\\.\pipe\docker_cli
16:44:12.683 [main] INFO tc.testcontainers/ryuk:0.14.0 -- Creating container for image: testcontainers/ryuk:0.14.0
16:44:13.112 [main] INFO tc.testcontainers/ryuk:0.14.0 -- Container testcontainers/ryuk:0.14.0 is starting: 5f2027301303beca5e181d7df0ebaa06c578e9af9aefdd3c80400ddf56b0fbf6
16:44:13.558 [main] INFO tc.testcontainers/ryuk:0.14.0 -- Container testcontainers/ryuk:0.14.0 started in PT0.8745965S
16:44:13.568 [main] INFO org.testcontainers.utility.RyukResourceReaper -- Ryuk started - will monitor and terminate Testcontainers containers on JVM exit
16:44:13.569 [main] INFO org.testcontainers.DockerClientFactory -- Checking the system...
16:44:13.569 [main] INFO org.testcontainers.DockerClientFactory -- ?? Docker server version should be at least 1.6.0
16:44:13.802 [main] INFO tc.postgres:18 -- Creating container for image: postgres:18
16:44:13.902 [main] INFO tc.postgres:18 -- Container postgres:18 is starting: 5c9612eebf1dbfff9695e25d117ce0c9d29b97548be0acec6960ca8497197899
16:44:15.335 [main] INFO tc.postgres:18 -- Container postgres:18 started in PT1.5332648S
16:44:15.336 [main] INFO tc.postgres:18 -- Container is started (JDBC URL: jdbc:postgresql://localhost:60723/test?loggerLevel=OFF)

  .   ____          _            __ _ _
 /\\ / ___'_ __ _ _(_)_ __  __ _ \ \ \ \
( ( )\___ | '_ | '_| | '_ \/ _` | \ \ \ \
 \\/  ___)| |_)| | | | | || (_| |  ) ) ) )
  '  |____| .__|_| |_|_| |_\__, | / / / /
 =========|_|==============|___/=/_/_/_/

 :: Spring Boot ::                (v4.1.1)

2026-09-11T16:44:15.857+05:00  INFO 38148 --- [nomad-games] [           main] com.nomadgames.economy.EconomyIT         : Starting EconomyIT using Java 21.0.11 with PID 38148 (started by sergei.elistratov in C:\Users\sergei.elistratov\Documents\проекты\nomad-game\backend)
2026-09-11T16:44:15.859+05:00  INFO 38148 --- [nomad-games] [           main] com.nomadgames.economy.EconomyIT         : No active profile set, falling back to 1 default profile: "default"
2026-09-11T16:44:17.362+05:00  INFO 38148 --- [nomad-games] [           main] .s.d.r.c.RepositoryConfigurationDelegate : Bootstrapping Spring Data JPA repositories in DEFAULT mode.
2026-09-11T16:44:17.512+05:00  INFO 38148 --- [nomad-games] [           main] .s.d.r.c.RepositoryConfigurationDelegate : Finished Spring Data repository scanning in 125 ms. Found 4 JPA repository interfaces.
2026-09-11T16:44:19.213+05:00  INFO 38148 --- [nomad-games] [           main] org.flywaydb.core.FlywayExecutor         : Database: jdbc:postgresql://localhost:60723/test?loggerLevel=OFF (PostgreSQL 18.6)
2026-09-11T16:44:19.308+05:00  INFO 38148 --- [nomad-games] [           main] o.f.c.i.s.JdbcTableSchemaHistory         : Schema history table "public"."flyway_schema_history" does not exist yet
2026-09-11T16:44:19.314+05:00  INFO 38148 --- [nomad-games] [           main] o.f.core.internal.command.DbValidate     : Successfully validated 9 migrations (execution time 00:00.035s)
2026-09-11T16:44:19.338+05:00  INFO 38148 --- [nomad-games] [           main] o.f.c.i.s.JdbcTableSchemaHistory         : Creating Schema History table "public"."flyway_schema_history" ...
2026-09-11T16:44:19.422+05:00  INFO 38148 --- [nomad-games] [           main] o.f.core.internal.command.DbMigrate      : Current version of schema "public": << Empty Schema >>
2026-09-11T16:44:19.438+05:00  INFO 38148 --- [nomad-games] [           main] o.f.core.internal.command.DbMigrate      : Migrating schema "public" to version "1 - identity"
2026-09-11T16:44:19.487+05:00  INFO 38148 --- [nomad-games] [           main] o.f.core.internal.command.DbMigrate      : Migrating schema "public" to version "2 - matches"
2026-09-11T16:44:19.514+05:00  INFO 38148 --- [nomad-games] [           main] o.f.core.internal.command.DbMigrate      : Migrating schema "public" to version "3 - rooms"
2026-09-11T16:44:19.541+05:00  INFO 38148 --- [nomad-games] [           main] o.f.core.internal.command.DbMigrate      : Migrating schema "public" to version "4 - match seats"
2026-09-11T16:44:19.569+05:00  INFO 38148 --- [nomad-games] [           main] o.f.core.internal.command.DbMigrate      : Migrating schema "public" to version "5 - reconnect tokens"
2026-09-11T16:44:19.596+05:00  INFO 38148 --- [nomad-games] [           main] o.f.core.internal.command.DbMigrate      : Migrating schema "public" to version "6 - room version"
2026-09-11T16:44:19.625+05:00  INFO 38148 --- [nomad-games] [           main] o.f.core.internal.command.DbMigrate      : Migrating schema "public" to version "7 - economy ledger shop"
2026-09-11T16:44:19.668+05:00  INFO 38148 --- [nomad-games] [           main] o.f.core.internal.command.DbMigrate      : Migrating schema "public" to version "8 - soft purchase sku unique"
2026-09-11T16:44:19.695+05:00  INFO 38148 --- [nomad-games] [           main] o.f.core.internal.command.DbMigrate      : Migrating schema "public" to version "9 - profile casual"
2026-09-11T16:44:19.730+05:00  INFO 38148 --- [nomad-games] [           main] o.f.core.internal.command.DbMigrate      : Successfully applied 9 migrations to schema "public", now at version v9 (execution time 00:00.112s)
2026-09-11T16:44:19.918+05:00  INFO 38148 --- [nomad-games] [           main] org.hibernate.orm.jpa                    : HHH008540: Processing PersistenceUnitInfo [name: default]
2026-09-11T16:44:20.038+05:00  INFO 38148 --- [nomad-games] [           main] org.hibernate.orm.core                   : HHH000001: Hibernate ORM core version 7.4.5.Final
2026-09-11T16:44:20.706+05:00  INFO 38148 --- [nomad-games] [           main] o.s.o.j.p.SpringPersistenceUnitInfo      : No LoadTimeWeaver setup: ignoring JPA class transformer
2026-09-11T16:44:20.752+05:00  INFO 38148 --- [nomad-games] [           main] com.zaxxer.hikari.HikariDataSource       : HikariPool-1 - Starting...
2026-09-11T16:44:20.789+05:00  INFO 38148 --- [nomad-games] [           main] com.zaxxer.hikari.pool.HikariPool        : HikariPool-1 - Added connection org.postgresql.jdbc.PgConnection@5fdebe73
2026-09-11T16:44:20.792+05:00  INFO 38148 --- [nomad-games] [           main] com.zaxxer.hikari.HikariDataSource       : HikariPool-1 - Start completed.
2026-09-11T16:44:20.892+05:00  INFO 38148 --- [nomad-games] [           main] org.hibernate.orm.connections.pooling    : HHH10001005: Database info:
	Database JDBC URL [jdbc:postgresql://localhost:60723/test?loggerLevel=OFF]
	Database driver: PostgreSQL JDBC Driver
	Database dialect: PostgreSQLDialect
	Database version: 18.6
	Default catalog/schema: test/public
	Autocommit mode: undefined/unknown
	Isolation level: READ_COMMITTED [default READ_COMMITTED]
	JDBC fetch size: none
	Pool: DataSourceConnectionProvider
	Minimum pool size: undefined/unknown
	Maximum pool size: undefined/unknown
2026-09-11T16:44:22.093+05:00  INFO 38148 --- [nomad-games] [           main] org.hibernate.orm.core                   : HHH000489: No JTA platform available (set 'hibernate.transaction.jta.platform' to enable JTA platform integration)
2026-09-11T16:44:22.149+05:00  INFO 38148 --- [nomad-games] [           main] j.LocalContainerEntityManagerFactoryBean : Initialized JPA EntityManagerFactory for persistence unit 'default'
2026-09-11T16:44:22.359+05:00  INFO 38148 --- [nomad-games] [           main] o.s.d.j.r.query.QueryEnhancerFactories   : Hibernate is in classpath; If applicable, HQL parser will be used.
2026-09-11T16:44:25.598+05:00  INFO 38148 --- [nomad-games] [           main] o.s.b.t.m.w.SpringBootMockServletContext : Initializing Spring TestDispatcherServlet ''
2026-09-11T16:44:25.599+05:00  INFO 38148 --- [nomad-games] [           main] o.s.t.web.servlet.TestDispatcherServlet  : Initializing Servlet ''
2026-09-11T16:44:25.616+05:00  INFO 38148 --- [nomad-games] [           main] o.s.b.a.e.web.EndpointLinksResolver      : Exposing 1 endpoint beneath base path '/actuator'
2026-09-11T16:44:25.630+05:00  INFO 38148 --- [nomad-games] [           main] o.s.t.web.servlet.TestDispatcherServlet  : Completed initialization in 31 ms
2026-09-11T16:44:25.828+05:00  INFO 38148 --- [nomad-games] [           main] com.nomadgames.economy.EconomyIT         : Started EconomyIT in 10.43 seconds (process running for 15.68)
Mockito is currently self-attaching to enable the inline-mock-maker. This will no longer work in future releases of the JDK. Please add Mockito as an agent to your build as described in Mockito's documentation: https://javadoc.io/doc/org.mockito/mockito-core/latest/org.mockito/org/mockito/Mockito.html#0.3
OpenJDK 64-Bit Server VM warning: Sharing is only supported for boot loader classes because bootstrap classpath has been appended
WARNING: A Java agent has been loaded dynamically (C:\Users\sergei.elistratov\.m2\repository\net\bytebuddy\byte-buddy-agent\1.18.11\byte-buddy-agent-1.18.11.jar)
WARNING: If a serviceability tool is in use, please run with -XX:+EnableDynamicAgentLoading to hide this warning
WARNING: If a serviceability tool is not in use, please run with -Djdk.instrument.traceUsage for more information
WARNING: Dynamic loading of agents will be disallowed by default in a future release
[INFO] Tests run: 13, Failures: 0, Errors: 0, Skipped: 0, Time elapsed: 18.40 s -- in com.nomadgames.economy.EconomyIT
[INFO] Running com.nomadgames.matchmaking.CasualQueueIT
2026-09-11T16:44:29.572+05:00  INFO 38148 --- [nomad-games] [           main] tc.postgres:18                           : Creating container for image: postgres:18
2026-09-11T16:44:29.725+05:00  INFO 38148 --- [nomad-games] [           main] tc.postgres:18                           : Container postgres:18 is starting: ae4a3e9c729e2b4969e8ad92d52d6f7889ac2b5ff8307f481ec5fe928aaa29b4
2026-09-11T16:44:29.830+05:00  WARN 38148 --- [nomad-games] [   scheduling-1] com.zaxxer.hikari.pool.PoolBase          : HikariPool-1 - Failed to validate connection org.postgresql.jdbc.PgConnection@4a44180b (Соединение закрыто.). Possibly consider using a shorter maxLifetime value.
2026-09-11T16:44:29.836+05:00  WARN 38148 --- [nomad-games] [   scheduling-1] com.zaxxer.hikari.pool.PoolBase          : HikariPool-1 - Failed to validate connection org.postgresql.jdbc.PgConnection@5fdebe73 (Соединение закрыто.). Possibly consider using a shorter maxLifetime value.
2026-09-11T16:44:29.837+05:00  WARN 38148 --- [nomad-games] [   scheduling-1] com.zaxxer.hikari.pool.PoolBase          : HikariPool-1 - Failed to validate connection org.postgresql.jdbc.PgConnection@55e90e10 (Соединение закрыто.). Possibly consider using a shorter maxLifetime value.
2026-09-11T16:44:29.839+05:00  WARN 38148 --- [nomad-games] [   scheduling-1] com.zaxxer.hikari.pool.PoolBase          : HikariPool-1 - Failed to validate connection org.postgresql.jdbc.PgConnection@3f87c0e6 (Соединение закрыто.). Possibly consider using a shorter maxLifetime value.
2026-09-11T16:44:29.840+05:00  WARN 38148 --- [nomad-games] [   scheduling-1] com.zaxxer.hikari.pool.PoolBase          : HikariPool-1 - Failed to validate connection org.postgresql.jdbc.PgConnection@2c727f22 (Соединение закрыто.). Possibly consider using a shorter maxLifetime value.
2026-09-11T16:44:29.842+05:00  WARN 38148 --- [nomad-games] [   scheduling-1] com.zaxxer.hikari.pool.PoolBase          : HikariPool-1 - Failed to validate connection org.postgresql.jdbc.PgConnection@5a3ae258 (Соединение закрыто.). Possibly consider using a shorter maxLifetime value.
2026-09-11T16:44:29.844+05:00  WARN 38148 --- [nomad-games] [   scheduling-1] com.zaxxer.hikari.pool.PoolBase          : HikariPool-1 - Failed to validate connection org.postgresql.jdbc.PgConnection@47befe81 (Соединение закрыто.). Possibly consider using a shorter maxLifetime value.
2026-09-11T16:44:29.846+05:00  WARN 38148 --- [nomad-games] [   scheduling-1] com.zaxxer.hikari.pool.PoolBase          : HikariPool-1 - Failed to validate connection org.postgresql.jdbc.PgConnection@46bf8660 (Соединение закрыто.). Possibly consider using a shorter maxLifetime value.
2026-09-11T16:44:29.848+05:00  WARN 38148 --- [nomad-games] [   scheduling-1] com.zaxxer.hikari.pool.PoolBase          : HikariPool-1 - Failed to validate connection org.postgresql.jdbc.PgConnection@790b7afa (Соединение закрыто.). Possibly consider using a shorter maxLifetime value.
2026-09-11T16:44:29.851+05:00  WARN 38148 --- [nomad-games] [   scheduling-1] com.zaxxer.hikari.pool.PoolBase          : HikariPool-1 - Failed to validate connection org.postgresql.jdbc.PgConnection@74ae6fa1 (Соединение закрыто.). Possibly consider using a shorter maxLifetime value.
2026-09-11T16:44:31.216+05:00  INFO 38148 --- [nomad-games] [           main] tc.postgres:18                           : Container postgres:18 started in PT1.6435776S
2026-09-11T16:44:31.216+05:00  INFO 38148 --- [nomad-games] [           main] tc.postgres:18                           : Container is started (JDBC URL: jdbc:postgresql://localhost:60747/test?loggerLevel=OFF)
2026-09-11T16:44:59.847+05:00  WARN 38148 --- [nomad-games] [   scheduling-1] org.hibernate.orm.jdbc.error             : HHH000247: ErrorCode: 0, SQLState: 08001
2026-09-11T16:44:59.847+05:00  WARN 38148 --- [nomad-games] [   scheduling-1] org.hibernate.orm.jdbc.error             : HikariPool-1 - Connection is not available, request timed out after 30016ms (total=0, active=0, idle=0, waiting=0)
2026-09-11T16:44:59.847+05:00  WARN 38148 --- [nomad-games] [   scheduling-1] org.hibernate.orm.jdbc.error             : HHH000247: ErrorCode: 0, SQLState: 08001
2026-09-11T16:44:59.847+05:00  WARN 38148 --- [nomad-games] [   scheduling-1] org.hibernate.orm.jdbc.error             : HikariPool-1 - Connection is not available, request timed out after 30016ms (total=0, active=0, idle=0, waiting=0)
2026-09-11T16:44:59.851+05:00 ERROR 38148 --- [nomad-games] [   scheduling-1] o.s.s.s.TaskUtils$LoggingErrorHandler    : Unexpected error occurred in scheduled task

org.springframework.transaction.CannotCreateTransactionException: Could not open JPA EntityManager for transaction
	at org.springframework.orm.jpa.JpaTransactionManager.doBegin(JpaTransactionManager.java:457) ~[spring-orm-7.0.9.jar:7.0.9]
	at org.springframework.transaction.support.AbstractPlatformTransactionManager.startTransaction(AbstractPlatformTransactionManager.java:532) ~[spring-tx-7.0.9.jar:7.0.9]
	at org.springframework.transaction.support.AbstractPlatformTransactionManager.getTransaction(AbstractPlatformTransactionManager.java:405) ~[spring-tx-7.0.9.jar:7.0.9]
	at org.springframework.transaction.interceptor.TransactionAspectSupport.createTransactionIfNecessary(TransactionAspectSupport.java:628) ~[spring-tx-7.0.9.jar:7.0.9]
	at org.springframework.transaction.interceptor.TransactionAspectSupport.invokeWithinTransaction(TransactionAspectSupport.java:365) ~[spring-tx-7.0.9.jar:7.0.9]
	at org.springframework.transaction.interceptor.TransactionInterceptor.invoke(TransactionInterceptor.java:130) ~[spring-tx-7.0.9.jar:7.0.9]
	at org.springframework.aop.framework.ReflectiveMethodInvocation.proceed(ReflectiveMethodInvocation.java:179) ~[spring-aop-7.0.9.jar:7.0.9]
	at org.springframework.aop.framework.CglibAopProxy$DynamicAdvisedInterceptor.intercept(CglibAopProxy.java:719) ~[spring-aop-7.0.9.jar:7.0.9]
	at com.nomadgames.session.MatchService$$SpringCGLIB$$0.expireReconnectGraces(<generated>) ~[classes/:na]
	at java.base/jdk.internal.reflect.DirectMethodHandleAccessor.invoke(DirectMethodHandleAccessor.java:103) ~[na:na]
	at java.base/java.lang.reflect.Method.invoke(Method.java:580) ~[na:na]
	at org.springframework.scheduling.support.ScheduledMethodRunnable.runInternal(ScheduledMethodRunnable.java:128) ~[spring-context-7.0.9.jar:7.0.9]
	at org.springframework.scheduling.support.ScheduledMethodRunnable.lambda$run$1(ScheduledMethodRunnable.java:122) ~[spring-context-7.0.9.jar:7.0.9]
	at io.micrometer.observation.Observation.observe(Observation.java:569) ~[micrometer-observation-1.17.1.jar:1.17.1]
	at org.springframework.scheduling.support.ScheduledMethodRunnable.run(ScheduledMethodRunnable.java:122) ~[spring-context-7.0.9.jar:7.0.9]
	at org.springframework.scheduling.config.Task$OutcomeTrackingRunnable.run(Task.java:88) ~[spring-context-7.0.9.jar:7.0.9]
	at org.springframework.scheduling.support.DelegatingErrorHandlingRunnable.run(DelegatingErrorHandlingRunnable.java:54) ~[spring-context-7.0.9.jar:7.0.9]
	at java.base/java.util.concurrent.Executors$RunnableAdapter.call(Executors.java:572) ~[na:na]
	at java.base/java.util.concurrent.FutureTask.runAndReset(FutureTask.java:358) ~[na:na]
	at java.base/java.util.concurrent.ScheduledThreadPoolExecutor$ScheduledFutureTask.run(ScheduledThreadPoolExecutor.java:305) ~[na:na]
	at java.base/java.util.concurrent.ThreadPoolExecutor.runWorker(ThreadPoolExecutor.java:1144) ~[na:na]
	at java.base/java.util.concurrent.ThreadPoolExecutor$Worker.run(ThreadPoolExecutor.java:642) ~[na:na]
	at java.base/java.lang.Thread.run(Thread.java:1583) ~[na:na]
Caused by: org.hibernate.exception.JDBCConnectionException: Unable to acquire JDBC Connection [HikariPool-1 - Connection is not available, request timed out after 30016ms (total=0, active=0, idle=0, waiting=0)] [n/a]
	at org.hibernate.exception.internal.SQLExceptionTypeDelegate.convert(SQLExceptionTypeDelegate.java:49) ~[hibernate-core-7.4.5.Final.jar:7.4.5.Final]
	at org.hibernate.exception.internal.StandardSQLExceptionConverter.convert(StandardSQLExceptionConverter.java:34) ~[hibernate-core-7.4.5.Final.jar:7.4.5.Final]
	at org.hibernate.engine.jdbc.spi.SqlExceptionHelper.convert(SqlExceptionHelper.java:115) ~[hibernate-core-7.4.5.Final.jar:7.4.5.Final]
	at org.hibernate.engine.jdbc.spi.SqlExceptionHelper.convert(SqlExceptionHelper.java:101) ~[hibernate-core-7.4.5.Final.jar:7.4.5.Final]
	at org.hibernate.resource.jdbc.internal.LogicalConnectionManagedImpl.acquire(LogicalConnectionManagedImpl.java:190) ~[hibernate-core-7.4.5.Final.jar:7.4.5.Final]
	at org.hibernate.resource.jdbc.internal.LogicalConnectionManagedImpl.acquireConnectionIfNeeded(LogicalConnectionManagedImpl.java:87) ~[hibernate-core-7.4.5.Final.jar:7.4.5.Final]
	at org.hibernate.resource.jdbc.internal.LogicalConnectionManagedImpl.getPhysicalConnection(LogicalConnectionManagedImpl.java:126) ~[hibernate-core-7.4.5.Final.jar:7.4.5.Final]
	at org.hibernate.resource.jdbc.internal.LogicalConnectionManagedImpl.getConnectionForTransactionManagement(LogicalConnectionManagedImpl.java:281) ~[hibernate-core-7.4.5.Final.jar:7.4.5.Final]
	at org.hibernate.resource.jdbc.internal.LogicalConnectionManagedImpl.begin(LogicalConnectionManagedImpl.java:290) ~[hibernate-core-7.4.5.Final.jar:7.4.5.Final]
	at org.hibernate.resource.transaction.backend.jdbc.internal.JdbcResourceLocalTransactionCoordinatorImpl$TransactionDriverControlImpl.begin(JdbcResourceLocalTransactionCoordinatorImpl.java:226) ~[hibernate-core-7.4.5.Final.jar:7.4.5.Final]
	at org.hibernate.engine.transaction.internal.TransactionImpl.begin(TransactionImpl.java:75) ~[hibernate-core-7.4.5.Final.jar:7.4.5.Final]
	at org.springframework.orm.jpa.vendor.HibernateJpaDialect.beginTransaction(HibernateJpaDialect.java:147) ~[spring-orm-7.0.9.jar:7.0.9]
	at org.springframework.orm.jpa.JpaTransactionManager.doBegin(JpaTransactionManager.java:411) ~[spring-orm-7.0.9.jar:7.0.9]
	... 22 common frames omitted
Caused by: java.sql.SQLTransientConnectionException: HikariPool-1 - Connection is not available, request timed out after 30016ms (total=0, active=0, idle=0, waiting=0)
	at com.zaxxer.hikari.pool.HikariPool.createTimeoutException(HikariPool.java:714) ~[HikariCP-7.0.2.jar:na]
	at com.zaxxer.hikari.pool.HikariPool.getConnection(HikariPool.java:184) ~[HikariCP-7.0.2.jar:na]
	at com.zaxxer.hikari.pool.HikariPool.getConnection(HikariPool.java:142) ~[HikariCP-7.0.2.jar:na]
	at com.zaxxer.hikari.HikariDataSource.getConnection(HikariDataSource.java:127) ~[HikariCP-7.0.2.jar:na]
	at org.hibernate.engine.jdbc.connections.internal.DataSourceConnectionProvider.getConnection(DataSourceConnectionProvider.java:149) ~[hibernate-core-7.4.5.Final.jar:7.4.5.Final]
	at org.hibernate.internal.NonContextualJdbcConnectionAccess.obtainConnection(NonContextualJdbcConnectionAccess.java:62) ~[hibernate-core-7.4.5.Final.jar:7.4.5.Final]
	at org.hibernate.resource.jdbc.internal.LogicalConnectionManagedImpl.acquire(LogicalConnectionManagedImpl.java:187) ~[hibernate-core-7.4.5.Final.jar:7.4.5.Final]
	... 30 common frames omitted
Caused by: org.postgresql.util.PSQLException: Подключение по адресу localhost:60723 отклонено. Проверьте, что хост и порт указаны правильно и что postmaster принимает TCP/IP-соединения.
	at org.postgresql.core.v3.ConnectionFactoryImpl.openConnectionImpl(ConnectionFactoryImpl.java:427) ~[postgresql-42.7.13.jar:42.7.13]
	at org.postgresql.core.ConnectionFactory.openConnection(ConnectionFactory.java:52) ~[postgresql-42.7.13.jar:42.7.13]
	at org.postgresql.jdbc.PgConnection.<init>(PgConnection.java:295) ~[postgresql-42.7.13.jar:42.7.13]
	at org.postgresql.Driver.makeConnection(Driver.java:437) ~[postgresql-42.7.13.jar:42.7.13]
	at org.postgresql.Driver.connect(Driver.java:305) ~[postgresql-42.7.13.jar:42.7.13]
	at com.zaxxer.hikari.util.DriverDataSource.getConnection(DriverDataSource.java:144) ~[HikariCP-7.0.2.jar:na]
	at com.zaxxer.hikari.pool.PoolBase.newConnection(PoolBase.java:373) ~[HikariCP-7.0.2.jar:na]
	at com.zaxxer.hikari.pool.PoolBase.newPoolEntry(PoolBase.java:210) ~[HikariCP-7.0.2.jar:na]
	at com.zaxxer.hikari.pool.HikariPool.createPoolEntry(HikariPool.java:488) ~[HikariCP-7.0.2.jar:na]
	at com.zaxxer.hikari.pool.HikariPool$PoolEntryCreator.call(HikariPool.java:752) ~[HikariCP-7.0.2.jar:na]
	at com.zaxxer.hikari.pool.HikariPool$PoolEntryCreator.call(HikariPool.java:731) ~[HikariCP-7.0.2.jar:na]
	at java.base/java.util.concurrent.FutureTask.run(FutureTask.java:317) ~[na:na]
	... 3 common frames omitted
Caused by: java.net.ConnectException: Connection refused: getsockopt
	at java.base/sun.nio.ch.Net.pollConnect(Native Method) ~[na:na]
	at java.base/sun.nio.ch.Net.pollConnectNow(Net.java:694) ~[na:na]
	at java.base/sun.nio.ch.NioSocketImpl.timedFinishConnect(NioSocketImpl.java:542) ~[na:na]
	at java.base/sun.nio.ch.NioSocketImpl.connect(NioSocketImpl.java:592) ~[na:na]
	at java.base/java.net.SocksSocketImpl.connect(SocksSocketImpl.java:327) ~[na:na]
	at java.base/java.net.Socket.connect(Socket.java:751) ~[na:na]
	at org.postgresql.core.PGStream.createSocket(PGStream.java:270) ~[postgresql-42.7.13.jar:42.7.13]
	at org.postgresql.core.PGStream.<init>(PGStream.java:131) ~[postgresql-42.7.13.jar:42.7.13]
	at org.postgresql.core.v3.ConnectionFactoryImpl.tryConnect(ConnectionFactoryImpl.java:221) ~[postgresql-42.7.13.jar:42.7.13]
	at org.postgresql.core.v3.ConnectionFactoryImpl.openConnectionImpl(ConnectionFactoryImpl.java:367) ~[postgresql-42.7.13.jar:42.7.13]
	... 14 common frames omitted


  .   ____          _            __ _ _
 /\\ / ___'_ __ _ _(_)_ __  __ _ \ \ \ \
( ( )\___ | '_ | '_| | '_ \/ _` | \ \ \ \
 \\/  ___)| |_)| | | | | || (_| |  ) ) ) )
  '  |____| .__|_| |_|_| |_\__, | / / / /
 =========|_|==============|___/=/_/_/_/

 :: Spring Boot ::                (v4.1.1)

2026-09-11T16:44:59.886+05:00  INFO 38148 --- [nomad-games] [           main] c.nomadgames.matchmaking.CasualQueueIT   : Starting CasualQueueIT using Java 21.0.11 with PID 38148 (started by sergei.elistratov in C:\Users\sergei.elistratov\Documents\проекты\nomad-game\backend)
2026-09-11T16:44:59.886+05:00  INFO 38148 --- [nomad-games] [           main] c.nomadgames.matchmaking.CasualQueueIT   : No active profile set, falling back to 1 default profile: "default"
2026-09-11T16:45:00.231+05:00  INFO 38148 --- [nomad-games] [           main] .s.d.r.c.RepositoryConfigurationDelegate : Bootstrapping Spring Data JPA repositories in DEFAULT mode.
2026-09-11T16:45:00.265+05:00  INFO 38148 --- [nomad-games] [           main] .s.d.r.c.RepositoryConfigurationDelegate : Finished Spring Data repository scanning in 31 ms. Found 4 JPA repository interfaces.
2026-09-11T16:45:00.577+05:00  INFO 38148 --- [nomad-games] [           main] org.flywaydb.core.FlywayExecutor         : Database: jdbc:postgresql://localhost:60747/test?loggerLevel=OFF (PostgreSQL 18.6)
2026-09-11T16:45:00.614+05:00  INFO 38148 --- [nomad-games] [           main] o.f.c.i.s.JdbcTableSchemaHistory         : Schema history table "public"."flyway_schema_history" does not exist yet
2026-09-11T16:45:00.616+05:00  INFO 38148 --- [nomad-games] [           main] o.f.core.internal.command.DbValidate     : Successfully validated 9 migrations (execution time 00:00.012s)
2026-09-11T16:45:00.633+05:00  INFO 38148 --- [nomad-games] [           main] o.f.c.i.s.JdbcTableSchemaHistory         : Creating Schema History table "public"."flyway_schema_history" ...
2026-09-11T16:45:00.675+05:00  INFO 38148 --- [nomad-games] [           main] o.f.core.internal.command.DbMigrate      : Current version of schema "public": << Empty Schema >>
2026-09-11T16:45:00.682+05:00  INFO 38148 --- [nomad-games] [           main] o.f.core.internal.command.DbMigrate      : Migrating schema "public" to version "1 - identity"
2026-09-11T16:45:00.714+05:00  INFO 38148 --- [nomad-games] [           main] o.f.core.internal.command.DbMigrate      : Migrating schema "public" to version "2 - matches"
2026-09-11T16:45:00.740+05:00  INFO 38148 --- [nomad-games] [           main] o.f.core.internal.command.DbMigrate      : Migrating schema "public" to version "3 - rooms"
2026-09-11T16:45:00.764+05:00  INFO 38148 --- [nomad-games] [           main] o.f.core.internal.command.DbMigrate      : Migrating schema "public" to version "4 - match seats"
2026-09-11T16:45:00.794+05:00  INFO 38148 --- [nomad-games] [           main] o.f.core.internal.command.DbMigrate      : Migrating schema "public" to version "5 - reconnect tokens"
2026-09-11T16:45:00.816+05:00  INFO 38148 --- [nomad-games] [           main] o.f.core.internal.command.DbMigrate      : Migrating schema "public" to version "6 - room version"
2026-09-11T16:45:00.840+05:00  INFO 38148 --- [nomad-games] [           main] o.f.core.internal.command.DbMigrate      : Migrating schema "public" to version "7 - economy ledger shop"
2026-09-11T16:45:00.877+05:00  INFO 38148 --- [nomad-games] [           main] o.f.core.internal.command.DbMigrate      : Migrating schema "public" to version "8 - soft purchase sku unique"
2026-09-11T16:45:00.898+05:00  INFO 38148 --- [nomad-games] [           main] o.f.core.internal.command.DbMigrate      : Migrating schema "public" to version "9 - profile casual"
2026-09-11T16:45:00.926+05:00  INFO 38148 --- [nomad-games] [           main] o.f.core.internal.command.DbMigrate      : Successfully applied 9 migrations to schema "public", now at version v9 (execution time 00:00.102s)
2026-09-11T16:45:00.957+05:00  INFO 38148 --- [nomad-games] [           main] org.hibernate.orm.jpa                    : HHH008540: Processing PersistenceUnitInfo [name: default]
2026-09-11T16:45:00.996+05:00  INFO 38148 --- [nomad-games] [           main] o.s.o.j.p.SpringPersistenceUnitInfo      : No LoadTimeWeaver setup: ignoring JPA class transformer
2026-09-11T16:45:00.998+05:00  INFO 38148 --- [nomad-games] [           main] com.zaxxer.hikari.HikariDataSource       : HikariPool-2 - Starting...
2026-09-11T16:45:01.016+05:00  INFO 38148 --- [nomad-games] [           main] com.zaxxer.hikari.pool.HikariPool        : HikariPool-2 - Added connection org.postgresql.jdbc.PgConnection@18c135fa
2026-09-11T16:45:01.017+05:00  INFO 38148 --- [nomad-games] [           main] com.zaxxer.hikari.HikariDataSource       : HikariPool-2 - Start completed.
2026-09-11T16:45:01.027+05:00  INFO 38148 --- [nomad-games] [           main] org.hibernate.orm.connections.pooling    : HHH10001005: Database info:
	Database JDBC URL [jdbc:postgresql://localhost:60747/test?loggerLevel=OFF]
	Database driver: PostgreSQL JDBC Driver
	Database dialect: PostgreSQLDialect
	Database version: 18.6
	Default catalog/schema: test/public
	Autocommit mode: undefined/unknown
	Isolation level: READ_COMMITTED [default READ_COMMITTED]
	JDBC fetch size: none
	Pool: DataSourceConnectionProvider
	Minimum pool size: undefined/unknown
	Maximum pool size: undefined/unknown
2026-09-11T16:45:01.114+05:00  INFO 38148 --- [nomad-games] [           main] org.hibernate.orm.core                   : HHH000489: No JTA platform available (set 'hibernate.transaction.jta.platform' to enable JTA platform integration)
2026-09-11T16:45:01.135+05:00  INFO 38148 --- [nomad-games] [           main] j.LocalContainerEntityManagerFactoryBean : Initialized JPA EntityManagerFactory for persistence unit 'default'
2026-09-11T16:45:01.508+05:00  INFO 38148 --- [nomad-games] [           main] o.s.b.t.m.w.SpringBootMockServletContext : Initializing Spring TestDispatcherServlet ''
2026-09-11T16:45:01.508+05:00  INFO 38148 --- [nomad-games] [           main] o.s.t.web.servlet.TestDispatcherServlet  : Initializing Servlet ''
2026-09-11T16:45:01.513+05:00  INFO 38148 --- [nomad-games] [           main] o.s.b.a.e.web.EndpointLinksResolver      : Exposing 1 endpoint beneath base path '/actuator'
2026-09-11T16:45:01.521+05:00  INFO 38148 --- [nomad-games] [           main] o.s.t.web.servlet.TestDispatcherServlet  : Completed initialization in 13 ms
2026-09-11T16:45:01.554+05:00  INFO 38148 --- [nomad-games] [           main] c.nomadgames.matchmaking.CasualQueueIT   : Started CasualQueueIT in 1.696 seconds (process running for 51.407)
2026-09-11T16:45:02.566+05:00  WARN 38148 --- [nomad-games] [   scheduling-1] com.zaxxer.hikari.pool.ProxyConnection   : HikariPool-2 - Connection org.postgresql.jdbc.PgConnection@18c135fa marked as broken because of SQLSTATE(08006), ErrorCode(0)

org.postgresql.util.PSQLException: Ошибка ввода/вывода при отправке бэкенду.
	at org.postgresql.core.v3.QueryExecutorImpl.execute(QueryExecutorImpl.java:474) ~[postgresql-42.7.13.jar:42.7.13]
	at org.postgresql.jdbc.PgStatement.executeInternal(PgStatement.java:533) ~[postgresql-42.7.13.jar:42.7.13]
	at org.postgresql.jdbc.PgStatement.execute(PgStatement.java:449) ~[postgresql-42.7.13.jar:42.7.13]
	at org.postgresql.jdbc.PgPreparedStatement.executeWithFlags(PgPreparedStatement.java:197) ~[postgresql-42.7.13.jar:42.7.13]
	at org.postgresql.jdbc.PgPreparedStatement.executeQuery(PgPreparedStatement.java:140) ~[postgresql-42.7.13.jar:42.7.13]
	at com.zaxxer.hikari.pool.ProxyPreparedStatement.executeQuery(ProxyPreparedStatement.java:52) ~[HikariCP-7.0.2.jar:na]
	at com.zaxxer.hikari.pool.HikariProxyPreparedStatement.executeQuery(HikariProxyPreparedStatement.java) ~[HikariCP-7.0.2.jar:na]
	at org.hibernate.sql.results.jdbc.internal.DeferredResultSetAccess.executeQuery(DeferredResultSetAccess.java:269) ~[hibernate-core-7.4.5.Final.jar:7.4.5.Final]
	at org.hibernate.sql.results.jdbc.internal.DeferredResultSetAccess.getResultSet(DeferredResultSetAccess.java:188) ~[hibernate-core-7.4.5.Final.jar:7.4.5.Final]
	at org.hibernate.sql.results.jdbc.internal.JdbcValuesResultSetImpl.<init>(JdbcValuesResultSetImpl.java:71) ~[hibernate-core-7.4.5.Final.jar:7.4.5.Final]
	at org.hibernate.sql.exec.internal.JdbcSelectExecutorStandardImpl.resolveJdbcValues(JdbcSelectExecutorStandardImpl.java:422) ~[hibernate-core-7.4.5.Final.jar:7.4.5.Final]
	at org.hibernate.sql.exec.internal.JdbcSelectExecutorStandardImpl.resolveJdbcValuesSource(JdbcSelectExecutorStandardImpl.java:349) ~[hibernate-core-7.4.5.Final.jar:7.4.5.Final]
	at org.hibernate.sql.exec.internal.JdbcSelectExecutorStandardImpl.doExecuteQuery(JdbcSelectExecutorStandardImpl.java:143) ~[hibernate-core-7.4.5.Final.jar:7.4.5.Final]
	at org.hibernate.sql.exec.internal.JdbcSelectExecutorStandardImpl.executeQuery(JdbcSelectExecutorStandardImpl.java:100) ~[hibernate-core-7.4.5.Final.jar:7.4.5.Final]
	at org.hibernate.sql.exec.spi.JdbcSelectExecutor.executeQuery(JdbcSelectExecutor.java:63) ~[hibernate-core-7.4.5.Final.jar:7.4.5.Final]
	at org.hibernate.sql.exec.spi.JdbcSelectExecutor.list(JdbcSelectExecutor.java:137) ~[hibernate-core-7.4.5.Final.jar:7.4.5.Final]
	at org.hibernate.query.sqm.internal.ConcreteSqmSelectQueryPlan.lambda$new$1(ConcreteSqmSelectQueryPlan.java:136) ~[hibernate-core-7.4.5.Final.jar:7.4.5.Final]
	at org.hibernate.query.sqm.internal.ConcreteSqmSelectQueryPlan.withCacheableSqmInterpretation(ConcreteSqmSelectQueryPlan.java:484) ~[hibernate-core-7.4.5.Final.jar:7.4.5.Final]
	at org.hibernate.query.sqm.internal.ConcreteSqmSelectQueryPlan.performList(ConcreteSqmSelectQueryPlan.java:411) ~[hibernate-core-7.4.5.Final.jar:7.4.5.Final]
	at org.hibernate.query.sqm.internal.SqmQueryImpl.doList(SqmQueryImpl.java:379) ~[hibernate-core-7.4.5.Final.jar:7.4.5.Final]
	at org.hibernate.query.spi.AbstractSelectionQuery.list(AbstractSelectionQuery.java:153) ~[hibernate-core-7.4.5.Final.jar:7.4.5.Final]
	at org.hibernate.query.Query.getResultList(Query.java:121) ~[hibernate-core-7.4.5.Final.jar:7.4.5.Final]
	at org.springframework.data.jpa.repository.query.JpaQueryExecution$CollectionExecution.doExecute(JpaQueryExecution.java:141) ~[spring-data-jpa-4.1.1.jar:4.1.1]
	at org.springframework.data.jpa.repository.query.JpaQueryExecution.execute(JpaQueryExecution.java:100) ~[spring-data-jpa-4.1.1.jar:4.1.1]
	at org.springframework.data.jpa.repository.query.AbstractJpaQuery.doExecute(AbstractJpaQuery.java:166) ~[spring-data-jpa-4.1.1.jar:4.1.1]
	at org.springframework.data.jpa.repository.query.AbstractJpaQuery.execute(AbstractJpaQuery.java:156) ~[spring-data-jpa-4.1.1.jar:4.1.1]
	at org.springframework.data.repository.core.support.RepositoryMethodInvoker.doInvoke(RepositoryMethodInvoker.java:169) ~[spring-data-commons-4.1.1.jar:4.1.1]
	at org.springframework.data.repository.core.support.RepositoryMethodInvoker.invoke(RepositoryMethodInvoker.java:158) ~[spring-data-commons-4.1.1.jar:4.1.1]
	at org.springframework.data.repository.core.support.QueryExecutorMethodInterceptor.doInvoke(QueryExecutorMethodInterceptor.java:167) ~[spring-data-commons-4.1.1.jar:4.1.1]
	at org.springframework.data.repository.core.support.QueryExecutorMethodInterceptor.invoke(QueryExecutorMethodInterceptor.java:146) ~[spring-data-commons-4.1.1.jar:4.1.1]
	at org.springframework.aop.framework.ReflectiveMethodInvocation.proceed(ReflectiveMethodInvocation.java:179) ~[spring-aop-7.0.9.jar:7.0.9]
	at org.springframework.data.projection.DefaultMethodInvokingMethodInterceptor.invoke(DefaultMethodInvokingMethodInterceptor.java:69) ~[spring-data-commons-4.1.1.jar:4.1.1]
	at org.springframework.aop.framework.ReflectiveMethodInvocation.proceed(ReflectiveMethodInvocation.java:179) ~[spring-aop-7.0.9.jar:7.0.9]
	at org.springframework.transaction.interceptor.TransactionInterceptor$1.proceedWithInvocation(TransactionInterceptor.java:133) ~[spring-tx-7.0.9.jar:7.0.9]
	at org.springframework.transaction.interceptor.TransactionAspectSupport.invokeWithinTransaction(TransactionAspectSupport.java:371) ~[spring-tx-7.0.9.jar:7.0.9]
	at org.springframework.transaction.interceptor.TransactionInterceptor.invoke(TransactionInterceptor.java:130) ~[spring-tx-7.0.9.jar:7.0.9]
	at org.springframework.aop.framework.ReflectiveMethodInvocation.proceed(ReflectiveMethodInvocation.java:179) ~[spring-aop-7.0.9.jar:7.0.9]
	at org.springframework.dao.support.PersistenceExceptionTranslationInterceptor.invoke(PersistenceExceptionTranslationInterceptor.java:135) ~[spring-tx-7.0.9.jar:7.0.9]
	at org.springframework.aop.framework.ReflectiveMethodInvocation.proceed(ReflectiveMethodInvocation.java:179) ~[spring-aop-7.0.9.jar:7.0.9]
	at org.springframework.data.jpa.repository.support.CrudMethodMetadataPostProcessor$CrudMethodMetadataPopulatingMethodInterceptor.invoke(CrudMethodMetadataPostProcessor.java:137) ~[spring-data-jpa-4.1.1.jar:4.1.1]
	at org.springframework.aop.framework.ReflectiveMethodInvocation.proceed(ReflectiveMethodInvocation.java:179) ~[spring-aop-7.0.9.jar:7.0.9]
	at org.springframework.aop.framework.JdkDynamicAopProxy.invoke(JdkDynamicAopProxy.java:222) ~[spring-aop-7.0.9.jar:7.0.9]
	at jdk.proxy2/jdk.proxy2.$Proxy202.findByStatusAndIdleExpiresAtBefore(Unknown Source) ~[na:na]
	at com.nomadgames.matchmaking.RoomService.lambda$closeExpiredLobbies$7(RoomService.java:151) ~[classes/:na]
	at org.springframework.transaction.support.TransactionTemplate.execute(TransactionTemplate.java:137) ~[spring-tx-7.0.9.jar:7.0.9]
	at com.nomadgames.matchmaking.RoomService.closeExpiredLobbies(RoomService.java:150) ~[classes/:na]
	at java.base/jdk.internal.reflect.DirectMethodHandleAccessor.invoke(DirectMethodHandleAccessor.java:103) ~[na:na]
	at java.base/java.lang.reflect.Method.invoke(Method.java:580) ~[na:na]
	at org.springframework.scheduling.support.ScheduledMethodRunnable.runInternal(ScheduledMethodRunnable.java:128) ~[spring-context-7.0.9.jar:7.0.9]
	at org.springframework.scheduling.support.ScheduledMethodRunnable.lambda$run$1(ScheduledMethodRunnable.java:122) ~[spring-context-7.0.9.jar:7.0.9]
	at io.micrometer.observation.Observation.observe(Observation.java:569) ~[micrometer-observation-1.17.1.jar:1.17.1]
	at org.springframework.scheduling.support.ScheduledMethodRunnable.run(ScheduledMethodRunnable.java:122) ~[spring-context-7.0.9.jar:7.0.9]
	at org.springframework.scheduling.config.Task$OutcomeTrackingRunnable.run(Task.java:88) ~[spring-context-7.0.9.jar:7.0.9]
	at org.springframework.scheduling.support.DelegatingErrorHandlingRunnable.run(DelegatingErrorHandlingRunnable.java:54) ~[spring-context-7.0.9.jar:7.0.9]
	at java.base/java.util.concurrent.Executors$RunnableAdapter.call(Executors.java:572) ~[na:na]
	at java.base/java.util.concurrent.FutureTask.runAndReset(FutureTask.java:358) ~[na:na]
	at java.base/java.util.concurrent.ScheduledThreadPoolExecutor$ScheduledFutureTask.run(ScheduledThreadPoolExecutor.java:305) ~[na:na]
	at java.base/java.util.concurrent.ThreadPoolExecutor.runWorker(ThreadPoolExecutor.java:1144) ~[na:na]
	at java.base/java.util.concurrent.ThreadPoolExecutor$Worker.run(ThreadPoolExecutor.java:642) ~[na:na]
	at java.base/java.lang.Thread.run(Thread.java:1583) ~[na:na]
Caused by: java.io.EOFException
	at org.postgresql.core.PGStream.receiveChar(PGStream.java:482) ~[postgresql-42.7.13.jar:42.7.13]
	at org.postgresql.core.v3.QueryExecutorImpl.processResults(QueryExecutorImpl.java:2383) ~[postgresql-42.7.13.jar:42.7.13]
	at org.postgresql.core.v3.QueryExecutorImpl.execute(QueryExecutorImpl.java:446) ~[postgresql-42.7.13.jar:42.7.13]
	... 59 common frames omitted

2026-09-11T16:45:02.570+05:00  WARN 38148 --- [nomad-games] [   scheduling-1] org.hibernate.orm.jdbc.error             : HHH000247: ErrorCode: 0, SQLState: 08006
2026-09-11T16:45:02.570+05:00  WARN 38148 --- [nomad-games] [   scheduling-1] org.hibernate.orm.jdbc.error             : Ошибка ввода/вывода при отправке бэкенду.
2026-09-11T16:45:02.577+05:00 ERROR 38148 --- [nomad-games] [   scheduling-1] o.s.t.support.TransactionTemplate        : Application exception overridden by rollback exception

org.springframework.dao.DataAccessResourceFailureException: JDBC exception executing SQL [Ошибка ввода/вывода при отправке бэкенду.] [select re1_0.id,re1_0.code,re1_0.created_at,re1_0.host_id,re1_0.host_ready,re1_0.idle_expires_at,re1_0.joiner_id,re1_0.joiner_ready,re1_0.match_id,re1_0.status,re1_0.version from rooms re1_0 where re1_0.status=? and re1_0.idle_expires_at<?]
	at org.springframework.orm.jpa.hibernate.HibernateExceptionTranslator.convertHibernateAccessException(HibernateExceptionTranslator.java:153) ~[spring-orm-7.0.9.jar:7.0.9]
	at org.springframework.orm.jpa.hibernate.HibernateExceptionTranslator.convertHibernateAccessException(HibernateExceptionTranslator.java:131) ~[spring-orm-7.0.9.jar:7.0.9]
	at org.springframework.orm.jpa.hibernate.HibernateExceptionTranslator.translateExceptionIfPossible(HibernateExceptionTranslator.java:105) ~[spring-orm-7.0.9.jar:7.0.9]
	at org.springframework.orm.jpa.vendor.HibernateJpaDialect.translateExceptionIfPossible(HibernateJpaDialect.java:223) ~[spring-orm-7.0.9.jar:7.0.9]
	at org.springframework.orm.jpa.AbstractEntityManagerFactoryBean.translateExceptionIfPossible(AbstractEntityManagerFactoryBean.java:577) ~[spring-orm-7.0.9.jar:7.0.9]
	at org.springframework.dao.support.ChainedPersistenceExceptionTranslator.translateExceptionIfPossible(ChainedPersistenceExceptionTranslator.java:61) ~[spring-tx-7.0.9.jar:7.0.9]
	at org.springframework.dao.support.DataAccessUtils.translateIfNecessary(DataAccessUtils.java:346) ~[spring-tx-7.0.9.jar:7.0.9]
	at org.springframework.dao.support.PersistenceExceptionTranslationInterceptor.invoke(PersistenceExceptionTranslationInterceptor.java:157) ~[spring-tx-7.0.9.jar:7.0.9]
	at org.springframework.aop.framework.ReflectiveMethodInvocation.proceed(ReflectiveMethodInvocation.java:179) ~[spring-aop-7.0.9.jar:7.0.9]
	at org.springframework.data.jpa.repository.support.CrudMethodMetadataPostProcessor$CrudMethodMetadataPopulatingMethodInterceptor.invoke(CrudMethodMetadataPostProcessor.java:137) ~[spring-data-jpa-4.1.1.jar:4.1.1]
	at org.springframework.aop.framework.ReflectiveMethodInvocation.proceed(ReflectiveMethodInvocation.java:179) ~[spring-aop-7.0.9.jar:7.0.9]
	at org.springframework.aop.framework.JdkDynamicAopProxy.invoke(JdkDynamicAopProxy.java:222) ~[spring-aop-7.0.9.jar:7.0.9]
	at jdk.proxy2/jdk.proxy2.$Proxy202.findByStatusAndIdleExpiresAtBefore(Unknown Source) ~[na:na]
	at com.nomadgames.matchmaking.RoomService.lambda$closeExpiredLobbies$7(RoomService.java:151) ~[classes/:na]
	at org.springframework.transaction.support.TransactionTemplate.execute(TransactionTemplate.java:137) ~[spring-tx-7.0.9.jar:7.0.9]
	at com.nomadgames.matchmaking.RoomService.closeExpiredLobbies(RoomService.java:150) ~[classes/:na]
	at java.base/jdk.internal.reflect.DirectMethodHandleAccessor.invoke(DirectMethodHandleAccessor.java:103) ~[na:na]
	at java.base/java.lang.reflect.Method.invoke(Method.java:580) ~[na:na]
	at org.springframework.scheduling.support.ScheduledMethodRunnable.runInternal(ScheduledMethodRunnable.java:128) ~[spring-context-7.0.9.jar:7.0.9]
	at org.springframework.scheduling.support.ScheduledMethodRunnable.lambda$run$1(ScheduledMethodRunnable.java:122) ~[spring-context-7.0.9.jar:7.0.9]
	at io.micrometer.observation.Observation.observe(Observation.java:569) ~[micrometer-observation-1.17.1.jar:1.17.1]
	at org.springframework.scheduling.support.ScheduledMethodRunnable.run(ScheduledMethodRunnable.java:122) ~[spring-context-7.0.9.jar:7.0.9]
	at org.springframework.scheduling.config.Task$OutcomeTrackingRunnable.run(Task.java:88) ~[spring-context-7.0.9.jar:7.0.9]
	at org.springframework.scheduling.support.DelegatingErrorHandlingRunnable.run(DelegatingErrorHandlingRunnable.java:54) ~[spring-context-7.0.9.jar:7.0.9]
	at java.base/java.util.concurrent.Executors$RunnableAdapter.call(Executors.java:572) ~[na:na]
	at java.base/java.util.concurrent.FutureTask.runAndReset(FutureTask.java:358) ~[na:na]
	at java.base/java.util.concurrent.ScheduledThreadPoolExecutor$ScheduledFutureTask.run(ScheduledThreadPoolExecutor.java:305) ~[na:na]
	at java.base/java.util.concurrent.ThreadPoolExecutor.runWorker(ThreadPoolExecutor.java:1144) ~[na:na]
	at java.base/java.util.concurrent.ThreadPoolExecutor$Worker.run(ThreadPoolExecutor.java:642) ~[na:na]
	at java.base/java.lang.Thread.run(Thread.java:1583) ~[na:na]
Caused by: org.hibernate.exception.JDBCConnectionException: JDBC exception executing SQL [Ошибка ввода/вывода при отправке бэкенду.] [select re1_0.id,re1_0.code,re1_0.created_at,re1_0.host_id,re1_0.host_ready,re1_0.idle_expires_at,re1_0.joiner_id,re1_0.joiner_ready,re1_0.match_id,re1_0.status,re1_0.version from rooms re1_0 where re1_0.status=? and re1_0.idle_expires_at<?]
	at org.hibernate.exception.internal.SQLStateConversionDelegate.convert(SQLStateConversionDelegate.java:80) ~[hibernate-core-7.4.5.Final.jar:7.4.5.Final]
	at org.hibernate.exception.internal.StandardSQLExceptionConverter.convert(StandardSQLExceptionConverter.java:34) ~[hibernate-core-7.4.5.Final.jar:7.4.5.Final]
	at org.hibernate.engine.jdbc.spi.SqlExceptionHelper.convert(SqlExceptionHelper.java:115) ~[hibernate-core-7.4.5.Final.jar:7.4.5.Final]
	at org.hibernate.sql.results.jdbc.internal.DeferredResultSetAccess.executeQuery(DeferredResultSetAccess.java:292) ~[hibernate-core-7.4.5.Final.jar:7.4.5.Final]
	at org.hibernate.sql.results.jdbc.internal.DeferredResultSetAccess.getResultSet(DeferredResultSetAccess.java:188) ~[hibernate-core-7.4.5.Final.jar:7.4.5.Final]
	at org.hibernate.sql.results.jdbc.internal.JdbcValuesResultSetImpl.<init>(JdbcValuesResultSetImpl.java:71) ~[hibernate-core-7.4.5.Final.jar:7.4.5.Final]
	at org.hibernate.sql.exec.internal.JdbcSelectExecutorStandardImpl.resolveJdbcValues(JdbcSelectExecutorStandardImpl.java:422) ~[hibernate-core-7.4.5.Final.jar:7.4.5.Final]
	at org.hibernate.sql.exec.internal.JdbcSelectExecutorStandardImpl.resolveJdbcValuesSource(JdbcSelectExecutorStandardImpl.java:349) ~[hibernate-core-7.4.5.Final.jar:7.4.5.Final]
	at org.hibernate.sql.exec.internal.JdbcSelectExecutorStandardImpl.doExecuteQuery(JdbcSelectExecutorStandardImpl.java:143) ~[hibernate-core-7.4.5.Final.jar:7.4.5.Final]
	at org.hibernate.sql.exec.internal.JdbcSelectExecutorStandardImpl.executeQuery(JdbcSelectExecutorStandardImpl.java:100) ~[hibernate-core-7.4.5.Final.jar:7.4.5.Final]
	at org.hibernate.sql.exec.spi.JdbcSelectExecutor.executeQuery(JdbcSelectExecutor.java:63) ~[hibernate-core-7.4.5.Final.jar:7.4.5.Final]
	at org.hibernate.sql.exec.spi.JdbcSelectExecutor.list(JdbcSelectExecutor.java:137) ~[hibernate-core-7.4.5.Final.jar:7.4.5.Final]
	at org.hibernate.query.sqm.internal.ConcreteSqmSelectQueryPlan.lambda$new$1(ConcreteSqmSelectQueryPlan.java:136) ~[hibernate-core-7.4.5.Final.jar:7.4.5.Final]
	at org.hibernate.query.sqm.internal.ConcreteSqmSelectQueryPlan.withCacheableSqmInterpretation(ConcreteSqmSelectQueryPlan.java:484) ~[hibernate-core-7.4.5.Final.jar:7.4.5.Final]
	at org.hibernate.query.sqm.internal.ConcreteSqmSelectQueryPlan.performList(ConcreteSqmSelectQueryPlan.java:411) ~[hibernate-core-7.4.5.Final.jar:7.4.5.Final]
	at org.hibernate.query.sqm.internal.SqmQueryImpl.doList(SqmQueryImpl.java:379) ~[hibernate-core-7.4.5.Final.jar:7.4.5.Final]
	at org.hibernate.query.spi.AbstractSelectionQuery.list(AbstractSelectionQuery.java:153) ~[hibernate-core-7.4.5.Final.jar:7.4.5.Final]
	at org.hibernate.query.Query.getResultList(Query.java:121) ~[hibernate-core-7.4.5.Final.jar:7.4.5.Final]
	at org.springframework.data.jpa.repository.query.JpaQueryExecution$CollectionExecution.doExecute(JpaQueryExecution.java:141) ~[spring-data-jpa-4.1.1.jar:4.1.1]
	at org.springframework.data.jpa.repository.query.JpaQueryExecution.execute(JpaQueryExecution.java:100) ~[spring-data-jpa-4.1.1.jar:4.1.1]
	at org.springframework.data.jpa.repository.query.AbstractJpaQuery.doExecute(AbstractJpaQuery.java:166) ~[spring-data-jpa-4.1.1.jar:4.1.1]
	at org.springframework.data.jpa.repository.query.AbstractJpaQuery.execute(AbstractJpaQuery.java:156) ~[spring-data-jpa-4.1.1.jar:4.1.1]
	at org.springframework.data.repository.core.support.RepositoryMethodInvoker.doInvoke(RepositoryMethodInvoker.java:169) ~[spring-data-commons-4.1.1.jar:4.1.1]
	at org.springframework.data.repository.core.support.RepositoryMethodInvoker.invoke(RepositoryMethodInvoker.java:158) ~[spring-data-commons-4.1.1.jar:4.1.1]
	at org.springframework.data.repository.core.support.QueryExecutorMethodInterceptor.doInvoke(QueryExecutorMethodInterceptor.java:167) ~[spring-data-commons-4.1.1.jar:4.1.1]
	at org.springframework.data.repository.core.support.QueryExecutorMethodInterceptor.invoke(QueryExecutorMethodInterceptor.java:146) ~[spring-data-commons-4.1.1.jar:4.1.1]
	at org.springframework.aop.framework.ReflectiveMethodInvocation.proceed(ReflectiveMethodInvocation.java:179) ~[spring-aop-7.0.9.jar:7.0.9]
	at org.springframework.data.projection.DefaultMethodInvokingMethodInterceptor.invoke(DefaultMethodInvokingMethodInterceptor.java:69) ~[spring-data-commons-4.1.1.jar:4.1.1]
	at org.springframework.aop.framework.ReflectiveMethodInvocation.proceed(ReflectiveMethodInvocation.java:179) ~[spring-aop-7.0.9.jar:7.0.9]
	at org.springframework.transaction.interceptor.TransactionInterceptor$1.proceedWithInvocation(TransactionInterceptor.java:133) ~[spring-tx-7.0.9.jar:7.0.9]
	at org.springframework.transaction.interceptor.TransactionAspectSupport.invokeWithinTransaction(TransactionAspectSupport.java:371) ~[spring-tx-7.0.9.jar:7.0.9]
	at org.springframework.transaction.interceptor.TransactionInterceptor.invoke(TransactionInterceptor.java:130) ~[spring-tx-7.0.9.jar:7.0.9]
	at org.springframework.aop.framework.ReflectiveMethodInvocation.proceed(ReflectiveMethodInvocation.java:179) ~[spring-aop-7.0.9.jar:7.0.9]
	at org.springframework.dao.support.PersistenceExceptionTranslationInterceptor.invoke(PersistenceExceptionTranslationInterceptor.java:135) ~[spring-tx-7.0.9.jar:7.0.9]
	... 22 common frames omitted
Caused by: org.postgresql.util.PSQLException: Ошибка ввода/вывода при отправке бэкенду.
	at org.postgresql.core.v3.QueryExecutorImpl.execute(QueryExecutorImpl.java:474) ~[postgresql-42.7.13.jar:42.7.13]
	at org.postgresql.jdbc.PgStatement.executeInternal(PgStatement.java:533) ~[postgresql-42.7.13.jar:42.7.13]
	at org.postgresql.jdbc.PgStatement.execute(PgStatement.java:449) ~[postgresql-42.7.13.jar:42.7.13]
	at org.postgresql.jdbc.PgPreparedStatement.executeWithFlags(PgPreparedStatement.java:197) ~[postgresql-42.7.13.jar:42.7.13]
	at org.postgresql.jdbc.PgPreparedStatement.executeQuery(PgPreparedStatement.java:140) ~[postgresql-42.7.13.jar:42.7.13]
	at com.zaxxer.hikari.pool.ProxyPreparedStatement.executeQuery(ProxyPreparedStatement.java:52) ~[HikariCP-7.0.2.jar:na]
	at com.zaxxer.hikari.pool.HikariProxyPreparedStatement.executeQuery(HikariProxyPreparedStatement.java) ~[HikariCP-7.0.2.jar:na]
	at org.hibernate.sql.results.jdbc.internal.DeferredResultSetAccess.executeQuery(DeferredResultSetAccess.java:269) ~[hibernate-core-7.4.5.Final.jar:7.4.5.Final]
	... 52 common frames omitted
Caused by: java.io.EOFException
	at org.postgresql.core.PGStream.receiveChar(PGStream.java:482) ~[postgresql-42.7.13.jar:42.7.13]
	at org.postgresql.core.v3.QueryExecutorImpl.processResults(QueryExecutorImpl.java:2383) ~[postgresql-42.7.13.jar:42.7.13]
	at org.postgresql.core.v3.QueryExecutorImpl.execute(QueryExecutorImpl.java:446) ~[postgresql-42.7.13.jar:42.7.13]
	... 59 common frames omitted

2026-09-11T16:45:02.579+05:00 ERROR 38148 --- [nomad-games] [   scheduling-1] o.s.s.s.TaskUtils$LoggingErrorHandler    : Unexpected error occurred in scheduled task

org.springframework.orm.jpa.JpaSystemException: Unable to rollback against JDBC Connection
	at org.springframework.orm.jpa.hibernate.HibernateExceptionTranslator.convertHibernateAccessException(HibernateExceptionTranslator.java:223) ~[spring-orm-7.0.9.jar:7.0.9]
	at org.springframework.orm.jpa.hibernate.HibernateExceptionTranslator.convertHibernateAccessException(HibernateExceptionTranslator.java:131) ~[spring-orm-7.0.9.jar:7.0.9]
	at org.springframework.orm.jpa.hibernate.HibernateExceptionTranslator.translateExceptionIfPossible(HibernateExceptionTranslator.java:105) ~[spring-orm-7.0.9.jar:7.0.9]
	at org.springframework.orm.jpa.vendor.HibernateJpaDialect.translateExceptionIfPossible(HibernateJpaDialect.java:223) ~[spring-orm-7.0.9.jar:7.0.9]
	at org.springframework.orm.jpa.JpaTransactionManager.doRollback(JpaTransactionManager.java:583) ~[spring-orm-7.0.9.jar:7.0.9]
	at org.springframework.transaction.support.AbstractPlatformTransactionManager.processRollback(AbstractPlatformTransactionManager.java:896) ~[spring-tx-7.0.9.jar:7.0.9]
	at org.springframework.transaction.support.AbstractPlatformTransactionManager.rollback(AbstractPlatformTransactionManager.java:865) ~[spring-tx-7.0.9.jar:7.0.9]
	at org.springframework.transaction.support.TransactionTemplate.rollbackOnException(TransactionTemplate.java:165) ~[spring-tx-7.0.9.jar:7.0.9]
	at org.springframework.transaction.support.TransactionTemplate.execute(TransactionTemplate.java:141) ~[spring-tx-7.0.9.jar:7.0.9]
	at com.nomadgames.matchmaking.RoomService.closeExpiredLobbies(RoomService.java:150) ~[classes/:na]
	at java.base/jdk.internal.reflect.DirectMethodHandleAccessor.invoke(DirectMethodHandleAccessor.java:103) ~[na:na]
	at java.base/java.lang.reflect.Method.invoke(Method.java:580) ~[na:na]
	at org.springframework.scheduling.support.ScheduledMethodRunnable.runInternal(ScheduledMethodRunnable.java:128) ~[spring-context-7.0.9.jar:7.0.9]
	at org.springframework.scheduling.support.ScheduledMethodRunnable.lambda$run$1(ScheduledMethodRunnable.java:122) ~[spring-context-7.0.9.jar:7.0.9]
	at io.micrometer.observation.Observation.observe(Observation.java:569) ~[micrometer-observation-1.17.1.jar:1.17.1]
	at org.springframework.scheduling.support.ScheduledMethodRunnable.run(ScheduledMethodRunnable.java:122) ~[spring-context-7.0.9.jar:7.0.9]
	at org.springframework.scheduling.config.Task$OutcomeTrackingRunnable.run(Task.java:88) ~[spring-context-7.0.9.jar:7.0.9]
	at org.springframework.scheduling.support.DelegatingErrorHandlingRunnable.run(DelegatingErrorHandlingRunnable.java:54) ~[spring-context-7.0.9.jar:7.0.9]
	at java.base/java.util.concurrent.Executors$RunnableAdapter.call(Executors.java:572) ~[na:na]
	at java.base/java.util.concurrent.FutureTask.runAndReset(FutureTask.java:358) ~[na:na]
	at java.base/java.util.concurrent.ScheduledThreadPoolExecutor$ScheduledFutureTask.run(ScheduledThreadPoolExecutor.java:305) ~[na:na]
	at java.base/java.util.concurrent.ThreadPoolExecutor.runWorker(ThreadPoolExecutor.java:1144) ~[na:na]
	at java.base/java.util.concurrent.ThreadPoolExecutor$Worker.run(ThreadPoolExecutor.java:642) ~[na:na]
	at java.base/java.lang.Thread.run(Thread.java:1583) ~[na:na]
Caused by: org.hibernate.TransactionException: Unable to rollback against JDBC Connection
	at org.hibernate.resource.jdbc.internal.AbstractLogicalConnectionImplementor.rollback(AbstractLogicalConnectionImplementor.java:151) ~[hibernate-core-7.4.5.Final.jar:7.4.5.Final]
	at org.hibernate.resource.transaction.backend.jdbc.internal.JdbcResourceLocalTransactionCoordinatorImpl$TransactionDriverControlImpl.rollback(JdbcResourceLocalTransactionCoordinatorImpl.java:300) ~[hibernate-core-7.4.5.Final.jar:7.4.5.Final]
	at org.hibernate.engine.transaction.internal.TransactionImpl.rollback(TransactionImpl.java:123) ~[hibernate-core-7.4.5.Final.jar:7.4.5.Final]
	at org.springframework.orm.jpa.JpaTransactionManager.doRollback(JpaTransactionManager.java:579) ~[spring-orm-7.0.9.jar:7.0.9]
	... 19 common frames omitted
Caused by: java.sql.SQLException: Connection is closed
	at com.zaxxer.hikari.pool.ProxyConnection$ClosedConnection.lambda$getClosedConnection$0(ProxyConnection.java:559) ~[HikariCP-7.0.2.jar:na]
	at jdk.proxy3/jdk.proxy3.$Proxy162.rollback(Unknown Source) ~[na:na]
	at com.zaxxer.hikari.pool.ProxyConnection.rollback(ProxyConnection.java:386) ~[HikariCP-7.0.2.jar:na]
	at com.zaxxer.hikari.pool.HikariProxyConnection.rollback(HikariProxyConnection.java) ~[HikariCP-7.0.2.jar:na]
	at org.hibernate.resource.jdbc.internal.AbstractLogicalConnectionImplementor.rollback(AbstractLogicalConnectionImplementor.java:141) ~[hibernate-core-7.4.5.Final.jar:7.4.5.Final]
	... 22 common frames omitted

[INFO] Tests run: 6, Failures: 0, Errors: 0, Skipped: 0, Time elapsed: 33.20 s -- in com.nomadgames.matchmaking.CasualQueueIT
[INFO] Running com.nomadgames.ModularityTest
2026-09-11T16:45:02.865+05:00  INFO 38148 --- [nomad-games] [           main] com.tngtech.archunit.core.PluginLoader   : Detected Java version 21.0.11
2026-09-11T16:45:03.556+05:00  WARN 38148 --- [nomad-games] [   scheduling-1] com.zaxxer.hikari.pool.PoolBase          : HikariPool-2 - Failed to validate connection org.postgresql.jdbc.PgConnection@73d1d2a2 (Соединение закрыто.). Possibly consider using a shorter maxLifetime value.
2026-09-11T16:45:03.561+05:00  WARN 38148 --- [nomad-games] [   scheduling-1] com.zaxxer.hikari.pool.PoolBase          : HikariPool-2 - Failed to validate connection org.postgresql.jdbc.PgConnection@1d97e59a (Соединение закрыто.). Possibly consider using a shorter maxLifetime value.
2026-09-11T16:45:03.563+05:00  WARN 38148 --- [nomad-games] [   scheduling-1] com.zaxxer.hikari.pool.PoolBase          : HikariPool-2 - Failed to validate connection org.postgresql.jdbc.PgConnection@3287d5d6 (Соединение закрыто.). Possibly consider using a shorter maxLifetime value.
2026-09-11T16:45:03.565+05:00  WARN 38148 --- [nomad-games] [   scheduling-1] com.zaxxer.hikari.pool.PoolBase          : HikariPool-2 - Failed to validate connection org.postgresql.jdbc.PgConnection@206ed721 (Соединение закрыто.). Possibly consider using a shorter maxLifetime value.
2026-09-11T16:45:03.567+05:00  WARN 38148 --- [nomad-games] [   scheduling-1] com.zaxxer.hikari.pool.PoolBase          : HikariPool-2 - Failed to validate connection org.postgresql.jdbc.PgConnection@5d57554c (Соединение закрыто.). Possibly consider using a shorter maxLifetime value.
2026-09-11T16:45:03.572+05:00  WARN 38148 --- [nomad-games] [   scheduling-1] com.zaxxer.hikari.pool.PoolBase          : HikariPool-2 - Failed to validate connection org.postgresql.jdbc.PgConnection@7fced049 (Соединение закрыто.). Possibly consider using a shorter maxLifetime value.
2026-09-11T16:45:03.573+05:00  WARN 38148 --- [nomad-games] [   scheduling-1] com.zaxxer.hikari.pool.PoolBase          : HikariPool-2 - Failed to validate connection org.postgresql.jdbc.PgConnection@73eb9303 (Соединение закрыто.). Possibly consider using a shorter maxLifetime value.
2026-09-11T16:45:03.575+05:00  WARN 38148 --- [nomad-games] [   scheduling-1] com.zaxxer.hikari.pool.PoolBase          : HikariPool-2 - Failed to validate connection org.postgresql.jdbc.PgConnection@256a9580 (Соединение закрыто.). Possibly consider using a shorter maxLifetime value.
2026-09-11T16:45:03.577+05:00  WARN 38148 --- [nomad-games] [   scheduling-1] com.zaxxer.hikari.pool.PoolBase          : HikariPool-2 - Failed to validate connection org.postgresql.jdbc.PgConnection@42705954 (Соединение закрыто.). Possibly consider using a shorter maxLifetime value.
[INFO] Tests run: 1, Failures: 0, Errors: 0, Skipped: 0, Time elapsed: 3.889 s -- in com.nomadgames.ModularityTest
[INFO] Running com.nomadgames.profile.ProfileIT
2026-09-11T16:45:06.664+05:00  INFO 38148 --- [nomad-games] [           main] tc.postgres:18                           : Creating container for image: postgres:18
2026-09-11T16:45:06.777+05:00  INFO 38148 --- [nomad-games] [           main] tc.postgres:18                           : Container postgres:18 is starting: 02a6555a38ac41364e0d6c07f315112fd08c8769eec5a1d1cf0c136dec2b9c8d
2026-09-11T16:45:08.141+05:00  INFO 38148 --- [nomad-games] [           main] tc.postgres:18                           : Container postgres:18 started in PT1.4787497S
2026-09-11T16:45:08.141+05:00  INFO 38148 --- [nomad-games] [           main] tc.postgres:18                           : Container is started (JDBC URL: jdbc:postgresql://localhost:56346/test?loggerLevel=OFF)
2026-09-11T16:45:30.179+05:00  WARN 38148 --- [nomad-games] [onnection-adder] com.zaxxer.hikari.pool.PoolBase          : HikariPool-1 - Pool is empty, failed to create/setup connection (e091763c-ec79-4d5c-b50b-6980ea630ea0)

org.postgresql.util.PSQLException: Подключение по адресу localhost:60723 отклонено. Проверьте, что хост и порт указаны правильно и что postmaster принимает TCP/IP-соединения.
	at org.postgresql.core.v3.ConnectionFactoryImpl.openConnectionImpl(ConnectionFactoryImpl.java:427) ~[postgresql-42.7.13.jar:42.7.13]
	at org.postgresql.core.ConnectionFactory.openConnection(ConnectionFactory.java:52) ~[postgresql-42.7.13.jar:42.7.13]
	at org.postgresql.jdbc.PgConnection.<init>(PgConnection.java:295) ~[postgresql-42.7.13.jar:42.7.13]
	at org.postgresql.Driver.makeConnection(Driver.java:437) ~[postgresql-42.7.13.jar:42.7.13]
	at org.postgresql.Driver.connect(Driver.java:305) ~[postgresql-42.7.13.jar:42.7.13]
	at com.zaxxer.hikari.util.DriverDataSource.getConnection(DriverDataSource.java:144) ~[HikariCP-7.0.2.jar:na]
	at com.zaxxer.hikari.pool.PoolBase.newConnection(PoolBase.java:373) ~[HikariCP-7.0.2.jar:na]
	at com.zaxxer.hikari.pool.PoolBase.newPoolEntry(PoolBase.java:210) ~[HikariCP-7.0.2.jar:na]
	at com.zaxxer.hikari.pool.HikariPool.createPoolEntry(HikariPool.java:488) ~[HikariCP-7.0.2.jar:na]
	at com.zaxxer.hikari.pool.HikariPool$PoolEntryCreator.call(HikariPool.java:752) ~[HikariCP-7.0.2.jar:na]
	at com.zaxxer.hikari.pool.HikariPool$PoolEntryCreator.call(HikariPool.java:731) ~[HikariCP-7.0.2.jar:na]
	at java.base/java.util.concurrent.FutureTask.run(FutureTask.java:317) ~[na:na]
	at java.base/java.util.concurrent.ThreadPoolExecutor.runWorker(ThreadPoolExecutor.java:1144) ~[na:na]
	at java.base/java.util.concurrent.ThreadPoolExecutor$Worker.run(ThreadPoolExecutor.java:642) ~[na:na]
	at java.base/java.lang.Thread.run(Thread.java:1583) ~[na:na]
Caused by: java.net.ConnectException: Connection refused: getsockopt
	at java.base/sun.nio.ch.Net.pollConnect(Native Method) ~[na:na]
	at java.base/sun.nio.ch.Net.pollConnectNow(Net.java:694) ~[na:na]
	at java.base/sun.nio.ch.NioSocketImpl.timedFinishConnect(NioSocketImpl.java:542) ~[na:na]
	at java.base/sun.nio.ch.NioSocketImpl.connect(NioSocketImpl.java:592) ~[na:na]
	at java.base/java.net.SocksSocketImpl.connect(SocksSocketImpl.java:327) ~[na:na]
	at java.base/java.net.Socket.connect(Socket.java:751) ~[na:na]
	at org.postgresql.core.PGStream.createSocket(PGStream.java:270) ~[postgresql-42.7.13.jar:42.7.13]
	at org.postgresql.core.PGStream.<init>(PGStream.java:131) ~[postgresql-42.7.13.jar:42.7.13]
	at org.postgresql.core.v3.ConnectionFactoryImpl.tryConnect(ConnectionFactoryImpl.java:221) ~[postgresql-42.7.13.jar:42.7.13]
	at org.postgresql.core.v3.ConnectionFactoryImpl.openConnectionImpl(ConnectionFactoryImpl.java:367) ~[postgresql-42.7.13.jar:42.7.13]
	... 14 common frames omitted

2026-09-11T16:45:33.558+05:00  WARN 38148 --- [nomad-games] [   scheduling-1] org.hibernate.orm.jdbc.error             : HHH000247: ErrorCode: 0, SQLState: 08001
2026-09-11T16:45:33.558+05:00  WARN 38148 --- [nomad-games] [   scheduling-1] org.hibernate.orm.jdbc.error             : HikariPool-2 - Connection is not available, request timed out after 30002ms (total=0, active=0, idle=0, waiting=0)
2026-09-11T16:45:33.558+05:00  WARN 38148 --- [nomad-games] [   scheduling-1] org.hibernate.orm.jdbc.error             : HHH000247: ErrorCode: 0, SQLState: 08001
2026-09-11T16:45:33.558+05:00  WARN 38148 --- [nomad-games] [   scheduling-1] org.hibernate.orm.jdbc.error             : HikariPool-2 - Connection is not available, request timed out after 30002ms (total=0, active=0, idle=0, waiting=0)
2026-09-11T16:45:33.559+05:00 ERROR 38148 --- [nomad-games] [   scheduling-1] o.s.s.s.TaskUtils$LoggingErrorHandler    : Unexpected error occurred in scheduled task

org.springframework.transaction.CannotCreateTransactionException: Could not open JPA EntityManager for transaction
	at org.springframework.orm.jpa.JpaTransactionManager.doBegin(JpaTransactionManager.java:457) ~[spring-orm-7.0.9.jar:7.0.9]
	at org.springframework.transaction.support.AbstractPlatformTransactionManager.startTransaction(AbstractPlatformTransactionManager.java:532) ~[spring-tx-7.0.9.jar:7.0.9]
	at org.springframework.transaction.support.AbstractPlatformTransactionManager.getTransaction(AbstractPlatformTransactionManager.java:405) ~[spring-tx-7.0.9.jar:7.0.9]
	at org.springframework.transaction.interceptor.TransactionAspectSupport.createTransactionIfNecessary(TransactionAspectSupport.java:628) ~[spring-tx-7.0.9.jar:7.0.9]
	at org.springframework.transaction.interceptor.TransactionAspectSupport.invokeWithinTransaction(TransactionAspectSupport.java:365) ~[spring-tx-7.0.9.jar:7.0.9]
	at org.springframework.transaction.interceptor.TransactionInterceptor.invoke(TransactionInterceptor.java:130) ~[spring-tx-7.0.9.jar:7.0.9]
	at org.springframework.aop.framework.ReflectiveMethodInvocation.proceed(ReflectiveMethodInvocation.java:179) ~[spring-aop-7.0.9.jar:7.0.9]
	at org.springframework.aop.framework.CglibAopProxy$DynamicAdvisedInterceptor.intercept(CglibAopProxy.java:719) ~[spring-aop-7.0.9.jar:7.0.9]
	at com.nomadgames.session.MatchService$$SpringCGLIB$$0.expireReconnectGraces(<generated>) ~[classes/:na]
	at java.base/jdk.internal.reflect.DirectMethodHandleAccessor.invoke(DirectMethodHandleAccessor.java:103) ~[na:na]
	at java.base/java.lang.reflect.Method.invoke(Method.java:580) ~[na:na]
	at org.springframework.scheduling.support.ScheduledMethodRunnable.runInternal(ScheduledMethodRunnable.java:128) ~[spring-context-7.0.9.jar:7.0.9]
	at org.springframework.scheduling.support.ScheduledMethodRunnable.lambda$run$1(ScheduledMethodRunnable.java:122) ~[spring-context-7.0.9.jar:7.0.9]
	at io.micrometer.observation.Observation.observe(Observation.java:569) ~[micrometer-observation-1.17.1.jar:1.17.1]
	at org.springframework.scheduling.support.ScheduledMethodRunnable.run(ScheduledMethodRunnable.java:122) ~[spring-context-7.0.9.jar:7.0.9]
	at org.springframework.scheduling.config.Task$OutcomeTrackingRunnable.run(Task.java:88) ~[spring-context-7.0.9.jar:7.0.9]
	at org.springframework.scheduling.support.DelegatingErrorHandlingRunnable.run(DelegatingErrorHandlingRunnable.java:54) ~[spring-context-7.0.9.jar:7.0.9]
	at java.base/java.util.concurrent.Executors$RunnableAdapter.call(Executors.java:572) ~[na:na]
	at java.base/java.util.concurrent.FutureTask.runAndReset(FutureTask.java:358) ~[na:na]
	at java.base/java.util.concurrent.ScheduledThreadPoolExecutor$ScheduledFutureTask.run(ScheduledThreadPoolExecutor.java:305) ~[na:na]
	at java.base/java.util.concurrent.ThreadPoolExecutor.runWorker(ThreadPoolExecutor.java:1144) ~[na:na]
	at java.base/java.util.concurrent.ThreadPoolExecutor$Worker.run(ThreadPoolExecutor.java:642) ~[na:na]
	at java.base/java.lang.Thread.run(Thread.java:1583) ~[na:na]
Caused by: org.hibernate.exception.JDBCConnectionException: Unable to acquire JDBC Connection [HikariPool-2 - Connection is not available, request timed out after 30002ms (total=0, active=0, idle=0, waiting=0)] [n/a]
	at org.hibernate.exception.internal.SQLExceptionTypeDelegate.convert(SQLExceptionTypeDelegate.java:49) ~[hibernate-core-7.4.5.Final.jar:7.4.5.Final]
	at org.hibernate.exception.internal.StandardSQLExceptionConverter.convert(StandardSQLExceptionConverter.java:34) ~[hibernate-core-7.4.5.Final.jar:7.4.5.Final]
	at org.hibernate.engine.jdbc.spi.SqlExceptionHelper.convert(SqlExceptionHelper.java:115) ~[hibernate-core-7.4.5.Final.jar:7.4.5.Final]
	at org.hibernate.engine.jdbc.spi.SqlExceptionHelper.convert(SqlExceptionHelper.java:101) ~[hibernate-core-7.4.5.Final.jar:7.4.5.Final]
	at org.hibernate.resource.jdbc.internal.LogicalConnectionManagedImpl.acquire(LogicalConnectionManagedImpl.java:190) ~[hibernate-core-7.4.5.Final.jar:7.4.5.Final]
	at org.hibernate.resource.jdbc.internal.LogicalConnectionManagedImpl.acquireConnectionIfNeeded(LogicalConnectionManagedImpl.java:87) ~[hibernate-core-7.4.5.Final.jar:7.4.5.Final]
	at org.hibernate.resource.jdbc.internal.LogicalConnectionManagedImpl.getPhysicalConnection(LogicalConnectionManagedImpl.java:126) ~[hibernate-core-7.4.5.Final.jar:7.4.5.Final]
	at org.hibernate.resource.jdbc.internal.LogicalConnectionManagedImpl.getConnectionForTransactionManagement(LogicalConnectionManagedImpl.java:281) ~[hibernate-core-7.4.5.Final.jar:7.4.5.Final]
	at org.hibernate.resource.jdbc.internal.LogicalConnectionManagedImpl.begin(LogicalConnectionManagedImpl.java:290) ~[hibernate-core-7.4.5.Final.jar:7.4.5.Final]
	at org.hibernate.resource.transaction.backend.jdbc.internal.JdbcResourceLocalTransactionCoordinatorImpl$TransactionDriverControlImpl.begin(JdbcResourceLocalTransactionCoordinatorImpl.java:226) ~[hibernate-core-7.4.5.Final.jar:7.4.5.Final]
	at org.hibernate.engine.transaction.internal.TransactionImpl.begin(TransactionImpl.java:75) ~[hibernate-core-7.4.5.Final.jar:7.4.5.Final]
	at org.springframework.orm.jpa.vendor.HibernateJpaDialect.beginTransaction(HibernateJpaDialect.java:147) ~[spring-orm-7.0.9.jar:7.0.9]
	at org.springframework.orm.jpa.JpaTransactionManager.doBegin(JpaTransactionManager.java:411) ~[spring-orm-7.0.9.jar:7.0.9]
	... 22 common frames omitted
Caused by: java.sql.SQLTransientConnectionException: HikariPool-2 - Connection is not available, request timed out after 30002ms (total=0, active=0, idle=0, waiting=0)
	at com.zaxxer.hikari.pool.HikariPool.createTimeoutException(HikariPool.java:714) ~[HikariCP-7.0.2.jar:na]
	at com.zaxxer.hikari.pool.HikariPool.getConnection(HikariPool.java:184) ~[HikariCP-7.0.2.jar:na]
	at com.zaxxer.hikari.pool.HikariPool.getConnection(HikariPool.java:142) ~[HikariCP-7.0.2.jar:na]
	at com.zaxxer.hikari.HikariDataSource.getConnection(HikariDataSource.java:127) ~[HikariCP-7.0.2.jar:na]
	at org.hibernate.engine.jdbc.connections.internal.DataSourceConnectionProvider.getConnection(DataSourceConnectionProvider.java:149) ~[hibernate-core-7.4.5.Final.jar:7.4.5.Final]
	at org.hibernate.internal.NonContextualJdbcConnectionAccess.obtainConnection(NonContextualJdbcConnectionAccess.java:62) ~[hibernate-core-7.4.5.Final.jar:7.4.5.Final]
	at org.hibernate.resource.jdbc.internal.LogicalConnectionManagedImpl.acquire(LogicalConnectionManagedImpl.java:187) ~[hibernate-core-7.4.5.Final.jar:7.4.5.Final]
	... 30 common frames omitted
Caused by: org.postgresql.util.PSQLException: Подключение по адресу localhost:60747 отклонено. Проверьте, что хост и порт указаны правильно и что postmaster принимает TCP/IP-соединения.
	at org.postgresql.core.v3.ConnectionFactoryImpl.openConnectionImpl(ConnectionFactoryImpl.java:427) ~[postgresql-42.7.13.jar:42.7.13]
	at org.postgresql.core.ConnectionFactory.openConnection(ConnectionFactory.java:52) ~[postgresql-42.7.13.jar:42.7.13]
	at org.postgresql.jdbc.PgConnection.<init>(PgConnection.java:295) ~[postgresql-42.7.13.jar:42.7.13]
	at org.postgresql.Driver.makeConnection(Driver.java:437) ~[postgresql-42.7.13.jar:42.7.13]
	at org.postgresql.Driver.connect(Driver.java:305) ~[postgresql-42.7.13.jar:42.7.13]
	at com.zaxxer.hikari.util.DriverDataSource.getConnection(DriverDataSource.java:144) ~[HikariCP-7.0.2.jar:na]
	at com.zaxxer.hikari.pool.PoolBase.newConnection(PoolBase.java:373) ~[HikariCP-7.0.2.jar:na]
	at com.zaxxer.hikari.pool.PoolBase.newPoolEntry(PoolBase.java:210) ~[HikariCP-7.0.2.jar:na]
	at com.zaxxer.hikari.pool.HikariPool.createPoolEntry(HikariPool.java:488) ~[HikariCP-7.0.2.jar:na]
	at com.zaxxer.hikari.pool.HikariPool$PoolEntryCreator.call(HikariPool.java:752) ~[HikariCP-7.0.2.jar:na]
	at com.zaxxer.hikari.pool.HikariPool$PoolEntryCreator.call(HikariPool.java:731) ~[HikariCP-7.0.2.jar:na]
	at java.base/java.util.concurrent.FutureTask.run(FutureTask.java:317) ~[na:na]
	... 3 common frames omitted
Caused by: java.net.ConnectException: Connection refused: getsockopt
	at java.base/sun.nio.ch.Net.pollConnect(Native Method) ~[na:na]
	at java.base/sun.nio.ch.Net.pollConnectNow(Net.java:694) ~[na:na]
	at java.base/sun.nio.ch.NioSocketImpl.timedFinishConnect(NioSocketImpl.java:542) ~[na:na]
	at java.base/sun.nio.ch.NioSocketImpl.connect(NioSocketImpl.java:592) ~[na:na]
	at java.base/java.net.SocksSocketImpl.connect(SocksSocketImpl.java:327) ~[na:na]
	at java.base/java.net.Socket.connect(Socket.java:751) ~[na:na]
	at org.postgresql.core.PGStream.createSocket(PGStream.java:270) ~[postgresql-42.7.13.jar:42.7.13]
	at org.postgresql.core.PGStream.<init>(PGStream.java:131) ~[postgresql-42.7.13.jar:42.7.13]
	at org.postgresql.core.v3.ConnectionFactoryImpl.tryConnect(ConnectionFactoryImpl.java:221) ~[postgresql-42.7.13.jar:42.7.13]
	at org.postgresql.core.v3.ConnectionFactoryImpl.openConnectionImpl(ConnectionFactoryImpl.java:367) ~[postgresql-42.7.13.jar:42.7.13]
	... 14 common frames omitted


  .   ____          _            __ _ _
 /\\ / ___'_ __ _ _(_)_ __  __ _ \ \ \ \
( ( )\___ | '_ | '_| | '_ \/ _` | \ \ \ \
 \\/  ___)| |_)| | | | | || (_| |  ) ) ) )
  '  |____| .__|_| |_|_| |_\__, | / / / /
 =========|_|==============|___/=/_/_/_/

 :: Spring Boot ::                (v4.1.1)

2026-09-11T16:45:33.587+05:00  INFO 38148 --- [nomad-games] [           main] com.nomadgames.profile.ProfileIT         : Starting ProfileIT using Java 21.0.11 with PID 38148 (started by sergei.elistratov in C:\Users\sergei.elistratov\Documents\проекты\nomad-game\backend)
2026-09-11T16:45:33.588+05:00  INFO 38148 --- [nomad-games] [           main] com.nomadgames.profile.ProfileIT         : No active profile set, falling back to 1 default profile: "default"
2026-09-11T16:45:33.873+05:00  INFO 38148 --- [nomad-games] [           main] .s.d.r.c.RepositoryConfigurationDelegate : Bootstrapping Spring Data JPA repositories in DEFAULT mode.
2026-09-11T16:45:33.920+05:00  INFO 38148 --- [nomad-games] [           main] .s.d.r.c.RepositoryConfigurationDelegate : Finished Spring Data repository scanning in 45 ms. Found 4 JPA repository interfaces.
2026-09-11T16:45:34.184+05:00  INFO 38148 --- [nomad-games] [           main] org.flywaydb.core.FlywayExecutor         : Database: jdbc:postgresql://localhost:56346/test?loggerLevel=OFF (PostgreSQL 18.6)
2026-09-11T16:45:34.214+05:00  INFO 38148 --- [nomad-games] [           main] o.f.c.i.s.JdbcTableSchemaHistory         : Schema history table "public"."flyway_schema_history" does not exist yet
2026-09-11T16:45:34.215+05:00  INFO 38148 --- [nomad-games] [           main] o.f.core.internal.command.DbValidate     : Successfully validated 9 migrations (execution time 00:00.010s)
2026-09-11T16:45:34.228+05:00  INFO 38148 --- [nomad-games] [           main] o.f.c.i.s.JdbcTableSchemaHistory         : Creating Schema History table "public"."flyway_schema_history" ...
2026-09-11T16:45:34.262+05:00  INFO 38148 --- [nomad-games] [           main] o.f.core.internal.command.DbMigrate      : Current version of schema "public": << Empty Schema >>
2026-09-11T16:45:34.267+05:00  INFO 38148 --- [nomad-games] [           main] o.f.core.internal.command.DbMigrate      : Migrating schema "public" to version "1 - identity"
2026-09-11T16:45:34.295+05:00  INFO 38148 --- [nomad-games] [           main] o.f.core.internal.command.DbMigrate      : Migrating schema "public" to version "2 - matches"
2026-09-11T16:45:34.315+05:00  INFO 38148 --- [nomad-games] [           main] o.f.core.internal.command.DbMigrate      : Migrating schema "public" to version "3 - rooms"
2026-09-11T16:45:34.336+05:00  INFO 38148 --- [nomad-games] [           main] o.f.core.internal.command.DbMigrate      : Migrating schema "public" to version "4 - match seats"
2026-09-11T16:45:34.357+05:00  INFO 38148 --- [nomad-games] [           main] o.f.core.internal.command.DbMigrate      : Migrating schema "public" to version "5 - reconnect tokens"
2026-09-11T16:45:34.376+05:00  INFO 38148 --- [nomad-games] [           main] o.f.core.internal.command.DbMigrate      : Migrating schema "public" to version "6 - room version"
2026-09-11T16:45:34.399+05:00  INFO 38148 --- [nomad-games] [           main] o.f.core.internal.command.DbMigrate      : Migrating schema "public" to version "7 - economy ledger shop"
2026-09-11T16:45:34.438+05:00  INFO 38148 --- [nomad-games] [           main] o.f.core.internal.command.DbMigrate      : Migrating schema "public" to version "8 - soft purchase sku unique"
2026-09-11T16:45:34.459+05:00  INFO 38148 --- [nomad-games] [           main] o.f.core.internal.command.DbMigrate      : Migrating schema "public" to version "9 - profile casual"
2026-09-11T16:45:34.484+05:00  INFO 38148 --- [nomad-games] [           main] o.f.core.internal.command.DbMigrate      : Successfully applied 9 migrations to schema "public", now at version v9 (execution time 00:00.089s)
2026-09-11T16:45:34.516+05:00  INFO 38148 --- [nomad-games] [           main] org.hibernate.orm.jpa                    : HHH008540: Processing PersistenceUnitInfo [name: default]
2026-09-11T16:45:34.549+05:00  INFO 38148 --- [nomad-games] [           main] o.s.o.j.p.SpringPersistenceUnitInfo      : No LoadTimeWeaver setup: ignoring JPA class transformer
2026-09-11T16:45:34.549+05:00  INFO 38148 --- [nomad-games] [           main] com.zaxxer.hikari.HikariDataSource       : HikariPool-3 - Starting...
2026-09-11T16:45:34.566+05:00  INFO 38148 --- [nomad-games] [           main] com.zaxxer.hikari.pool.HikariPool        : HikariPool-3 - Added connection org.postgresql.jdbc.PgConnection@55871d2a
2026-09-11T16:45:34.567+05:00  INFO 38148 --- [nomad-games] [           main] com.zaxxer.hikari.HikariDataSource       : HikariPool-3 - Start completed.
2026-09-11T16:45:34.578+05:00  INFO 38148 --- [nomad-games] [           main] org.hibernate.orm.connections.pooling    : HHH10001005: Database info:
	Database JDBC URL [jdbc:postgresql://localhost:56346/test?loggerLevel=OFF]
	Database driver: PostgreSQL JDBC Driver
	Database dialect: PostgreSQLDialect
	Database version: 18.6
	Default catalog/schema: test/public
	Autocommit mode: undefined/unknown
	Isolation level: READ_COMMITTED [default READ_COMMITTED]
	JDBC fetch size: none
	Pool: DataSourceConnectionProvider
	Minimum pool size: undefined/unknown
	Maximum pool size: undefined/unknown
2026-09-11T16:45:34.671+05:00  INFO 38148 --- [nomad-games] [           main] org.hibernate.orm.core                   : HHH000489: No JTA platform available (set 'hibernate.transaction.jta.platform' to enable JTA platform integration)
2026-09-11T16:45:34.694+05:00  INFO 38148 --- [nomad-games] [           main] j.LocalContainerEntityManagerFactoryBean : Initialized JPA EntityManagerFactory for persistence unit 'default'
2026-09-11T16:45:34.992+05:00  INFO 38148 --- [nomad-games] [           main] o.s.b.t.m.w.SpringBootMockServletContext : Initializing Spring TestDispatcherServlet ''
2026-09-11T16:45:34.992+05:00  INFO 38148 --- [nomad-games] [           main] o.s.t.web.servlet.TestDispatcherServlet  : Initializing Servlet ''
2026-09-11T16:45:34.996+05:00  INFO 38148 --- [nomad-games] [           main] o.s.b.a.e.web.EndpointLinksResolver      : Exposing 1 endpoint beneath base path '/actuator'
2026-09-11T16:45:35.000+05:00  INFO 38148 --- [nomad-games] [           main] o.s.t.web.servlet.TestDispatcherServlet  : Completed initialization in 8 ms
2026-09-11T16:45:35.032+05:00  INFO 38148 --- [nomad-games] [           main] com.nomadgames.profile.ProfileIT         : Started ProfileIT in 1.469 seconds (process running for 84.885)
[INFO] Tests run: 5, Failures: 0, Errors: 0, Skipped: 0, Time elapsed: 29.83 s -- in com.nomadgames.profile.ProfileIT
[INFO] Running com.nomadgames.session.CasualRematchIT
2026-09-11T16:45:36.492+05:00  INFO 38148 --- [nomad-games] [           main] tc.postgres:18                           : Creating container for image: postgres:18
2026-09-11T16:45:36.603+05:00  INFO 38148 --- [nomad-games] [           main] tc.postgres:18                           : Container postgres:18 is starting: 427532fb599cbfdc6b7d89bf5d52eafee63827e0d23d6cc3d80423bf38ade83f
2026-09-11T16:45:37.043+05:00  WARN 38148 --- [nomad-games] [   scheduling-1] com.zaxxer.hikari.pool.PoolBase          : HikariPool-3 - Failed to validate connection org.postgresql.jdbc.PgConnection@4a81879e (Соединение закрыто.). Possibly consider using a shorter maxLifetime value.
2026-09-11T16:45:37.046+05:00  WARN 38148 --- [nomad-games] [   scheduling-1] com.zaxxer.hikari.pool.PoolBase          : HikariPool-3 - Failed to validate connection org.postgresql.jdbc.PgConnection@55871d2a (Соединение закрыто.). Possibly consider using a shorter maxLifetime value.
2026-09-11T16:45:37.046+05:00  WARN 38148 --- [nomad-games] [   scheduling-1] com.zaxxer.hikari.pool.PoolBase          : HikariPool-3 - Failed to validate connection org.postgresql.jdbc.PgConnection@62c12b53 (Соединение закрыто.). Possibly consider using a shorter maxLifetime value.
2026-09-11T16:45:37.047+05:00  WARN 38148 --- [nomad-games] [   scheduling-1] com.zaxxer.hikari.pool.PoolBase          : HikariPool-3 - Failed to validate connection org.postgresql.jdbc.PgConnection@4710a530 (Соединение закрыто.). Possibly consider using a shorter maxLifetime value.
2026-09-11T16:45:37.047+05:00  WARN 38148 --- [nomad-games] [   scheduling-1] com.zaxxer.hikari.pool.PoolBase          : HikariPool-3 - Failed to validate connection org.postgresql.jdbc.PgConnection@1eb773b (Соединение закрыто.). Possibly consider using a shorter maxLifetime value.
2026-09-11T16:45:37.047+05:00  WARN 38148 --- [nomad-games] [   scheduling-1] com.zaxxer.hikari.pool.PoolBase          : HikariPool-3 - Failed to validate connection org.postgresql.jdbc.PgConnection@a482aa (Соединение закрыто.). Possibly consider using a shorter maxLifetime value.
2026-09-11T16:45:37.048+05:00  WARN 38148 --- [nomad-games] [   scheduling-1] com.zaxxer.hikari.pool.PoolBase          : HikariPool-3 - Failed to validate connection org.postgresql.jdbc.PgConnection@6bd4aa5e (Соединение закрыто.). Possibly consider using a shorter maxLifetime value.
2026-09-11T16:45:37.048+05:00  WARN 38148 --- [nomad-games] [   scheduling-1] com.zaxxer.hikari.pool.PoolBase          : HikariPool-3 - Failed to validate connection org.postgresql.jdbc.PgConnection@29afab31 (Соединение закрыто.). Possibly consider using a shorter maxLifetime value.
2026-09-11T16:45:37.050+05:00  WARN 38148 --- [nomad-games] [   scheduling-1] com.zaxxer.hikari.pool.PoolBase          : HikariPool-3 - Failed to validate connection org.postgresql.jdbc.PgConnection@73274390 (Соединение закрыто.). Possibly consider using a shorter maxLifetime value.
2026-09-11T16:45:37.050+05:00  WARN 38148 --- [nomad-games] [   scheduling-1] com.zaxxer.hikari.pool.PoolBase          : HikariPool-3 - Failed to validate connection org.postgresql.jdbc.PgConnection@57b22e8c (Соединение закрыто.). Possibly consider using a shorter maxLifetime value.
2026-09-11T16:45:37.993+05:00  INFO 38148 --- [nomad-games] [           main] tc.postgres:18                           : Container postgres:18 started in PT1.5012889S
2026-09-11T16:45:37.994+05:00  INFO 38148 --- [nomad-games] [           main] tc.postgres:18                           : Container is started (JDBC URL: jdbc:postgresql://localhost:56387/test?loggerLevel=OFF)
2026-09-11T16:46:02.974+05:00  WARN 38148 --- [nomad-games] [onnection-adder] com.zaxxer.hikari.pool.PoolBase          : HikariPool-2 - Pool is empty, failed to create/setup connection (54d0e702-645e-413d-81f6-72e92c04b697)

org.postgresql.util.PSQLException: Подключение по адресу localhost:60747 отклонено. Проверьте, что хост и порт указаны правильно и что postmaster принимает TCP/IP-соединения.
	at org.postgresql.core.v3.ConnectionFactoryImpl.openConnectionImpl(ConnectionFactoryImpl.java:427) ~[postgresql-42.7.13.jar:42.7.13]
	at org.postgresql.core.ConnectionFactory.openConnection(ConnectionFactory.java:52) ~[postgresql-42.7.13.jar:42.7.13]
	at org.postgresql.jdbc.PgConnection.<init>(PgConnection.java:295) ~[postgresql-42.7.13.jar:42.7.13]
	at org.postgresql.Driver.makeConnection(Driver.java:437) ~[postgresql-42.7.13.jar:42.7.13]
	at org.postgresql.Driver.connect(Driver.java:305) ~[postgresql-42.7.13.jar:42.7.13]
	at com.zaxxer.hikari.util.DriverDataSource.getConnection(DriverDataSource.java:144) ~[HikariCP-7.0.2.jar:na]
	at com.zaxxer.hikari.pool.PoolBase.newConnection(PoolBase.java:373) ~[HikariCP-7.0.2.jar:na]
	at com.zaxxer.hikari.pool.PoolBase.newPoolEntry(PoolBase.java:210) ~[HikariCP-7.0.2.jar:na]
	at com.zaxxer.hikari.pool.HikariPool.createPoolEntry(HikariPool.java:488) ~[HikariCP-7.0.2.jar:na]
	at com.zaxxer.hikari.pool.HikariPool$PoolEntryCreator.call(HikariPool.java:752) ~[HikariCP-7.0.2.jar:na]
	at com.zaxxer.hikari.pool.HikariPool$PoolEntryCreator.call(HikariPool.java:731) ~[HikariCP-7.0.2.jar:na]
	at java.base/java.util.concurrent.FutureTask.run(FutureTask.java:317) ~[na:na]
	at java.base/java.util.concurrent.ThreadPoolExecutor.runWorker(ThreadPoolExecutor.java:1144) ~[na:na]
	at java.base/java.util.concurrent.ThreadPoolExecutor$Worker.run(ThreadPoolExecutor.java:642) ~[na:na]
	at java.base/java.lang.Thread.run(Thread.java:1583) ~[na:na]
Caused by: java.net.ConnectException: Connection refused: getsockopt
	at java.base/sun.nio.ch.Net.pollConnect(Native Method) ~[na:na]
	at java.base/sun.nio.ch.Net.pollConnectNow(Net.java:694) ~[na:na]
	at java.base/sun.nio.ch.NioSocketImpl.timedFinishConnect(NioSocketImpl.java:542) ~[na:na]
	at java.base/sun.nio.ch.NioSocketImpl.connect(NioSocketImpl.java:592) ~[na:na]
	at java.base/java.net.SocksSocketImpl.connect(SocksSocketImpl.java:327) ~[na:na]
	at java.base/java.net.Socket.connect(Socket.java:751) ~[na:na]
	at org.postgresql.core.PGStream.createSocket(PGStream.java:270) ~[postgresql-42.7.13.jar:42.7.13]
	at org.postgresql.core.PGStream.<init>(PGStream.java:131) ~[postgresql-42.7.13.jar:42.7.13]
	at org.postgresql.core.v3.ConnectionFactoryImpl.tryConnect(ConnectionFactoryImpl.java:221) ~[postgresql-42.7.13.jar:42.7.13]
	at org.postgresql.core.v3.ConnectionFactoryImpl.openConnectionImpl(ConnectionFactoryImpl.java:367) ~[postgresql-42.7.13.jar:42.7.13]
	... 14 common frames omitted

2026-09-11T16:46:07.053+05:00  WARN 38148 --- [nomad-games] [   scheduling-1] org.hibernate.orm.jdbc.error             : HHH000247: ErrorCode: 0, SQLState: 08001
2026-09-11T16:46:07.053+05:00  WARN 38148 --- [nomad-games] [   scheduling-1] org.hibernate.orm.jdbc.error             : HikariPool-3 - Connection is not available, request timed out after 30011ms (total=0, active=0, idle=0, waiting=0)
2026-09-11T16:46:07.053+05:00  WARN 38148 --- [nomad-games] [   scheduling-1] org.hibernate.orm.jdbc.error             : HHH000247: ErrorCode: 0, SQLState: 08001
2026-09-11T16:46:07.053+05:00  WARN 38148 --- [nomad-games] [   scheduling-1] org.hibernate.orm.jdbc.error             : HikariPool-3 - Connection is not available, request timed out after 30011ms (total=0, active=0, idle=0, waiting=0)
2026-09-11T16:46:07.054+05:00 ERROR 38148 --- [nomad-games] [   scheduling-1] o.s.s.s.TaskUtils$LoggingErrorHandler    : Unexpected error occurred in scheduled task

org.springframework.transaction.CannotCreateTransactionException: Could not open JPA EntityManager for transaction
	at org.springframework.orm.jpa.JpaTransactionManager.doBegin(JpaTransactionManager.java:457) ~[spring-orm-7.0.9.jar:7.0.9]
	at org.springframework.transaction.support.AbstractPlatformTransactionManager.startTransaction(AbstractPlatformTransactionManager.java:532) ~[spring-tx-7.0.9.jar:7.0.9]
	at org.springframework.transaction.support.AbstractPlatformTransactionManager.getTransaction(AbstractPlatformTransactionManager.java:405) ~[spring-tx-7.0.9.jar:7.0.9]
	at org.springframework.transaction.interceptor.TransactionAspectSupport.createTransactionIfNecessary(TransactionAspectSupport.java:628) ~[spring-tx-7.0.9.jar:7.0.9]
	at org.springframework.transaction.interceptor.TransactionAspectSupport.invokeWithinTransaction(TransactionAspectSupport.java:365) ~[spring-tx-7.0.9.jar:7.0.9]
	at org.springframework.transaction.interceptor.TransactionInterceptor.invoke(TransactionInterceptor.java:130) ~[spring-tx-7.0.9.jar:7.0.9]
	at org.springframework.aop.framework.ReflectiveMethodInvocation.proceed(ReflectiveMethodInvocation.java:179) ~[spring-aop-7.0.9.jar:7.0.9]
	at org.springframework.aop.framework.CglibAopProxy$DynamicAdvisedInterceptor.intercept(CglibAopProxy.java:719) ~[spring-aop-7.0.9.jar:7.0.9]
	at com.nomadgames.session.MatchService$$SpringCGLIB$$0.expireReconnectGraces(<generated>) ~[classes/:na]
	at java.base/jdk.internal.reflect.DirectMethodHandleAccessor.invoke(DirectMethodHandleAccessor.java:103) ~[na:na]
	at java.base/java.lang.reflect.Method.invoke(Method.java:580) ~[na:na]
	at org.springframework.scheduling.support.ScheduledMethodRunnable.runInternal(ScheduledMethodRunnable.java:128) ~[spring-context-7.0.9.jar:7.0.9]
	at org.springframework.scheduling.support.ScheduledMethodRunnable.lambda$run$1(ScheduledMethodRunnable.java:122) ~[spring-context-7.0.9.jar:7.0.9]
	at io.micrometer.observation.Observation.observe(Observation.java:569) ~[micrometer-observation-1.17.1.jar:1.17.1]
	at org.springframework.scheduling.support.ScheduledMethodRunnable.run(ScheduledMethodRunnable.java:122) ~[spring-context-7.0.9.jar:7.0.9]
	at org.springframework.scheduling.config.Task$OutcomeTrackingRunnable.run(Task.java:88) ~[spring-context-7.0.9.jar:7.0.9]
	at org.springframework.scheduling.support.DelegatingErrorHandlingRunnable.run(DelegatingErrorHandlingRunnable.java:54) ~[spring-context-7.0.9.jar:7.0.9]
	at java.base/java.util.concurrent.Executors$RunnableAdapter.call(Executors.java:572) ~[na:na]
	at java.base/java.util.concurrent.FutureTask.runAndReset(FutureTask.java:358) ~[na:na]
	at java.base/java.util.concurrent.ScheduledThreadPoolExecutor$ScheduledFutureTask.run(ScheduledThreadPoolExecutor.java:305) ~[na:na]
	at java.base/java.util.concurrent.ThreadPoolExecutor.runWorker(ThreadPoolExecutor.java:1144) ~[na:na]
	at java.base/java.util.concurrent.ThreadPoolExecutor$Worker.run(ThreadPoolExecutor.java:642) ~[na:na]
	at java.base/java.lang.Thread.run(Thread.java:1583) ~[na:na]
Caused by: org.hibernate.exception.JDBCConnectionException: Unable to acquire JDBC Connection [HikariPool-3 - Connection is not available, request timed out after 30011ms (total=0, active=0, idle=0, waiting=0)] [n/a]
	at org.hibernate.exception.internal.SQLExceptionTypeDelegate.convert(SQLExceptionTypeDelegate.java:49) ~[hibernate-core-7.4.5.Final.jar:7.4.5.Final]
	at org.hibernate.exception.internal.StandardSQLExceptionConverter.convert(StandardSQLExceptionConverter.java:34) ~[hibernate-core-7.4.5.Final.jar:7.4.5.Final]
	at org.hibernate.engine.jdbc.spi.SqlExceptionHelper.convert(SqlExceptionHelper.java:115) ~[hibernate-core-7.4.5.Final.jar:7.4.5.Final]
	at org.hibernate.engine.jdbc.spi.SqlExceptionHelper.convert(SqlExceptionHelper.java:101) ~[hibernate-core-7.4.5.Final.jar:7.4.5.Final]
	at org.hibernate.resource.jdbc.internal.LogicalConnectionManagedImpl.acquire(LogicalConnectionManagedImpl.java:190) ~[hibernate-core-7.4.5.Final.jar:7.4.5.Final]
	at org.hibernate.resource.jdbc.internal.LogicalConnectionManagedImpl.acquireConnectionIfNeeded(LogicalConnectionManagedImpl.java:87) ~[hibernate-core-7.4.5.Final.jar:7.4.5.Final]
	at org.hibernate.resource.jdbc.internal.LogicalConnectionManagedImpl.getPhysicalConnection(LogicalConnectionManagedImpl.java:126) ~[hibernate-core-7.4.5.Final.jar:7.4.5.Final]
	at org.hibernate.resource.jdbc.internal.LogicalConnectionManagedImpl.getConnectionForTransactionManagement(LogicalConnectionManagedImpl.java:281) ~[hibernate-core-7.4.5.Final.jar:7.4.5.Final]
	at org.hibernate.resource.jdbc.internal.LogicalConnectionManagedImpl.begin(LogicalConnectionManagedImpl.java:290) ~[hibernate-core-7.4.5.Final.jar:7.4.5.Final]
	at org.hibernate.resource.transaction.backend.jdbc.internal.JdbcResourceLocalTransactionCoordinatorImpl$TransactionDriverControlImpl.begin(JdbcResourceLocalTransactionCoordinatorImpl.java:226) ~[hibernate-core-7.4.5.Final.jar:7.4.5.Final]
	at org.hibernate.engine.transaction.internal.TransactionImpl.begin(TransactionImpl.java:75) ~[hibernate-core-7.4.5.Final.jar:7.4.5.Final]
	at org.springframework.orm.jpa.vendor.HibernateJpaDialect.beginTransaction(HibernateJpaDialect.java:147) ~[spring-orm-7.0.9.jar:7.0.9]
	at org.springframework.orm.jpa.JpaTransactionManager.doBegin(JpaTransactionManager.java:411) ~[spring-orm-7.0.9.jar:7.0.9]
	... 22 common frames omitted
Caused by: java.sql.SQLTransientConnectionException: HikariPool-3 - Connection is not available, request timed out after 30011ms (total=0, active=0, idle=0, waiting=0)
	at com.zaxxer.hikari.pool.HikariPool.createTimeoutException(HikariPool.java:714) ~[HikariCP-7.0.2.jar:na]
	at com.zaxxer.hikari.pool.HikariPool.getConnection(HikariPool.java:184) ~[HikariCP-7.0.2.jar:na]
	at com.zaxxer.hikari.pool.HikariPool.getConnection(HikariPool.java:142) ~[HikariCP-7.0.2.jar:na]
	at com.zaxxer.hikari.HikariDataSource.getConnection(HikariDataSource.java:127) ~[HikariCP-7.0.2.jar:na]
	at org.hibernate.engine.jdbc.connections.internal.DataSourceConnectionProvider.getConnection(DataSourceConnectionProvider.java:149) ~[hibernate-core-7.4.5.Final.jar:7.4.5.Final]
	at org.hibernate.internal.NonContextualJdbcConnectionAccess.obtainConnection(NonContextualJdbcConnectionAccess.java:62) ~[hibernate-core-7.4.5.Final.jar:7.4.5.Final]
	at org.hibernate.resource.jdbc.internal.LogicalConnectionManagedImpl.acquire(LogicalConnectionManagedImpl.java:187) ~[hibernate-core-7.4.5.Final.jar:7.4.5.Final]
	... 30 common frames omitted
Caused by: org.postgresql.util.PSQLException: Подключение по адресу localhost:56346 отклонено. Проверьте, что хост и порт указаны правильно и что postmaster принимает TCP/IP-соединения.
	at org.postgresql.core.v3.ConnectionFactoryImpl.openConnectionImpl(ConnectionFactoryImpl.java:427) ~[postgresql-42.7.13.jar:42.7.13]
	at org.postgresql.core.ConnectionFactory.openConnection(ConnectionFactory.java:52) ~[postgresql-42.7.13.jar:42.7.13]
	at org.postgresql.jdbc.PgConnection.<init>(PgConnection.java:295) ~[postgresql-42.7.13.jar:42.7.13]
	at org.postgresql.Driver.makeConnection(Driver.java:437) ~[postgresql-42.7.13.jar:42.7.13]
	at org.postgresql.Driver.connect(Driver.java:305) ~[postgresql-42.7.13.jar:42.7.13]
	at com.zaxxer.hikari.util.DriverDataSource.getConnection(DriverDataSource.java:144) ~[HikariCP-7.0.2.jar:na]
	at com.zaxxer.hikari.pool.PoolBase.newConnection(PoolBase.java:373) ~[HikariCP-7.0.2.jar:na]
	at com.zaxxer.hikari.pool.PoolBase.newPoolEntry(PoolBase.java:210) ~[HikariCP-7.0.2.jar:na]
	at com.zaxxer.hikari.pool.HikariPool.createPoolEntry(HikariPool.java:488) ~[HikariCP-7.0.2.jar:na]
	at com.zaxxer.hikari.pool.HikariPool$PoolEntryCreator.call(HikariPool.java:752) ~[HikariCP-7.0.2.jar:na]
	at com.zaxxer.hikari.pool.HikariPool$PoolEntryCreator.call(HikariPool.java:731) ~[HikariCP-7.0.2.jar:na]
	at java.base/java.util.concurrent.FutureTask.run(FutureTask.java:317) ~[na:na]
	... 3 common frames omitted
Caused by: java.net.ConnectException: Connection refused: getsockopt
	at java.base/sun.nio.ch.Net.pollConnect(Native Method) ~[na:na]
	at java.base/sun.nio.ch.Net.pollConnectNow(Net.java:694) ~[na:na]
	at java.base/sun.nio.ch.NioSocketImpl.timedFinishConnect(NioSocketImpl.java:542) ~[na:na]
	at java.base/sun.nio.ch.NioSocketImpl.connect(NioSocketImpl.java:592) ~[na:na]
	at java.base/java.net.SocksSocketImpl.connect(SocksSocketImpl.java:327) ~[na:na]
	at java.base/java.net.Socket.connect(Socket.java:751) ~[na:na]
	at org.postgresql.core.PGStream.createSocket(PGStream.java:270) ~[postgresql-42.7.13.jar:42.7.13]
	at org.postgresql.core.PGStream.<init>(PGStream.java:131) ~[postgresql-42.7.13.jar:42.7.13]
	at org.postgresql.core.v3.ConnectionFactoryImpl.tryConnect(ConnectionFactoryImpl.java:221) ~[postgresql-42.7.13.jar:42.7.13]
	at org.postgresql.core.v3.ConnectionFactoryImpl.openConnectionImpl(ConnectionFactoryImpl.java:367) ~[postgresql-42.7.13.jar:42.7.13]
	... 14 common frames omitted


  .   ____          _            __ _ _
 /\\ / ___'_ __ _ _(_)_ __  __ _ \ \ \ \
( ( )\___ | '_ | '_| | '_ \/ _` | \ \ \ \
 \\/  ___)| |_)| | | | | || (_| |  ) ) ) )
  '  |____| .__|_| |_|_| |_\__, | / / / /
 =========|_|==============|___/=/_/_/_/

 :: Spring Boot ::                (v4.1.1)

2026-09-11T16:46:07.081+05:00  INFO 38148 --- [nomad-games] [           main] com.nomadgames.session.CasualRematchIT   : Starting CasualRematchIT using Java 21.0.11 with PID 38148 (started by sergei.elistratov in C:\Users\sergei.elistratov\Documents\проекты\nomad-game\backend)
2026-09-11T16:46:07.081+05:00  INFO 38148 --- [nomad-games] [           main] com.nomadgames.session.CasualRematchIT   : No active profile set, falling back to 1 default profile: "default"
2026-09-11T16:46:07.334+05:00  INFO 38148 --- [nomad-games] [           main] .s.d.r.c.RepositoryConfigurationDelegate : Bootstrapping Spring Data JPA repositories in DEFAULT mode.
2026-09-11T16:46:07.363+05:00  INFO 38148 --- [nomad-games] [           main] .s.d.r.c.RepositoryConfigurationDelegate : Finished Spring Data repository scanning in 28 ms. Found 4 JPA repository interfaces.
2026-09-11T16:46:07.566+05:00  INFO 38148 --- [nomad-games] [           main] org.flywaydb.core.FlywayExecutor         : Database: jdbc:postgresql://localhost:56387/test?loggerLevel=OFF (PostgreSQL 18.6)
2026-09-11T16:46:07.595+05:00  INFO 38148 --- [nomad-games] [           main] o.f.c.i.s.JdbcTableSchemaHistory         : Schema history table "public"."flyway_schema_history" does not exist yet
2026-09-11T16:46:07.596+05:00  INFO 38148 --- [nomad-games] [           main] o.f.core.internal.command.DbValidate     : Successfully validated 9 migrations (execution time 00:00.010s)
2026-09-11T16:46:07.611+05:00  INFO 38148 --- [nomad-games] [           main] o.f.c.i.s.JdbcTableSchemaHistory         : Creating Schema History table "public"."flyway_schema_history" ...
2026-09-11T16:46:07.647+05:00  INFO 38148 --- [nomad-games] [           main] o.f.core.internal.command.DbMigrate      : Current version of schema "public": << Empty Schema >>
2026-09-11T16:46:07.652+05:00  INFO 38148 --- [nomad-games] [           main] o.f.core.internal.command.DbMigrate      : Migrating schema "public" to version "1 - identity"
2026-09-11T16:46:07.681+05:00  INFO 38148 --- [nomad-games] [           main] o.f.core.internal.command.DbMigrate      : Migrating schema "public" to version "2 - matches"
2026-09-11T16:46:07.703+05:00  INFO 38148 --- [nomad-games] [           main] o.f.core.internal.command.DbMigrate      : Migrating schema "public" to version "3 - rooms"
2026-09-11T16:46:07.725+05:00  INFO 38148 --- [nomad-games] [           main] o.f.core.internal.command.DbMigrate      : Migrating schema "public" to version "4 - match seats"
2026-09-11T16:46:07.746+05:00  INFO 38148 --- [nomad-games] [           main] o.f.core.internal.command.DbMigrate      : Migrating schema "public" to version "5 - reconnect tokens"
2026-09-11T16:46:07.765+05:00  INFO 38148 --- [nomad-games] [           main] o.f.core.internal.command.DbMigrate      : Migrating schema "public" to version "6 - room version"
2026-09-11T16:46:07.787+05:00  INFO 38148 --- [nomad-games] [           main] o.f.core.internal.command.DbMigrate      : Migrating schema "public" to version "7 - economy ledger shop"
2026-09-11T16:46:07.827+05:00  INFO 38148 --- [nomad-games] [           main] o.f.core.internal.command.DbMigrate      : Migrating schema "public" to version "8 - soft purchase sku unique"
2026-09-11T16:46:07.845+05:00  INFO 38148 --- [nomad-games] [           main] o.f.core.internal.command.DbMigrate      : Migrating schema "public" to version "9 - profile casual"
2026-09-11T16:46:07.872+05:00  INFO 38148 --- [nomad-games] [           main] o.f.core.internal.command.DbMigrate      : Successfully applied 9 migrations to schema "public", now at version v9 (execution time 00:00.093s)
2026-09-11T16:46:07.906+05:00  INFO 38148 --- [nomad-games] [           main] org.hibernate.orm.jpa                    : HHH008540: Processing PersistenceUnitInfo [name: default]
2026-09-11T16:46:07.939+05:00  INFO 38148 --- [nomad-games] [           main] o.s.o.j.p.SpringPersistenceUnitInfo      : No LoadTimeWeaver setup: ignoring JPA class transformer
2026-09-11T16:46:07.940+05:00  INFO 38148 --- [nomad-games] [           main] com.zaxxer.hikari.HikariDataSource       : HikariPool-4 - Starting...
2026-09-11T16:46:07.956+05:00  INFO 38148 --- [nomad-games] [           main] com.zaxxer.hikari.pool.HikariPool        : HikariPool-4 - Added connection org.postgresql.jdbc.PgConnection@173e0562
2026-09-11T16:46:07.957+05:00  INFO 38148 --- [nomad-games] [           main] com.zaxxer.hikari.HikariDataSource       : HikariPool-4 - Start completed.
2026-09-11T16:46:07.967+05:00  INFO 38148 --- [nomad-games] [           main] org.hibernate.orm.connections.pooling    : HHH10001005: Database info:
	Database JDBC URL [jdbc:postgresql://localhost:56387/test?loggerLevel=OFF]
	Database driver: PostgreSQL JDBC Driver
	Database dialect: PostgreSQLDialect
	Database version: 18.6
	Default catalog/schema: test/public
	Autocommit mode: undefined/unknown
	Isolation level: READ_COMMITTED [default READ_COMMITTED]
	JDBC fetch size: none
	Pool: DataSourceConnectionProvider
	Minimum pool size: undefined/unknown
	Maximum pool size: undefined/unknown
2026-09-11T16:46:08.069+05:00  INFO 38148 --- [nomad-games] [           main] org.hibernate.orm.core                   : HHH000489: No JTA platform available (set 'hibernate.transaction.jta.platform' to enable JTA platform integration)
2026-09-11T16:46:08.089+05:00  INFO 38148 --- [nomad-games] [           main] j.LocalContainerEntityManagerFactoryBean : Initialized JPA EntityManagerFactory for persistence unit 'default'
2026-09-11T16:46:08.372+05:00  INFO 38148 --- [nomad-games] [           main] o.s.b.t.m.w.SpringBootMockServletContext : Initializing Spring TestDispatcherServlet ''
2026-09-11T16:46:08.372+05:00  INFO 38148 --- [nomad-games] [           main] o.s.t.web.servlet.TestDispatcherServlet  : Initializing Servlet ''
2026-09-11T16:46:08.376+05:00  INFO 38148 --- [nomad-games] [           main] o.s.b.a.e.web.EndpointLinksResolver      : Exposing 1 endpoint beneath base path '/actuator'
2026-09-11T16:46:08.381+05:00  INFO 38148 --- [nomad-games] [           main] o.s.t.web.servlet.TestDispatcherServlet  : Completed initialization in 9 ms
2026-09-11T16:46:08.412+05:00  INFO 38148 --- [nomad-games] [           main] com.nomadgames.session.CasualRematchIT   : Started CasualRematchIT in 1.354 seconds (process running for 118.265)
[INFO] Tests run: 2, Failures: 0, Errors: 0, Skipped: 0, Time elapsed: 32.92 s -- in com.nomadgames.session.CasualRematchIT
[INFO] Running com.nomadgames.session.ReconnectIT
2026-09-11T16:46:09.417+05:00  INFO 38148 --- [nomad-games] [           main] tc.postgres:18                           : Creating container for image: postgres:18
2026-09-11T16:46:09.418+05:00  WARN 38148 --- [nomad-games] [   scheduling-1] com.zaxxer.hikari.pool.PoolBase          : HikariPool-4 - Failed to validate connection org.postgresql.jdbc.PgConnection@173e0562 (Соединение закрыто.). Possibly consider using a shorter maxLifetime value.
2026-09-11T16:46:09.424+05:00  WARN 38148 --- [nomad-games] [   scheduling-1] com.zaxxer.hikari.pool.ProxyConnection   : HikariPool-4 - Connection org.postgresql.jdbc.PgConnection@1ac4f51d marked as broken because of SQLSTATE(08006), ErrorCode(0)

org.postgresql.util.PSQLException: Ошибка ввода/вывода при отправке бэкенду.
	at org.postgresql.core.v3.QueryExecutorImpl.execute(QueryExecutorImpl.java:474) ~[postgresql-42.7.13.jar:42.7.13]
	at org.postgresql.jdbc.PgStatement.executeInternal(PgStatement.java:533) ~[postgresql-42.7.13.jar:42.7.13]
	at org.postgresql.jdbc.PgStatement.execute(PgStatement.java:449) ~[postgresql-42.7.13.jar:42.7.13]
	at org.postgresql.jdbc.PgPreparedStatement.executeWithFlags(PgPreparedStatement.java:197) ~[postgresql-42.7.13.jar:42.7.13]
	at org.postgresql.jdbc.PgPreparedStatement.executeQuery(PgPreparedStatement.java:140) ~[postgresql-42.7.13.jar:42.7.13]
	at com.zaxxer.hikari.pool.ProxyPreparedStatement.executeQuery(ProxyPreparedStatement.java:52) ~[HikariCP-7.0.2.jar:na]
	at com.zaxxer.hikari.pool.HikariProxyPreparedStatement.executeQuery(HikariProxyPreparedStatement.java) ~[HikariCP-7.0.2.jar:na]
	at org.hibernate.sql.results.jdbc.internal.DeferredResultSetAccess.executeQuery(DeferredResultSetAccess.java:269) ~[hibernate-core-7.4.5.Final.jar:7.4.5.Final]
	at org.hibernate.sql.results.jdbc.internal.DeferredResultSetAccess.getResultSet(DeferredResultSetAccess.java:188) ~[hibernate-core-7.4.5.Final.jar:7.4.5.Final]
	at org.hibernate.sql.results.jdbc.internal.JdbcValuesResultSetImpl.<init>(JdbcValuesResultSetImpl.java:71) ~[hibernate-core-7.4.5.Final.jar:7.4.5.Final]
	at org.hibernate.sql.exec.internal.JdbcSelectExecutorStandardImpl.resolveJdbcValues(JdbcSelectExecutorStandardImpl.java:422) ~[hibernate-core-7.4.5.Final.jar:7.4.5.Final]
	at org.hibernate.sql.exec.internal.JdbcSelectExecutorStandardImpl.resolveJdbcValuesSource(JdbcSelectExecutorStandardImpl.java:349) ~[hibernate-core-7.4.5.Final.jar:7.4.5.Final]
	at org.hibernate.sql.exec.internal.JdbcSelectExecutorStandardImpl.doExecuteQuery(JdbcSelectExecutorStandardImpl.java:143) ~[hibernate-core-7.4.5.Final.jar:7.4.5.Final]
	at org.hibernate.sql.exec.internal.JdbcSelectExecutorStandardImpl.executeQuery(JdbcSelectExecutorStandardImpl.java:100) ~[hibernate-core-7.4.5.Final.jar:7.4.5.Final]
	at org.hibernate.sql.exec.spi.JdbcSelectExecutor.executeQuery(JdbcSelectExecutor.java:63) ~[hibernate-core-7.4.5.Final.jar:7.4.5.Final]
	at org.hibernate.sql.exec.spi.JdbcSelectExecutor.list(JdbcSelectExecutor.java:137) ~[hibernate-core-7.4.5.Final.jar:7.4.5.Final]
	at org.hibernate.query.sqm.internal.ConcreteSqmSelectQueryPlan.lambda$new$1(ConcreteSqmSelectQueryPlan.java:136) ~[hibernate-core-7.4.5.Final.jar:7.4.5.Final]
	at org.hibernate.query.sqm.internal.ConcreteSqmSelectQueryPlan.withCacheableSqmInterpretation(ConcreteSqmSelectQueryPlan.java:484) ~[hibernate-core-7.4.5.Final.jar:7.4.5.Final]
	at org.hibernate.query.sqm.internal.ConcreteSqmSelectQueryPlan.performList(ConcreteSqmSelectQueryPlan.java:411) ~[hibernate-core-7.4.5.Final.jar:7.4.5.Final]
	at org.hibernate.query.sqm.internal.SqmQueryImpl.doList(SqmQueryImpl.java:379) ~[hibernate-core-7.4.5.Final.jar:7.4.5.Final]
	at org.hibernate.query.spi.AbstractSelectionQuery.list(AbstractSelectionQuery.java:153) ~[hibernate-core-7.4.5.Final.jar:7.4.5.Final]
	at org.hibernate.query.Query.getResultList(Query.java:121) ~[hibernate-core-7.4.5.Final.jar:7.4.5.Final]
	at org.springframework.data.jpa.repository.query.JpaQueryExecution$CollectionExecution.doExecute(JpaQueryExecution.java:141) ~[spring-data-jpa-4.1.1.jar:4.1.1]
	at org.springframework.data.jpa.repository.query.JpaQueryExecution.execute(JpaQueryExecution.java:100) ~[spring-data-jpa-4.1.1.jar:4.1.1]
	at org.springframework.data.jpa.repository.query.AbstractJpaQuery.doExecute(AbstractJpaQuery.java:166) ~[spring-data-jpa-4.1.1.jar:4.1.1]
	at org.springframework.data.jpa.repository.query.AbstractJpaQuery.execute(AbstractJpaQuery.java:156) ~[spring-data-jpa-4.1.1.jar:4.1.1]
	at org.springframework.data.repository.core.support.RepositoryMethodInvoker.doInvoke(RepositoryMethodInvoker.java:169) ~[spring-data-commons-4.1.1.jar:4.1.1]
	at org.springframework.data.repository.core.support.RepositoryMethodInvoker.invoke(RepositoryMethodInvoker.java:158) ~[spring-data-commons-4.1.1.jar:4.1.1]
	at org.springframework.data.repository.core.support.QueryExecutorMethodInterceptor.doInvoke(QueryExecutorMethodInterceptor.java:167) ~[spring-data-commons-4.1.1.jar:4.1.1]
	at org.springframework.data.repository.core.support.QueryExecutorMethodInterceptor.invoke(QueryExecutorMethodInterceptor.java:146) ~[spring-data-commons-4.1.1.jar:4.1.1]
	at org.springframework.aop.framework.ReflectiveMethodInvocation.proceed(ReflectiveMethodInvocation.java:179) ~[spring-aop-7.0.9.jar:7.0.9]
	at org.springframework.data.projection.DefaultMethodInvokingMethodInterceptor.invoke(DefaultMethodInvokingMethodInterceptor.java:69) ~[spring-data-commons-4.1.1.jar:4.1.1]
	at org.springframework.aop.framework.ReflectiveMethodInvocation.proceed(ReflectiveMethodInvocation.java:179) ~[spring-aop-7.0.9.jar:7.0.9]
	at org.springframework.transaction.interceptor.TransactionInterceptor$1.proceedWithInvocation(TransactionInterceptor.java:133) ~[spring-tx-7.0.9.jar:7.0.9]
	at org.springframework.transaction.interceptor.TransactionAspectSupport.invokeWithinTransaction(TransactionAspectSupport.java:371) ~[spring-tx-7.0.9.jar:7.0.9]
	at org.springframework.transaction.interceptor.TransactionInterceptor.invoke(TransactionInterceptor.java:130) ~[spring-tx-7.0.9.jar:7.0.9]
	at org.springframework.aop.framework.ReflectiveMethodInvocation.proceed(ReflectiveMethodInvocation.java:179) ~[spring-aop-7.0.9.jar:7.0.9]
	at org.springframework.dao.support.PersistenceExceptionTranslationInterceptor.invoke(PersistenceExceptionTranslationInterceptor.java:135) ~[spring-tx-7.0.9.jar:7.0.9]
	at org.springframework.aop.framework.ReflectiveMethodInvocation.proceed(ReflectiveMethodInvocation.java:179) ~[spring-aop-7.0.9.jar:7.0.9]
	at org.springframework.data.jpa.repository.support.CrudMethodMetadataPostProcessor$CrudMethodMetadataPopulatingMethodInterceptor.invoke(CrudMethodMetadataPostProcessor.java:137) ~[spring-data-jpa-4.1.1.jar:4.1.1]
	at org.springframework.aop.framework.ReflectiveMethodInvocation.proceed(ReflectiveMethodInvocation.java:179) ~[spring-aop-7.0.9.jar:7.0.9]
	at org.springframework.aop.framework.JdkDynamicAopProxy.invoke(JdkDynamicAopProxy.java:222) ~[spring-aop-7.0.9.jar:7.0.9]
	at jdk.proxy2/jdk.proxy2.$Proxy202.findByStatusAndIdleExpiresAtBefore(Unknown Source) ~[na:na]
	at com.nomadgames.matchmaking.RoomService.lambda$closeExpiredLobbies$7(RoomService.java:151) ~[classes/:na]
	at org.springframework.transaction.support.TransactionTemplate.execute(TransactionTemplate.java:137) ~[spring-tx-7.0.9.jar:7.0.9]
	at com.nomadgames.matchmaking.RoomService.closeExpiredLobbies(RoomService.java:150) ~[classes/:na]
	at java.base/jdk.internal.reflect.DirectMethodHandleAccessor.invoke(DirectMethodHandleAccessor.java:103) ~[na:na]
	at java.base/java.lang.reflect.Method.invoke(Method.java:580) ~[na:na]
	at org.springframework.scheduling.support.ScheduledMethodRunnable.runInternal(ScheduledMethodRunnable.java:128) ~[spring-context-7.0.9.jar:7.0.9]
	at org.springframework.scheduling.support.ScheduledMethodRunnable.lambda$run$1(ScheduledMethodRunnable.java:122) ~[spring-context-7.0.9.jar:7.0.9]
	at io.micrometer.observation.Observation.observe(Observation.java:569) ~[micrometer-observation-1.17.1.jar:1.17.1]
	at org.springframework.scheduling.support.ScheduledMethodRunnable.run(ScheduledMethodRunnable.java:122) ~[spring-context-7.0.9.jar:7.0.9]
	at org.springframework.scheduling.config.Task$OutcomeTrackingRunnable.run(Task.java:88) ~[spring-context-7.0.9.jar:7.0.9]
	at org.springframework.scheduling.support.DelegatingErrorHandlingRunnable.run(DelegatingErrorHandlingRunnable.java:54) ~[spring-context-7.0.9.jar:7.0.9]
	at java.base/java.util.concurrent.Executors$RunnableAdapter.call(Executors.java:572) ~[na:na]
	at java.base/java.util.concurrent.FutureTask.runAndReset(FutureTask.java:358) ~[na:na]
	at java.base/java.util.concurrent.ScheduledThreadPoolExecutor$ScheduledFutureTask.run(ScheduledThreadPoolExecutor.java:305) ~[na:na]
	at java.base/java.util.concurrent.ThreadPoolExecutor.runWorker(ThreadPoolExecutor.java:1144) ~[na:na]
	at java.base/java.util.concurrent.ThreadPoolExecutor$Worker.run(ThreadPoolExecutor.java:642) ~[na:na]
	at java.base/java.lang.Thread.run(Thread.java:1583) ~[na:na]
Caused by: java.net.SocketException: Программа на вашем хост-компьютере разорвала установленное подключение
	at java.base/sun.nio.ch.SocketDispatcher.read0(Native Method) ~[na:na]
	at java.base/sun.nio.ch.SocketDispatcher.read(SocketDispatcher.java:47) ~[na:na]
	at java.base/sun.nio.ch.NioSocketImpl.tryRead(NioSocketImpl.java:256) ~[na:na]
	at java.base/sun.nio.ch.NioSocketImpl.implRead(NioSocketImpl.java:307) ~[na:na]
	at java.base/sun.nio.ch.NioSocketImpl.read(NioSocketImpl.java:346) ~[na:na]
	at java.base/sun.nio.ch.NioSocketImpl$1.read(NioSocketImpl.java:796) ~[na:na]
	at java.base/java.net.Socket$SocketInputStream.read(Socket.java:1099) ~[na:na]
	at org.postgresql.core.VisibleBufferedInputStream.readMore(VisibleBufferedInputStream.java:192) ~[postgresql-42.7.13.jar:42.7.13]
	at org.postgresql.core.VisibleBufferedInputStream.ensureBytes(VisibleBufferedInputStream.java:159) ~[postgresql-42.7.13.jar:42.7.13]
	at org.postgresql.core.VisibleBufferedInputStream.ensureBytes(VisibleBufferedInputStream.java:144) ~[postgresql-42.7.13.jar:42.7.13]
	at org.postgresql.core.VisibleBufferedInputStream.read(VisibleBufferedInputStream.java:76) ~[postgresql-42.7.13.jar:42.7.13]
	at org.postgresql.core.PGStream.receiveChar(PGStream.java:480) ~[postgresql-42.7.13.jar:42.7.13]
	at org.postgresql.core.v3.QueryExecutorImpl.processResults(QueryExecutorImpl.java:2383) ~[postgresql-42.7.13.jar:42.7.13]
	at org.postgresql.core.v3.QueryExecutorImpl.execute(QueryExecutorImpl.java:446) ~[postgresql-42.7.13.jar:42.7.13]
	... 59 common frames omitted

2026-09-11T16:46:09.427+05:00  WARN 38148 --- [nomad-games] [   scheduling-1] org.hibernate.orm.jdbc.error             : HHH000247: ErrorCode: 0, SQLState: 08006
2026-09-11T16:46:09.427+05:00  WARN 38148 --- [nomad-games] [   scheduling-1] org.hibernate.orm.jdbc.error             : Ошибка ввода/вывода при отправке бэкенду.
2026-09-11T16:46:09.429+05:00 ERROR 38148 --- [nomad-games] [   scheduling-1] o.s.t.support.TransactionTemplate        : Application exception overridden by rollback exception

org.springframework.dao.DataAccessResourceFailureException: JDBC exception executing SQL [Ошибка ввода/вывода при отправке бэкенду.] [select re1_0.id,re1_0.code,re1_0.created_at,re1_0.host_id,re1_0.host_ready,re1_0.idle_expires_at,re1_0.joiner_id,re1_0.joiner_ready,re1_0.match_id,re1_0.status,re1_0.version from rooms re1_0 where re1_0.status=? and re1_0.idle_expires_at<?]
	at org.springframework.orm.jpa.hibernate.HibernateExceptionTranslator.convertHibernateAccessException(HibernateExceptionTranslator.java:153) ~[spring-orm-7.0.9.jar:7.0.9]
	at org.springframework.orm.jpa.hibernate.HibernateExceptionTranslator.convertHibernateAccessException(HibernateExceptionTranslator.java:131) ~[spring-orm-7.0.9.jar:7.0.9]
	at org.springframework.orm.jpa.hibernate.HibernateExceptionTranslator.translateExceptionIfPossible(HibernateExceptionTranslator.java:105) ~[spring-orm-7.0.9.jar:7.0.9]
	at org.springframework.orm.jpa.vendor.HibernateJpaDialect.translateExceptionIfPossible(HibernateJpaDialect.java:223) ~[spring-orm-7.0.9.jar:7.0.9]
	at org.springframework.orm.jpa.AbstractEntityManagerFactoryBean.translateExceptionIfPossible(AbstractEntityManagerFactoryBean.java:577) ~[spring-orm-7.0.9.jar:7.0.9]
	at org.springframework.dao.support.ChainedPersistenceExceptionTranslator.translateExceptionIfPossible(ChainedPersistenceExceptionTranslator.java:61) ~[spring-tx-7.0.9.jar:7.0.9]
	at org.springframework.dao.support.DataAccessUtils.translateIfNecessary(DataAccessUtils.java:346) ~[spring-tx-7.0.9.jar:7.0.9]
	at org.springframework.dao.support.PersistenceExceptionTranslationInterceptor.invoke(PersistenceExceptionTranslationInterceptor.java:157) ~[spring-tx-7.0.9.jar:7.0.9]
	at org.springframework.aop.framework.ReflectiveMethodInvocation.proceed(ReflectiveMethodInvocation.java:179) ~[spring-aop-7.0.9.jar:7.0.9]
	at org.springframework.data.jpa.repository.support.CrudMethodMetadataPostProcessor$CrudMethodMetadataPopulatingMethodInterceptor.invoke(CrudMethodMetadataPostProcessor.java:137) ~[spring-data-jpa-4.1.1.jar:4.1.1]
	at org.springframework.aop.framework.ReflectiveMethodInvocation.proceed(ReflectiveMethodInvocation.java:179) ~[spring-aop-7.0.9.jar:7.0.9]
	at org.springframework.aop.framework.JdkDynamicAopProxy.invoke(JdkDynamicAopProxy.java:222) ~[spring-aop-7.0.9.jar:7.0.9]
	at jdk.proxy2/jdk.proxy2.$Proxy202.findByStatusAndIdleExpiresAtBefore(Unknown Source) ~[na:na]
	at com.nomadgames.matchmaking.RoomService.lambda$closeExpiredLobbies$7(RoomService.java:151) ~[classes/:na]
	at org.springframework.transaction.support.TransactionTemplate.execute(TransactionTemplate.java:137) ~[spring-tx-7.0.9.jar:7.0.9]
	at com.nomadgames.matchmaking.RoomService.closeExpiredLobbies(RoomService.java:150) ~[classes/:na]
	at java.base/jdk.internal.reflect.DirectMethodHandleAccessor.invoke(DirectMethodHandleAccessor.java:103) ~[na:na]
	at java.base/java.lang.reflect.Method.invoke(Method.java:580) ~[na:na]
	at org.springframework.scheduling.support.ScheduledMethodRunnable.runInternal(ScheduledMethodRunnable.java:128) ~[spring-context-7.0.9.jar:7.0.9]
	at org.springframework.scheduling.support.ScheduledMethodRunnable.lambda$run$1(ScheduledMethodRunnable.java:122) ~[spring-context-7.0.9.jar:7.0.9]
	at io.micrometer.observation.Observation.observe(Observation.java:569) ~[micrometer-observation-1.17.1.jar:1.17.1]
	at org.springframework.scheduling.support.ScheduledMethodRunnable.run(ScheduledMethodRunnable.java:122) ~[spring-context-7.0.9.jar:7.0.9]
	at org.springframework.scheduling.config.Task$OutcomeTrackingRunnable.run(Task.java:88) ~[spring-context-7.0.9.jar:7.0.9]
	at org.springframework.scheduling.support.DelegatingErrorHandlingRunnable.run(DelegatingErrorHandlingRunnable.java:54) ~[spring-context-7.0.9.jar:7.0.9]
	at java.base/java.util.concurrent.Executors$RunnableAdapter.call(Executors.java:572) ~[na:na]
	at java.base/java.util.concurrent.FutureTask.runAndReset(FutureTask.java:358) ~[na:na]
	at java.base/java.util.concurrent.ScheduledThreadPoolExecutor$ScheduledFutureTask.run(ScheduledThreadPoolExecutor.java:305) ~[na:na]
	at java.base/java.util.concurrent.ThreadPoolExecutor.runWorker(ThreadPoolExecutor.java:1144) ~[na:na]
	at java.base/java.util.concurrent.ThreadPoolExecutor$Worker.run(ThreadPoolExecutor.java:642) ~[na:na]
	at java.base/java.lang.Thread.run(Thread.java:1583) ~[na:na]
Caused by: org.hibernate.exception.JDBCConnectionException: JDBC exception executing SQL [Ошибка ввода/вывода при отправке бэкенду.] [select re1_0.id,re1_0.code,re1_0.created_at,re1_0.host_id,re1_0.host_ready,re1_0.idle_expires_at,re1_0.joiner_id,re1_0.joiner_ready,re1_0.match_id,re1_0.status,re1_0.version from rooms re1_0 where re1_0.status=? and re1_0.idle_expires_at<?]
	at org.hibernate.exception.internal.SQLStateConversionDelegate.convert(SQLStateConversionDelegate.java:80) ~[hibernate-core-7.4.5.Final.jar:7.4.5.Final]
	at org.hibernate.exception.internal.StandardSQLExceptionConverter.convert(StandardSQLExceptionConverter.java:34) ~[hibernate-core-7.4.5.Final.jar:7.4.5.Final]
	at org.hibernate.engine.jdbc.spi.SqlExceptionHelper.convert(SqlExceptionHelper.java:115) ~[hibernate-core-7.4.5.Final.jar:7.4.5.Final]
	at org.hibernate.sql.results.jdbc.internal.DeferredResultSetAccess.executeQuery(DeferredResultSetAccess.java:292) ~[hibernate-core-7.4.5.Final.jar:7.4.5.Final]
	at org.hibernate.sql.results.jdbc.internal.DeferredResultSetAccess.getResultSet(DeferredResultSetAccess.java:188) ~[hibernate-core-7.4.5.Final.jar:7.4.5.Final]
	at org.hibernate.sql.results.jdbc.internal.JdbcValuesResultSetImpl.<init>(JdbcValuesResultSetImpl.java:71) ~[hibernate-core-7.4.5.Final.jar:7.4.5.Final]
	at org.hibernate.sql.exec.internal.JdbcSelectExecutorStandardImpl.resolveJdbcValues(JdbcSelectExecutorStandardImpl.java:422) ~[hibernate-core-7.4.5.Final.jar:7.4.5.Final]
	at org.hibernate.sql.exec.internal.JdbcSelectExecutorStandardImpl.resolveJdbcValuesSource(JdbcSelectExecutorStandardImpl.java:349) ~[hibernate-core-7.4.5.Final.jar:7.4.5.Final]
	at org.hibernate.sql.exec.internal.JdbcSelectExecutorStandardImpl.doExecuteQuery(JdbcSelectExecutorStandardImpl.java:143) ~[hibernate-core-7.4.5.Final.jar:7.4.5.Final]
	at org.hibernate.sql.exec.internal.JdbcSelectExecutorStandardImpl.executeQuery(JdbcSelectExecutorStandardImpl.java:100) ~[hibernate-core-7.4.5.Final.jar:7.4.5.Final]
	at org.hibernate.sql.exec.spi.JdbcSelectExecutor.executeQuery(JdbcSelectExecutor.java:63) ~[hibernate-core-7.4.5.Final.jar:7.4.5.Final]
	at org.hibernate.sql.exec.spi.JdbcSelectExecutor.list(JdbcSelectExecutor.java:137) ~[hibernate-core-7.4.5.Final.jar:7.4.5.Final]
	at org.hibernate.query.sqm.internal.ConcreteSqmSelectQueryPlan.lambda$new$1(ConcreteSqmSelectQueryPlan.java:136) ~[hibernate-core-7.4.5.Final.jar:7.4.5.Final]
	at org.hibernate.query.sqm.internal.ConcreteSqmSelectQueryPlan.withCacheableSqmInterpretation(ConcreteSqmSelectQueryPlan.java:484) ~[hibernate-core-7.4.5.Final.jar:7.4.5.Final]
	at org.hibernate.query.sqm.internal.ConcreteSqmSelectQueryPlan.performList(ConcreteSqmSelectQueryPlan.java:411) ~[hibernate-core-7.4.5.Final.jar:7.4.5.Final]
	at org.hibernate.query.sqm.internal.SqmQueryImpl.doList(SqmQueryImpl.java:379) ~[hibernate-core-7.4.5.Final.jar:7.4.5.Final]
	at org.hibernate.query.spi.AbstractSelectionQuery.list(AbstractSelectionQuery.java:153) ~[hibernate-core-7.4.5.Final.jar:7.4.5.Final]
	at org.hibernate.query.Query.getResultList(Query.java:121) ~[hibernate-core-7.4.5.Final.jar:7.4.5.Final]
	at org.springframework.data.jpa.repository.query.JpaQueryExecution$CollectionExecution.doExecute(JpaQueryExecution.java:141) ~[spring-data-jpa-4.1.1.jar:4.1.1]
	at org.springframework.data.jpa.repository.query.JpaQueryExecution.execute(JpaQueryExecution.java:100) ~[spring-data-jpa-4.1.1.jar:4.1.1]
	at org.springframework.data.jpa.repository.query.AbstractJpaQuery.doExecute(AbstractJpaQuery.java:166) ~[spring-data-jpa-4.1.1.jar:4.1.1]
	at org.springframework.data.jpa.repository.query.AbstractJpaQuery.execute(AbstractJpaQuery.java:156) ~[spring-data-jpa-4.1.1.jar:4.1.1]
	at org.springframework.data.repository.core.support.RepositoryMethodInvoker.doInvoke(RepositoryMethodInvoker.java:169) ~[spring-data-commons-4.1.1.jar:4.1.1]
	at org.springframework.data.repository.core.support.RepositoryMethodInvoker.invoke(RepositoryMethodInvoker.java:158) ~[spring-data-commons-4.1.1.jar:4.1.1]
	at org.springframework.data.repository.core.support.QueryExecutorMethodInterceptor.doInvoke(QueryExecutorMethodInterceptor.java:167) ~[spring-data-commons-4.1.1.jar:4.1.1]
	at org.springframework.data.repository.core.support.QueryExecutorMethodInterceptor.invoke(QueryExecutorMethodInterceptor.java:146) ~[spring-data-commons-4.1.1.jar:4.1.1]
	at org.springframework.aop.framework.ReflectiveMethodInvocation.proceed(ReflectiveMethodInvocation.java:179) ~[spring-aop-7.0.9.jar:7.0.9]
	at org.springframework.data.projection.DefaultMethodInvokingMethodInterceptor.invoke(DefaultMethodInvokingMethodInterceptor.java:69) ~[spring-data-commons-4.1.1.jar:4.1.1]
	at org.springframework.aop.framework.ReflectiveMethodInvocation.proceed(ReflectiveMethodInvocation.java:179) ~[spring-aop-7.0.9.jar:7.0.9]
	at org.springframework.transaction.interceptor.TransactionInterceptor$1.proceedWithInvocation(TransactionInterceptor.java:133) ~[spring-tx-7.0.9.jar:7.0.9]
	at org.springframework.transaction.interceptor.TransactionAspectSupport.invokeWithinTransaction(TransactionAspectSupport.java:371) ~[spring-tx-7.0.9.jar:7.0.9]
	at org.springframework.transaction.interceptor.TransactionInterceptor.invoke(TransactionInterceptor.java:130) ~[spring-tx-7.0.9.jar:7.0.9]
	at org.springframework.aop.framework.ReflectiveMethodInvocation.proceed(ReflectiveMethodInvocation.java:179) ~[spring-aop-7.0.9.jar:7.0.9]
	at org.springframework.dao.support.PersistenceExceptionTranslationInterceptor.invoke(PersistenceExceptionTranslationInterceptor.java:135) ~[spring-tx-7.0.9.jar:7.0.9]
	... 22 common frames omitted
Caused by: org.postgresql.util.PSQLException: Ошибка ввода/вывода при отправке бэкенду.
	at org.postgresql.core.v3.QueryExecutorImpl.execute(QueryExecutorImpl.java:474) ~[postgresql-42.7.13.jar:42.7.13]
	at org.postgresql.jdbc.PgStatement.executeInternal(PgStatement.java:533) ~[postgresql-42.7.13.jar:42.7.13]
	at org.postgresql.jdbc.PgStatement.execute(PgStatement.java:449) ~[postgresql-42.7.13.jar:42.7.13]
	at org.postgresql.jdbc.PgPreparedStatement.executeWithFlags(PgPreparedStatement.java:197) ~[postgresql-42.7.13.jar:42.7.13]
	at org.postgresql.jdbc.PgPreparedStatement.executeQuery(PgPreparedStatement.java:140) ~[postgresql-42.7.13.jar:42.7.13]
	at com.zaxxer.hikari.pool.ProxyPreparedStatement.executeQuery(ProxyPreparedStatement.java:52) ~[HikariCP-7.0.2.jar:na]
	at com.zaxxer.hikari.pool.HikariProxyPreparedStatement.executeQuery(HikariProxyPreparedStatement.java) ~[HikariCP-7.0.2.jar:na]
	at org.hibernate.sql.results.jdbc.internal.DeferredResultSetAccess.executeQuery(DeferredResultSetAccess.java:269) ~[hibernate-core-7.4.5.Final.jar:7.4.5.Final]
	... 52 common frames omitted
Caused by: java.net.SocketException: Программа на вашем хост-компьютере разорвала установленное подключение
	at java.base/sun.nio.ch.SocketDispatcher.read0(Native Method) ~[na:na]
	at java.base/sun.nio.ch.SocketDispatcher.read(SocketDispatcher.java:47) ~[na:na]
	at java.base/sun.nio.ch.NioSocketImpl.tryRead(NioSocketImpl.java:256) ~[na:na]
	at java.base/sun.nio.ch.NioSocketImpl.implRead(NioSocketImpl.java:307) ~[na:na]
	at java.base/sun.nio.ch.NioSocketImpl.read(NioSocketImpl.java:346) ~[na:na]
	at java.base/sun.nio.ch.NioSocketImpl$1.read(NioSocketImpl.java:796) ~[na:na]
	at java.base/java.net.Socket$SocketInputStream.read(Socket.java:1099) ~[na:na]
	at org.postgresql.core.VisibleBufferedInputStream.readMore(VisibleBufferedInputStream.java:192) ~[postgresql-42.7.13.jar:42.7.13]
	at org.postgresql.core.VisibleBufferedInputStream.ensureBytes(VisibleBufferedInputStream.java:159) ~[postgresql-42.7.13.jar:42.7.13]
	at org.postgresql.core.VisibleBufferedInputStream.ensureBytes(VisibleBufferedInputStream.java:144) ~[postgresql-42.7.13.jar:42.7.13]
	at org.postgresql.core.VisibleBufferedInputStream.read(VisibleBufferedInputStream.java:76) ~[postgresql-42.7.13.jar:42.7.13]
	at org.postgresql.core.PGStream.receiveChar(PGStream.java:480) ~[postgresql-42.7.13.jar:42.7.13]
	at org.postgresql.core.v3.QueryExecutorImpl.processResults(QueryExecutorImpl.java:2383) ~[postgresql-42.7.13.jar:42.7.13]
	at org.postgresql.core.v3.QueryExecutorImpl.execute(QueryExecutorImpl.java:446) ~[postgresql-42.7.13.jar:42.7.13]
	... 59 common frames omitted

2026-09-11T16:46:09.431+05:00 ERROR 38148 --- [nomad-games] [   scheduling-1] o.s.s.s.TaskUtils$LoggingErrorHandler    : Unexpected error occurred in scheduled task

org.springframework.orm.jpa.JpaSystemException: Unable to rollback against JDBC Connection
	at org.springframework.orm.jpa.hibernate.HibernateExceptionTranslator.convertHibernateAccessException(HibernateExceptionTranslator.java:223) ~[spring-orm-7.0.9.jar:7.0.9]
	at org.springframework.orm.jpa.hibernate.HibernateExceptionTranslator.convertHibernateAccessException(HibernateExceptionTranslator.java:131) ~[spring-orm-7.0.9.jar:7.0.9]
	at org.springframework.orm.jpa.hibernate.HibernateExceptionTranslator.translateExceptionIfPossible(HibernateExceptionTranslator.java:105) ~[spring-orm-7.0.9.jar:7.0.9]
	at org.springframework.orm.jpa.vendor.HibernateJpaDialect.translateExceptionIfPossible(HibernateJpaDialect.java:223) ~[spring-orm-7.0.9.jar:7.0.9]
	at org.springframework.orm.jpa.JpaTransactionManager.doRollback(JpaTransactionManager.java:583) ~[spring-orm-7.0.9.jar:7.0.9]
	at org.springframework.transaction.support.AbstractPlatformTransactionManager.processRollback(AbstractPlatformTransactionManager.java:896) ~[spring-tx-7.0.9.jar:7.0.9]
	at org.springframework.transaction.support.AbstractPlatformTransactionManager.rollback(AbstractPlatformTransactionManager.java:865) ~[spring-tx-7.0.9.jar:7.0.9]
	at org.springframework.transaction.support.TransactionTemplate.rollbackOnException(TransactionTemplate.java:165) ~[spring-tx-7.0.9.jar:7.0.9]
	at org.springframework.transaction.support.TransactionTemplate.execute(TransactionTemplate.java:141) ~[spring-tx-7.0.9.jar:7.0.9]
	at com.nomadgames.matchmaking.RoomService.closeExpiredLobbies(RoomService.java:150) ~[classes/:na]
	at java.base/jdk.internal.reflect.DirectMethodHandleAccessor.invoke(DirectMethodHandleAccessor.java:103) ~[na:na]
	at java.base/java.lang.reflect.Method.invoke(Method.java:580) ~[na:na]
	at org.springframework.scheduling.support.ScheduledMethodRunnable.runInternal(ScheduledMethodRunnable.java:128) ~[spring-context-7.0.9.jar:7.0.9]
	at org.springframework.scheduling.support.ScheduledMethodRunnable.lambda$run$1(ScheduledMethodRunnable.java:122) ~[spring-context-7.0.9.jar:7.0.9]
	at io.micrometer.observation.Observation.observe(Observation.java:569) ~[micrometer-observation-1.17.1.jar:1.17.1]
	at org.springframework.scheduling.support.ScheduledMethodRunnable.run(ScheduledMethodRunnable.java:122) ~[spring-context-7.0.9.jar:7.0.9]
	at org.springframework.scheduling.config.Task$OutcomeTrackingRunnable.run(Task.java:88) ~[spring-context-7.0.9.jar:7.0.9]
	at org.springframework.scheduling.support.DelegatingErrorHandlingRunnable.run(DelegatingErrorHandlingRunnable.java:54) ~[spring-context-7.0.9.jar:7.0.9]
	at java.base/java.util.concurrent.Executors$RunnableAdapter.call(Executors.java:572) ~[na:na]
	at java.base/java.util.concurrent.FutureTask.runAndReset(FutureTask.java:358) ~[na:na]
	at java.base/java.util.concurrent.ScheduledThreadPoolExecutor$ScheduledFutureTask.run(ScheduledThreadPoolExecutor.java:305) ~[na:na]
	at java.base/java.util.concurrent.ThreadPoolExecutor.runWorker(ThreadPoolExecutor.java:1144) ~[na:na]
	at java.base/java.util.concurrent.ThreadPoolExecutor$Worker.run(ThreadPoolExecutor.java:642) ~[na:na]
	at java.base/java.lang.Thread.run(Thread.java:1583) ~[na:na]
Caused by: org.hibernate.TransactionException: Unable to rollback against JDBC Connection
	at org.hibernate.resource.jdbc.internal.AbstractLogicalConnectionImplementor.rollback(AbstractLogicalConnectionImplementor.java:151) ~[hibernate-core-7.4.5.Final.jar:7.4.5.Final]
	at org.hibernate.resource.transaction.backend.jdbc.internal.JdbcResourceLocalTransactionCoordinatorImpl$TransactionDriverControlImpl.rollback(JdbcResourceLocalTransactionCoordinatorImpl.java:300) ~[hibernate-core-7.4.5.Final.jar:7.4.5.Final]
	at org.hibernate.engine.transaction.internal.TransactionImpl.rollback(TransactionImpl.java:123) ~[hibernate-core-7.4.5.Final.jar:7.4.5.Final]
	at org.springframework.orm.jpa.JpaTransactionManager.doRollback(JpaTransactionManager.java:579) ~[spring-orm-7.0.9.jar:7.0.9]
	... 19 common frames omitted
Caused by: java.sql.SQLException: Connection is closed
	at com.zaxxer.hikari.pool.ProxyConnection$ClosedConnection.lambda$getClosedConnection$0(ProxyConnection.java:559) ~[HikariCP-7.0.2.jar:na]
	at jdk.proxy3/jdk.proxy3.$Proxy162.rollback(Unknown Source) ~[na:na]
	at com.zaxxer.hikari.pool.ProxyConnection.rollback(ProxyConnection.java:386) ~[HikariCP-7.0.2.jar:na]
	at com.zaxxer.hikari.pool.HikariProxyConnection.rollback(HikariProxyConnection.java) ~[HikariCP-7.0.2.jar:na]
	at org.hibernate.resource.jdbc.internal.AbstractLogicalConnectionImplementor.rollback(AbstractLogicalConnectionImplementor.java:141) ~[hibernate-core-7.4.5.Final.jar:7.4.5.Final]
	... 22 common frames omitted

2026-09-11T16:46:09.529+05:00  INFO 38148 --- [nomad-games] [           main] tc.postgres:18                           : Container postgres:18 is starting: d8e3aa1e78c7d4f8e27b06a9b5fec6fee4e426b90f57016556f91de28bdd2d7c
2026-09-11T16:46:10.425+05:00  WARN 38148 --- [nomad-games] [   scheduling-1] com.zaxxer.hikari.pool.PoolBase          : HikariPool-4 - Failed to validate connection org.postgresql.jdbc.PgConnection@59ff9674 (Соединение закрыто.). Possibly consider using a shorter maxLifetime value.
2026-09-11T16:46:10.425+05:00  WARN 38148 --- [nomad-games] [   scheduling-1] com.zaxxer.hikari.pool.PoolBase          : HikariPool-4 - Failed to validate connection org.postgresql.jdbc.PgConnection@68c1822a (Соединение закрыто.). Possibly consider using a shorter maxLifetime value.
2026-09-11T16:46:10.427+05:00  WARN 38148 --- [nomad-games] [   scheduling-1] com.zaxxer.hikari.pool.PoolBase          : HikariPool-4 - Failed to validate connection org.postgresql.jdbc.PgConnection@56b3055b (Соединение закрыто.). Possibly consider using a shorter maxLifetime value.
2026-09-11T16:46:10.427+05:00  WARN 38148 --- [nomad-games] [   scheduling-1] com.zaxxer.hikari.pool.PoolBase          : HikariPool-4 - Failed to validate connection org.postgresql.jdbc.PgConnection@3f215794 (Соединение закрыто.). Possibly consider using a shorter maxLifetime value.
2026-09-11T16:46:10.427+05:00  WARN 38148 --- [nomad-games] [   scheduling-1] com.zaxxer.hikari.pool.PoolBase          : HikariPool-4 - Failed to validate connection org.postgresql.jdbc.PgConnection@1a483a32 (Соединение закрыто.). Possibly consider using a shorter maxLifetime value.
2026-09-11T16:46:10.428+05:00  WARN 38148 --- [nomad-games] [   scheduling-1] com.zaxxer.hikari.pool.PoolBase          : HikariPool-4 - Failed to validate connection org.postgresql.jdbc.PgConnection@302b70da (Соединение закрыто.). Possibly consider using a shorter maxLifetime value.
2026-09-11T16:46:10.429+05:00  WARN 38148 --- [nomad-games] [   scheduling-1] com.zaxxer.hikari.pool.PoolBase          : HikariPool-4 - Failed to validate connection org.postgresql.jdbc.PgConnection@5030cbc (Соединение закрыто.). Possibly consider using a shorter maxLifetime value.
2026-09-11T16:46:10.429+05:00  WARN 38148 --- [nomad-games] [   scheduling-1] com.zaxxer.hikari.pool.PoolBase          : HikariPool-4 - Failed to validate connection org.postgresql.jdbc.PgConnection@5e413f84 (Соединение закрыто.). Possibly consider using a shorter maxLifetime value.
2026-09-11T16:46:10.906+05:00  INFO 38148 --- [nomad-games] [           main] tc.postgres:18                           : Container postgres:18 started in PT1.4904129S
2026-09-11T16:46:10.906+05:00  INFO 38148 --- [nomad-games] [           main] tc.postgres:18                           : Container is started (JDBC URL: jdbc:postgresql://localhost:56445/test?loggerLevel=OFF)
2026-09-11T16:46:35.308+05:00  WARN 38148 --- [nomad-games] [onnection-adder] com.zaxxer.hikari.pool.PoolBase          : HikariPool-1 - Pool is empty, failed to create/setup connection (aff6f6d8-1da2-457e-bfe8-29ba8195d65d)

org.postgresql.util.PSQLException: Подключение по адресу localhost:60723 отклонено. Проверьте, что хост и порт указаны правильно и что postmaster принимает TCP/IP-соединения.
	at org.postgresql.core.v3.ConnectionFactoryImpl.openConnectionImpl(ConnectionFactoryImpl.java:427) ~[postgresql-42.7.13.jar:42.7.13]
	at org.postgresql.core.ConnectionFactory.openConnection(ConnectionFactory.java:52) ~[postgresql-42.7.13.jar:42.7.13]
	at org.postgresql.jdbc.PgConnection.<init>(PgConnection.java:295) ~[postgresql-42.7.13.jar:42.7.13]
	at org.postgresql.Driver.makeConnection(Driver.java:437) ~[postgresql-42.7.13.jar:42.7.13]
	at org.postgresql.Driver.connect(Driver.java:305) ~[postgresql-42.7.13.jar:42.7.13]
	at com.zaxxer.hikari.util.DriverDataSource.getConnection(DriverDataSource.java:144) ~[HikariCP-7.0.2.jar:na]
	at com.zaxxer.hikari.pool.PoolBase.newConnection(PoolBase.java:373) ~[HikariCP-7.0.2.jar:na]
	at com.zaxxer.hikari.pool.PoolBase.newPoolEntry(PoolBase.java:210) ~[HikariCP-7.0.2.jar:na]
	at com.zaxxer.hikari.pool.HikariPool.createPoolEntry(HikariPool.java:488) ~[HikariCP-7.0.2.jar:na]
	at com.zaxxer.hikari.pool.HikariPool$PoolEntryCreator.call(HikariPool.java:752) ~[HikariCP-7.0.2.jar:na]
	at com.zaxxer.hikari.pool.HikariPool$PoolEntryCreator.call(HikariPool.java:731) ~[HikariCP-7.0.2.jar:na]
	at java.base/java.util.concurrent.FutureTask.run(FutureTask.java:317) ~[na:na]
	at java.base/java.util.concurrent.ThreadPoolExecutor.runWorker(ThreadPoolExecutor.java:1144) ~[na:na]
	at java.base/java.util.concurrent.ThreadPoolExecutor$Worker.run(ThreadPoolExecutor.java:642) ~[na:na]
	at java.base/java.lang.Thread.run(Thread.java:1583) ~[na:na]
Caused by: java.net.ConnectException: Connection refused: getsockopt
	at java.base/sun.nio.ch.Net.pollConnect(Native Method) ~[na:na]
	at java.base/sun.nio.ch.Net.pollConnectNow(Net.java:694) ~[na:na]
	at java.base/sun.nio.ch.NioSocketImpl.timedFinishConnect(NioSocketImpl.java:542) ~[na:na]
	at java.base/sun.nio.ch.NioSocketImpl.connect(NioSocketImpl.java:592) ~[na:na]
	at java.base/java.net.SocksSocketImpl.connect(SocksSocketImpl.java:327) ~[na:na]
	at java.base/java.net.Socket.connect(Socket.java:751) ~[na:na]
	at org.postgresql.core.PGStream.createSocket(PGStream.java:270) ~[postgresql-42.7.13.jar:42.7.13]
	at org.postgresql.core.PGStream.<init>(PGStream.java:131) ~[postgresql-42.7.13.jar:42.7.13]
	at org.postgresql.core.v3.ConnectionFactoryImpl.tryConnect(ConnectionFactoryImpl.java:221) ~[postgresql-42.7.13.jar:42.7.13]
	at org.postgresql.core.v3.ConnectionFactoryImpl.openConnectionImpl(ConnectionFactoryImpl.java:367) ~[postgresql-42.7.13.jar:42.7.13]
	... 14 common frames omitted

2026-09-11T16:46:37.380+05:00  WARN 38148 --- [nomad-games] [onnection-adder] com.zaxxer.hikari.pool.PoolBase          : HikariPool-3 - Pool is empty, failed to create/setup connection (db851e0b-172e-42f4-9add-09fef58adcd3)

org.postgresql.util.PSQLException: Подключение по адресу localhost:56346 отклонено. Проверьте, что хост и порт указаны правильно и что postmaster принимает TCP/IP-соединения.
	at org.postgresql.core.v3.ConnectionFactoryImpl.openConnectionImpl(ConnectionFactoryImpl.java:427) ~[postgresql-42.7.13.jar:42.7.13]
	at org.postgresql.core.ConnectionFactory.openConnection(ConnectionFactory.java:52) ~[postgresql-42.7.13.jar:42.7.13]
	at org.postgresql.jdbc.PgConnection.<init>(PgConnection.java:295) ~[postgresql-42.7.13.jar:42.7.13]
	at org.postgresql.Driver.makeConnection(Driver.java:437) ~[postgresql-42.7.13.jar:42.7.13]
	at org.postgresql.Driver.connect(Driver.java:305) ~[postgresql-42.7.13.jar:42.7.13]
	at com.zaxxer.hikari.util.DriverDataSource.getConnection(DriverDataSource.java:144) ~[HikariCP-7.0.2.jar:na]
	at com.zaxxer.hikari.pool.PoolBase.newConnection(PoolBase.java:373) ~[HikariCP-7.0.2.jar:na]
	at com.zaxxer.hikari.pool.PoolBase.newPoolEntry(PoolBase.java:210) ~[HikariCP-7.0.2.jar:na]
	at com.zaxxer.hikari.pool.HikariPool.createPoolEntry(HikariPool.java:488) ~[HikariCP-7.0.2.jar:na]
	at com.zaxxer.hikari.pool.HikariPool$PoolEntryCreator.call(HikariPool.java:752) ~[HikariCP-7.0.2.jar:na]
	at com.zaxxer.hikari.pool.HikariPool$PoolEntryCreator.call(HikariPool.java:731) ~[HikariCP-7.0.2.jar:na]
	at java.base/java.util.concurrent.FutureTask.run(FutureTask.java:317) ~[na:na]
	at java.base/java.util.concurrent.ThreadPoolExecutor.runWorker(ThreadPoolExecutor.java:1144) ~[na:na]
	at java.base/java.util.concurrent.ThreadPoolExecutor$Worker.run(ThreadPoolExecutor.java:642) ~[na:na]
	at java.base/java.lang.Thread.run(Thread.java:1583) ~[na:na]
Caused by: java.net.ConnectException: Connection refused: getsockopt
	at java.base/sun.nio.ch.Net.pollConnect(Native Method) ~[na:na]
	at java.base/sun.nio.ch.Net.pollConnectNow(Net.java:694) ~[na:na]
	at java.base/sun.nio.ch.NioSocketImpl.timedFinishConnect(NioSocketImpl.java:542) ~[na:na]
	at java.base/sun.nio.ch.NioSocketImpl.connect(NioSocketImpl.java:592) ~[na:na]
	at java.base/java.net.SocksSocketImpl.connect(SocksSocketImpl.java:327) ~[na:na]
	at java.base/java.net.Socket.connect(Socket.java:751) ~[na:na]
	at org.postgresql.core.PGStream.createSocket(PGStream.java:270) ~[postgresql-42.7.13.jar:42.7.13]
	at org.postgresql.core.PGStream.<init>(PGStream.java:131) ~[postgresql-42.7.13.jar:42.7.13]
	at org.postgresql.core.v3.ConnectionFactoryImpl.tryConnect(ConnectionFactoryImpl.java:221) ~[postgresql-42.7.13.jar:42.7.13]
	at org.postgresql.core.v3.ConnectionFactoryImpl.openConnectionImpl(ConnectionFactoryImpl.java:367) ~[postgresql-42.7.13.jar:42.7.13]
	... 14 common frames omitted

2026-09-11T16:46:40.437+05:00  WARN 38148 --- [nomad-games] [   scheduling-1] org.hibernate.orm.jdbc.error             : HHH000247: ErrorCode: 0, SQLState: 08001
2026-09-11T16:46:40.437+05:00  WARN 38148 --- [nomad-games] [   scheduling-1] org.hibernate.orm.jdbc.error             : HikariPool-4 - Connection is not available, request timed out after 30012ms (total=0, active=0, idle=0, waiting=0)
2026-09-11T16:46:40.437+05:00  WARN 38148 --- [nomad-games] [   scheduling-1] org.hibernate.orm.jdbc.error             : HHH000247: ErrorCode: 0, SQLState: 08001
2026-09-11T16:46:40.437+05:00  WARN 38148 --- [nomad-games] [   scheduling-1] org.hibernate.orm.jdbc.error             : HikariPool-4 - Connection is not available, request timed out after 30012ms (total=0, active=0, idle=0, waiting=0)
2026-09-11T16:46:40.437+05:00 ERROR 38148 --- [nomad-games] [   scheduling-1] o.s.s.s.TaskUtils$LoggingErrorHandler    : Unexpected error occurred in scheduled task

org.springframework.transaction.CannotCreateTransactionException: Could not open JPA EntityManager for transaction
	at org.springframework.orm.jpa.JpaTransactionManager.doBegin(JpaTransactionManager.java:457) ~[spring-orm-7.0.9.jar:7.0.9]
	at org.springframework.transaction.support.AbstractPlatformTransactionManager.startTransaction(AbstractPlatformTransactionManager.java:532) ~[spring-tx-7.0.9.jar:7.0.9]
	at org.springframework.transaction.support.AbstractPlatformTransactionManager.getTransaction(AbstractPlatformTransactionManager.java:405) ~[spring-tx-7.0.9.jar:7.0.9]
	at org.springframework.transaction.interceptor.TransactionAspectSupport.createTransactionIfNecessary(TransactionAspectSupport.java:628) ~[spring-tx-7.0.9.jar:7.0.9]
	at org.springframework.transaction.interceptor.TransactionAspectSupport.invokeWithinTransaction(TransactionAspectSupport.java:365) ~[spring-tx-7.0.9.jar:7.0.9]
	at org.springframework.transaction.interceptor.TransactionInterceptor.invoke(TransactionInterceptor.java:130) ~[spring-tx-7.0.9.jar:7.0.9]
	at org.springframework.aop.framework.ReflectiveMethodInvocation.proceed(ReflectiveMethodInvocation.java:179) ~[spring-aop-7.0.9.jar:7.0.9]
	at org.springframework.aop.framework.CglibAopProxy$DynamicAdvisedInterceptor.intercept(CglibAopProxy.java:719) ~[spring-aop-7.0.9.jar:7.0.9]
	at com.nomadgames.session.MatchService$$SpringCGLIB$$0.expireReconnectGraces(<generated>) ~[classes/:na]
	at java.base/jdk.internal.reflect.DirectMethodHandleAccessor.invoke(DirectMethodHandleAccessor.java:103) ~[na:na]
	at java.base/java.lang.reflect.Method.invoke(Method.java:580) ~[na:na]
	at org.springframework.scheduling.support.ScheduledMethodRunnable.runInternal(ScheduledMethodRunnable.java:128) ~[spring-context-7.0.9.jar:7.0.9]
	at org.springframework.scheduling.support.ScheduledMethodRunnable.lambda$run$1(ScheduledMethodRunnable.java:122) ~[spring-context-7.0.9.jar:7.0.9]
	at io.micrometer.observation.Observation.observe(Observation.java:569) ~[micrometer-observation-1.17.1.jar:1.17.1]
	at org.springframework.scheduling.support.ScheduledMethodRunnable.run(ScheduledMethodRunnable.java:122) ~[spring-context-7.0.9.jar:7.0.9]
	at org.springframework.scheduling.config.Task$OutcomeTrackingRunnable.run(Task.java:88) ~[spring-context-7.0.9.jar:7.0.9]
	at org.springframework.scheduling.support.DelegatingErrorHandlingRunnable.run(DelegatingErrorHandlingRunnable.java:54) ~[spring-context-7.0.9.jar:7.0.9]
	at java.base/java.util.concurrent.Executors$RunnableAdapter.call(Executors.java:572) ~[na:na]
	at java.base/java.util.concurrent.FutureTask.runAndReset(FutureTask.java:358) ~[na:na]
	at java.base/java.util.concurrent.ScheduledThreadPoolExecutor$ScheduledFutureTask.run(ScheduledThreadPoolExecutor.java:305) ~[na:na]
	at java.base/java.util.concurrent.ThreadPoolExecutor.runWorker(ThreadPoolExecutor.java:1144) ~[na:na]
	at java.base/java.util.concurrent.ThreadPoolExecutor$Worker.run(ThreadPoolExecutor.java:642) ~[na:na]
	at java.base/java.lang.Thread.run(Thread.java:1583) ~[na:na]
Caused by: org.hibernate.exception.JDBCConnectionException: Unable to acquire JDBC Connection [HikariPool-4 - Connection is not available, request timed out after 30012ms (total=0, active=0, idle=0, waiting=0)] [n/a]
	at org.hibernate.exception.internal.SQLExceptionTypeDelegate.convert(SQLExceptionTypeDelegate.java:49) ~[hibernate-core-7.4.5.Final.jar:7.4.5.Final]
	at org.hibernate.exception.internal.StandardSQLExceptionConverter.convert(StandardSQLExceptionConverter.java:34) ~[hibernate-core-7.4.5.Final.jar:7.4.5.Final]
	at org.hibernate.engine.jdbc.spi.SqlExceptionHelper.convert(SqlExceptionHelper.java:115) ~[hibernate-core-7.4.5.Final.jar:7.4.5.Final]
	at org.hibernate.engine.jdbc.spi.SqlExceptionHelper.convert(SqlExceptionHelper.java:101) ~[hibernate-core-7.4.5.Final.jar:7.4.5.Final]
	at org.hibernate.resource.jdbc.internal.LogicalConnectionManagedImpl.acquire(LogicalConnectionManagedImpl.java:190) ~[hibernate-core-7.4.5.Final.jar:7.4.5.Final]
	at org.hibernate.resource.jdbc.internal.LogicalConnectionManagedImpl.acquireConnectionIfNeeded(LogicalConnectionManagedImpl.java:87) ~[hibernate-core-7.4.5.Final.jar:7.4.5.Final]
	at org.hibernate.resource.jdbc.internal.LogicalConnectionManagedImpl.getPhysicalConnection(LogicalConnectionManagedImpl.java:126) ~[hibernate-core-7.4.5.Final.jar:7.4.5.Final]
	at org.hibernate.resource.jdbc.internal.LogicalConnectionManagedImpl.getConnectionForTransactionManagement(LogicalConnectionManagedImpl.java:281) ~[hibernate-core-7.4.5.Final.jar:7.4.5.Final]
	at org.hibernate.resource.jdbc.internal.LogicalConnectionManagedImpl.begin(LogicalConnectionManagedImpl.java:290) ~[hibernate-core-7.4.5.Final.jar:7.4.5.Final]
	at org.hibernate.resource.transaction.backend.jdbc.internal.JdbcResourceLocalTransactionCoordinatorImpl$TransactionDriverControlImpl.begin(JdbcResourceLocalTransactionCoordinatorImpl.java:226) ~[hibernate-core-7.4.5.Final.jar:7.4.5.Final]
	at org.hibernate.engine.transaction.internal.TransactionImpl.begin(TransactionImpl.java:75) ~[hibernate-core-7.4.5.Final.jar:7.4.5.Final]
	at org.springframework.orm.jpa.vendor.HibernateJpaDialect.beginTransaction(HibernateJpaDialect.java:147) ~[spring-orm-7.0.9.jar:7.0.9]
	at org.springframework.orm.jpa.JpaTransactionManager.doBegin(JpaTransactionManager.java:411) ~[spring-orm-7.0.9.jar:7.0.9]
	... 22 common frames omitted
Caused by: java.sql.SQLTransientConnectionException: HikariPool-4 - Connection is not available, request timed out after 30012ms (total=0, active=0, idle=0, waiting=0)
	at com.zaxxer.hikari.pool.HikariPool.createTimeoutException(HikariPool.java:714) ~[HikariCP-7.0.2.jar:na]
	at com.zaxxer.hikari.pool.HikariPool.getConnection(HikariPool.java:184) ~[HikariCP-7.0.2.jar:na]
	at com.zaxxer.hikari.pool.HikariPool.getConnection(HikariPool.java:142) ~[HikariCP-7.0.2.jar:na]
	at com.zaxxer.hikari.HikariDataSource.getConnection(HikariDataSource.java:127) ~[HikariCP-7.0.2.jar:na]
	at org.hibernate.engine.jdbc.connections.internal.DataSourceConnectionProvider.getConnection(DataSourceConnectionProvider.java:149) ~[hibernate-core-7.4.5.Final.jar:7.4.5.Final]
	at org.hibernate.internal.NonContextualJdbcConnectionAccess.obtainConnection(NonContextualJdbcConnectionAccess.java:62) ~[hibernate-core-7.4.5.Final.jar:7.4.5.Final]
	at org.hibernate.resource.jdbc.internal.LogicalConnectionManagedImpl.acquire(LogicalConnectionManagedImpl.java:187) ~[hibernate-core-7.4.5.Final.jar:7.4.5.Final]
	... 30 common frames omitted
Caused by: org.postgresql.util.PSQLException: Подключение по адресу localhost:56387 отклонено. Проверьте, что хост и порт указаны правильно и что postmaster принимает TCP/IP-соединения.
	at org.postgresql.core.v3.ConnectionFactoryImpl.openConnectionImpl(ConnectionFactoryImpl.java:427) ~[postgresql-42.7.13.jar:42.7.13]
	at org.postgresql.core.ConnectionFactory.openConnection(ConnectionFactory.java:52) ~[postgresql-42.7.13.jar:42.7.13]
	at org.postgresql.jdbc.PgConnection.<init>(PgConnection.java:295) ~[postgresql-42.7.13.jar:42.7.13]
	at org.postgresql.Driver.makeConnection(Driver.java:437) ~[postgresql-42.7.13.jar:42.7.13]
	at org.postgresql.Driver.connect(Driver.java:305) ~[postgresql-42.7.13.jar:42.7.13]
	at com.zaxxer.hikari.util.DriverDataSource.getConnection(DriverDataSource.java:144) ~[HikariCP-7.0.2.jar:na]
	at com.zaxxer.hikari.pool.PoolBase.newConnection(PoolBase.java:373) ~[HikariCP-7.0.2.jar:na]
	at com.zaxxer.hikari.pool.PoolBase.newPoolEntry(PoolBase.java:210) ~[HikariCP-7.0.2.jar:na]
	at com.zaxxer.hikari.pool.HikariPool.createPoolEntry(HikariPool.java:488) ~[HikariCP-7.0.2.jar:na]
	at com.zaxxer.hikari.pool.HikariPool$PoolEntryCreator.call(HikariPool.java:752) ~[HikariCP-7.0.2.jar:na]
	at com.zaxxer.hikari.pool.HikariPool$PoolEntryCreator.call(HikariPool.java:731) ~[HikariCP-7.0.2.jar:na]
	at java.base/java.util.concurrent.FutureTask.run(FutureTask.java:317) ~[na:na]
	... 3 common frames omitted
Caused by: java.net.ConnectException: Connection refused: getsockopt
	at java.base/sun.nio.ch.Net.pollConnect(Native Method) ~[na:na]
	at java.base/sun.nio.ch.Net.pollConnectNow(Net.java:694) ~[na:na]
	at java.base/sun.nio.ch.NioSocketImpl.timedFinishConnect(NioSocketImpl.java:542) ~[na:na]
	at java.base/sun.nio.ch.NioSocketImpl.connect(NioSocketImpl.java:592) ~[na:na]
	at java.base/java.net.SocksSocketImpl.connect(SocksSocketImpl.java:327) ~[na:na]
	at java.base/java.net.Socket.connect(Socket.java:751) ~[na:na]
	at org.postgresql.core.PGStream.createSocket(PGStream.java:270) ~[postgresql-42.7.13.jar:42.7.13]
	at org.postgresql.core.PGStream.<init>(PGStream.java:131) ~[postgresql-42.7.13.jar:42.7.13]
	at org.postgresql.core.v3.ConnectionFactoryImpl.tryConnect(ConnectionFactoryImpl.java:221) ~[postgresql-42.7.13.jar:42.7.13]
	at org.postgresql.core.v3.ConnectionFactoryImpl.openConnectionImpl(ConnectionFactoryImpl.java:367) ~[postgresql-42.7.13.jar:42.7.13]
	... 14 common frames omitted


  .   ____          _            __ _ _
 /\\ / ___'_ __ _ _(_)_ __  __ _ \ \ \ \
( ( )\___ | '_ | '_| | '_ \/ _` | \ \ \ \
 \\/  ___)| |_)| | | | | || (_| |  ) ) ) )
  '  |____| .__|_| |_|_| |_\__, | / / / /
 =========|_|==============|___/=/_/_/_/

 :: Spring Boot ::                (v4.1.1)

2026-09-11T16:46:40.467+05:00  INFO 38148 --- [nomad-games] [           main] com.nomadgames.session.ReconnectIT       : Starting ReconnectIT using Java 21.0.11 with PID 38148 (started by sergei.elistratov in C:\Users\sergei.elistratov\Documents\проекты\nomad-game\backend)
2026-09-11T16:46:40.467+05:00  INFO 38148 --- [nomad-games] [           main] com.nomadgames.session.ReconnectIT       : No active profile set, falling back to 1 default profile: "default"
2026-09-11T16:46:40.740+05:00  INFO 38148 --- [nomad-games] [           main] .s.d.r.c.RepositoryConfigurationDelegate : Bootstrapping Spring Data JPA repositories in DEFAULT mode.
2026-09-11T16:46:40.789+05:00  INFO 38148 --- [nomad-games] [           main] .s.d.r.c.RepositoryConfigurationDelegate : Finished Spring Data repository scanning in 45 ms. Found 4 JPA repository interfaces.
2026-09-11T16:46:41.047+05:00  INFO 38148 --- [nomad-games] [           main] o.s.boot.tomcat.TomcatWebServer          : Tomcat initialized with port 0 (http)
2026-09-11T16:46:41.067+05:00  INFO 38148 --- [nomad-games] [           main] o.apache.catalina.core.StandardService   : Starting service [Tomcat]
2026-09-11T16:46:41.068+05:00  INFO 38148 --- [nomad-games] [           main] o.apache.catalina.core.StandardEngine    : Starting Servlet engine: [Apache Tomcat/11.0.24]
2026-09-11T16:46:41.159+05:00  INFO 38148 --- [nomad-games] [           main] b.w.c.s.WebApplicationContextInitializer : Root WebApplicationContext: initialization completed in 690 ms
2026-09-11T16:46:41.367+05:00  INFO 38148 --- [nomad-games] [           main] org.flywaydb.core.FlywayExecutor         : Database: jdbc:postgresql://localhost:56445/test?loggerLevel=OFF (PostgreSQL 18.6)
2026-09-11T16:46:41.397+05:00  INFO 38148 --- [nomad-games] [           main] o.f.c.i.s.JdbcTableSchemaHistory         : Schema history table "public"."flyway_schema_history" does not exist yet
2026-09-11T16:46:41.398+05:00  INFO 38148 --- [nomad-games] [           main] o.f.core.internal.command.DbValidate     : Successfully validated 9 migrations (execution time 00:00.011s)
2026-09-11T16:46:41.412+05:00  INFO 38148 --- [nomad-games] [           main] o.f.c.i.s.JdbcTableSchemaHistory         : Creating Schema History table "public"."flyway_schema_history" ...
2026-09-11T16:46:41.448+05:00  INFO 38148 --- [nomad-games] [           main] o.f.core.internal.command.DbMigrate      : Current version of schema "public": << Empty Schema >>
2026-09-11T16:46:41.453+05:00  INFO 38148 --- [nomad-games] [           main] o.f.core.internal.command.DbMigrate      : Migrating schema "public" to version "1 - identity"
2026-09-11T16:46:41.480+05:00  INFO 38148 --- [nomad-games] [           main] o.f.core.internal.command.DbMigrate      : Migrating schema "public" to version "2 - matches"
2026-09-11T16:46:41.503+05:00  INFO 38148 --- [nomad-games] [           main] o.f.core.internal.command.DbMigrate      : Migrating schema "public" to version "3 - rooms"
2026-09-11T16:46:41.526+05:00  INFO 38148 --- [nomad-games] [           main] o.f.core.internal.command.DbMigrate      : Migrating schema "public" to version "4 - match seats"
2026-09-11T16:46:41.546+05:00  INFO 38148 --- [nomad-games] [           main] o.f.core.internal.command.DbMigrate      : Migrating schema "public" to version "5 - reconnect tokens"
2026-09-11T16:46:41.563+05:00  INFO 38148 --- [nomad-games] [           main] o.f.core.internal.command.DbMigrate      : Migrating schema "public" to version "6 - room version"
2026-09-11T16:46:41.582+05:00  INFO 38148 --- [nomad-games] [           main] o.f.core.internal.command.DbMigrate      : Migrating schema "public" to version "7 - economy ledger shop"
2026-09-11T16:46:41.616+05:00  INFO 38148 --- [nomad-games] [           main] o.f.core.internal.command.DbMigrate      : Migrating schema "public" to version "8 - soft purchase sku unique"
2026-09-11T16:46:41.634+05:00  INFO 38148 --- [nomad-games] [           main] o.f.core.internal.command.DbMigrate      : Migrating schema "public" to version "9 - profile casual"
2026-09-11T16:46:41.657+05:00  INFO 38148 --- [nomad-games] [           main] o.f.core.internal.command.DbMigrate      : Successfully applied 9 migrations to schema "public", now at version v9 (execution time 00:00.084s)
2026-09-11T16:46:41.684+05:00  INFO 38148 --- [nomad-games] [           main] org.hibernate.orm.jpa                    : HHH008540: Processing PersistenceUnitInfo [name: default]
2026-09-11T16:46:41.721+05:00  INFO 38148 --- [nomad-games] [           main] o.s.o.j.p.SpringPersistenceUnitInfo      : No LoadTimeWeaver setup: ignoring JPA class transformer
2026-09-11T16:46:41.722+05:00  INFO 38148 --- [nomad-games] [           main] com.zaxxer.hikari.HikariDataSource       : HikariPool-5 - Starting...
2026-09-11T16:46:41.737+05:00  INFO 38148 --- [nomad-games] [           main] com.zaxxer.hikari.pool.HikariPool        : HikariPool-5 - Added connection org.postgresql.jdbc.PgConnection@1f7268f1
2026-09-11T16:46:41.737+05:00  INFO 38148 --- [nomad-games] [           main] com.zaxxer.hikari.HikariDataSource       : HikariPool-5 - Start completed.
2026-09-11T16:46:41.747+05:00  INFO 38148 --- [nomad-games] [           main] org.hibernate.orm.connections.pooling    : HHH10001005: Database info:
	Database JDBC URL [jdbc:postgresql://localhost:56445/test?loggerLevel=OFF]
	Database driver: PostgreSQL JDBC Driver
	Database dialect: PostgreSQLDialect
	Database version: 18.6
	Default catalog/schema: test/public
	Autocommit mode: undefined/unknown
	Isolation level: READ_COMMITTED [default READ_COMMITTED]
	JDBC fetch size: none
	Pool: DataSourceConnectionProvider
	Minimum pool size: undefined/unknown
	Maximum pool size: undefined/unknown
2026-09-11T16:46:41.810+05:00  INFO 38148 --- [nomad-games] [           main] org.hibernate.orm.core                   : HHH000489: No JTA platform available (set 'hibernate.transaction.jta.platform' to enable JTA platform integration)
2026-09-11T16:46:41.825+05:00  INFO 38148 --- [nomad-games] [           main] j.LocalContainerEntityManagerFactoryBean : Initialized JPA EntityManagerFactory for persistence unit 'default'
2026-09-11T16:46:42.050+05:00  INFO 38148 --- [nomad-games] [           main] o.a.c.c.C.[Tomcat].[localhost].[/]       : Initializing Spring TestDispatcherServlet ''
2026-09-11T16:46:42.050+05:00  INFO 38148 --- [nomad-games] [           main] o.s.t.web.servlet.TestDispatcherServlet  : Initializing Servlet ''
2026-09-11T16:46:42.053+05:00  INFO 38148 --- [nomad-games] [           main] o.s.b.a.e.web.EndpointLinksResolver      : Exposing 1 endpoint beneath base path '/actuator'
2026-09-11T16:46:42.057+05:00  INFO 38148 --- [nomad-games] [           main] o.s.t.web.servlet.TestDispatcherServlet  : Completed initialization in 7 ms
2026-09-11T16:46:42.108+05:00  INFO 38148 --- [nomad-games] [           main] o.s.boot.tomcat.TomcatWebServer          : Tomcat started on port 53706 (http) with context path '/'
2026-09-11T16:46:42.112+05:00  INFO 38148 --- [nomad-games] [           main] com.nomadgames.session.ReconnectIT       : Started ReconnectIT in 1.672 seconds (process running for 151.967)
2026-09-11T16:46:42.440+05:00  INFO 38148 --- [nomad-games] [o-auto-1-exec-1] o.a.c.c.C.[Tomcat].[localhost].[/]       : Initializing Spring DispatcherServlet 'dispatcherServlet'
2026-09-11T16:46:42.441+05:00  INFO 38148 --- [nomad-games] [o-auto-1-exec-1] o.s.web.servlet.DispatcherServlet        : Initializing Servlet 'dispatcherServlet'
2026-09-11T16:46:42.442+05:00  INFO 38148 --- [nomad-games] [o-auto-1-exec-1] o.s.web.servlet.DispatcherServlet        : Completed initialization in 1 ms
2026-09-11T16:47:08.106+05:00  WARN 38148 --- [nomad-games] [onnection-adder] com.zaxxer.hikari.pool.PoolBase          : HikariPool-2 - Pool is empty, failed to create/setup connection (e9c84c11-af4d-47bc-8a33-fb00e95e3abc)

org.postgresql.util.PSQLException: Подключение по адресу localhost:60747 отклонено. Проверьте, что хост и порт указаны правильно и что postmaster принимает TCP/IP-соединения.
	at org.postgresql.core.v3.ConnectionFactoryImpl.openConnectionImpl(ConnectionFactoryImpl.java:427) ~[postgresql-42.7.13.jar:42.7.13]
	at org.postgresql.core.ConnectionFactory.openConnection(ConnectionFactory.java:52) ~[postgresql-42.7.13.jar:42.7.13]
	at org.postgresql.jdbc.PgConnection.<init>(PgConnection.java:295) ~[postgresql-42.7.13.jar:42.7.13]
	at org.postgresql.Driver.makeConnection(Driver.java:437) ~[postgresql-42.7.13.jar:42.7.13]
	at org.postgresql.Driver.connect(Driver.java:305) ~[postgresql-42.7.13.jar:42.7.13]
	at com.zaxxer.hikari.util.DriverDataSource.getConnection(DriverDataSource.java:144) ~[HikariCP-7.0.2.jar:na]
	at com.zaxxer.hikari.pool.PoolBase.newConnection(PoolBase.java:373) ~[HikariCP-7.0.2.jar:na]
	at com.zaxxer.hikari.pool.PoolBase.newPoolEntry(PoolBase.java:210) ~[HikariCP-7.0.2.jar:na]
	at com.zaxxer.hikari.pool.HikariPool.createPoolEntry(HikariPool.java:488) ~[HikariCP-7.0.2.jar:na]
	at com.zaxxer.hikari.pool.HikariPool$PoolEntryCreator.call(HikariPool.java:752) ~[HikariCP-7.0.2.jar:na]
	at com.zaxxer.hikari.pool.HikariPool$PoolEntryCreator.call(HikariPool.java:731) ~[HikariCP-7.0.2.jar:na]
	at java.base/java.util.concurrent.FutureTask.run(FutureTask.java:317) ~[na:na]
	at java.base/java.util.concurrent.ThreadPoolExecutor.runWorker(ThreadPoolExecutor.java:1144) ~[na:na]
	at java.base/java.util.concurrent.ThreadPoolExecutor$Worker.run(ThreadPoolExecutor.java:642) ~[na:na]
	at java.base/java.lang.Thread.run(Thread.java:1583) ~[na:na]
Caused by: java.net.ConnectException: Connection refused: getsockopt
	at java.base/sun.nio.ch.Net.pollConnect(Native Method) ~[na:na]
	at java.base/sun.nio.ch.Net.pollConnectNow(Net.java:694) ~[na:na]
	at java.base/sun.nio.ch.NioSocketImpl.timedFinishConnect(NioSocketImpl.java:542) ~[na:na]
	at java.base/sun.nio.ch.NioSocketImpl.connect(NioSocketImpl.java:592) ~[na:na]
	at java.base/java.net.SocksSocketImpl.connect(SocksSocketImpl.java:327) ~[na:na]
	at java.base/java.net.Socket.connect(Socket.java:751) ~[na:na]
	at org.postgresql.core.PGStream.createSocket(PGStream.java:270) ~[postgresql-42.7.13.jar:42.7.13]
	at org.postgresql.core.PGStream.<init>(PGStream.java:131) ~[postgresql-42.7.13.jar:42.7.13]
	at org.postgresql.core.v3.ConnectionFactoryImpl.tryConnect(ConnectionFactoryImpl.java:221) ~[postgresql-42.7.13.jar:42.7.13]
	at org.postgresql.core.v3.ConnectionFactoryImpl.openConnectionImpl(ConnectionFactoryImpl.java:367) ~[postgresql-42.7.13.jar:42.7.13]
	... 14 common frames omitted

2026-09-11T16:47:09.774+05:00  WARN 38148 --- [nomad-games] [onnection-adder] com.zaxxer.hikari.pool.PoolBase          : HikariPool-4 - Pool is empty, failed to create/setup connection (986d66d1-9643-4fed-8f4c-8e1152b7049e)

org.postgresql.util.PSQLException: Подключение по адресу localhost:56387 отклонено. Проверьте, что хост и порт указаны правильно и что postmaster принимает TCP/IP-соединения.
	at org.postgresql.core.v3.ConnectionFactoryImpl.openConnectionImpl(ConnectionFactoryImpl.java:427) ~[postgresql-42.7.13.jar:42.7.13]
	at org.postgresql.core.ConnectionFactory.openConnection(ConnectionFactory.java:52) ~[postgresql-42.7.13.jar:42.7.13]
	at org.postgresql.jdbc.PgConnection.<init>(PgConnection.java:295) ~[postgresql-42.7.13.jar:42.7.13]
	at org.postgresql.Driver.makeConnection(Driver.java:437) ~[postgresql-42.7.13.jar:42.7.13]
	at org.postgresql.Driver.connect(Driver.java:305) ~[postgresql-42.7.13.jar:42.7.13]
	at com.zaxxer.hikari.util.DriverDataSource.getConnection(DriverDataSource.java:144) ~[HikariCP-7.0.2.jar:na]
	at com.zaxxer.hikari.pool.PoolBase.newConnection(PoolBase.java:373) ~[HikariCP-7.0.2.jar:na]
	at com.zaxxer.hikari.pool.PoolBase.newPoolEntry(PoolBase.java:210) ~[HikariCP-7.0.2.jar:na]
	at com.zaxxer.hikari.pool.HikariPool.createPoolEntry(HikariPool.java:488) ~[HikariCP-7.0.2.jar:na]
	at com.zaxxer.hikari.pool.HikariPool$PoolEntryCreator.call(HikariPool.java:752) ~[HikariCP-7.0.2.jar:na]
	at com.zaxxer.hikari.pool.HikariPool$PoolEntryCreator.call(HikariPool.java:731) ~[HikariCP-7.0.2.jar:na]
	at java.base/java.util.concurrent.FutureTask.run(FutureTask.java:317) ~[na:na]
	at java.base/java.util.concurrent.ThreadPoolExecutor.runWorker(ThreadPoolExecutor.java:1144) ~[na:na]
	at java.base/java.util.concurrent.ThreadPoolExecutor$Worker.run(ThreadPoolExecutor.java:642) ~[na:na]
	at java.base/java.lang.Thread.run(Thread.java:1583) ~[na:na]
Caused by: java.net.ConnectException: Connection refused: getsockopt
	at java.base/sun.nio.ch.Net.pollConnect(Native Method) ~[na:na]
	at java.base/sun.nio.ch.Net.pollConnectNow(Net.java:694) ~[na:na]
	at java.base/sun.nio.ch.NioSocketImpl.timedFinishConnect(NioSocketImpl.java:542) ~[na:na]
	at java.base/sun.nio.ch.NioSocketImpl.connect(NioSocketImpl.java:592) ~[na:na]
	at java.base/java.net.SocksSocketImpl.connect(SocksSocketImpl.java:327) ~[na:na]
	at java.base/java.net.Socket.connect(Socket.java:751) ~[na:na]
	at org.postgresql.core.PGStream.createSocket(PGStream.java:270) ~[postgresql-42.7.13.jar:42.7.13]
	at org.postgresql.core.PGStream.<init>(PGStream.java:131) ~[postgresql-42.7.13.jar:42.7.13]
	at org.postgresql.core.v3.ConnectionFactoryImpl.tryConnect(ConnectionFactoryImpl.java:221) ~[postgresql-42.7.13.jar:42.7.13]
	at org.postgresql.core.v3.ConnectionFactoryImpl.openConnectionImpl(ConnectionFactoryImpl.java:367) ~[postgresql-42.7.13.jar:42.7.13]
	... 14 common frames omitted

[INFO] Tests run: 7, Failures: 0, Errors: 0, Skipped: 0, Time elapsed: 72.71 s -- in com.nomadgames.session.ReconnectIT
[INFO] Running com.nomadgames.session.RematchIT
2026-09-11T16:47:22.120+05:00  WARN 38148 --- [nomad-games] [   scheduling-1] com.zaxxer.hikari.pool.ProxyConnection   : HikariPool-5 - Connection org.postgresql.jdbc.PgConnection@1f7268f1 marked as broken because of SQLSTATE(08006), ErrorCode(0)

org.postgresql.util.PSQLException: Ошибка ввода/вывода при отправке бэкенду.
	at org.postgresql.core.v3.QueryExecutorImpl.execute(QueryExecutorImpl.java:474) ~[postgresql-42.7.13.jar:42.7.13]
	at org.postgresql.jdbc.PgStatement.executeInternal(PgStatement.java:533) ~[postgresql-42.7.13.jar:42.7.13]
	at org.postgresql.jdbc.PgStatement.execute(PgStatement.java:449) ~[postgresql-42.7.13.jar:42.7.13]
	at org.postgresql.jdbc.PgPreparedStatement.executeWithFlags(PgPreparedStatement.java:197) ~[postgresql-42.7.13.jar:42.7.13]
	at org.postgresql.jdbc.PgPreparedStatement.executeQuery(PgPreparedStatement.java:140) ~[postgresql-42.7.13.jar:42.7.13]
	at com.zaxxer.hikari.pool.ProxyPreparedStatement.executeQuery(ProxyPreparedStatement.java:52) ~[HikariCP-7.0.2.jar:na]
	at com.zaxxer.hikari.pool.HikariProxyPreparedStatement.executeQuery(HikariProxyPreparedStatement.java) ~[HikariCP-7.0.2.jar:na]
	at org.hibernate.sql.results.jdbc.internal.DeferredResultSetAccess.executeQuery(DeferredResultSetAccess.java:269) ~[hibernate-core-7.4.5.Final.jar:7.4.5.Final]
	at org.hibernate.sql.results.jdbc.internal.DeferredResultSetAccess.getResultSet(DeferredResultSetAccess.java:188) ~[hibernate-core-7.4.5.Final.jar:7.4.5.Final]
	at org.hibernate.sql.results.jdbc.internal.JdbcValuesResultSetImpl.<init>(JdbcValuesResultSetImpl.java:71) ~[hibernate-core-7.4.5.Final.jar:7.4.5.Final]
	at org.hibernate.sql.exec.internal.JdbcSelectExecutorStandardImpl.resolveJdbcValues(JdbcSelectExecutorStandardImpl.java:422) ~[hibernate-core-7.4.5.Final.jar:7.4.5.Final]
	at org.hibernate.sql.exec.internal.JdbcSelectExecutorStandardImpl.resolveJdbcValuesSource(JdbcSelectExecutorStandardImpl.java:349) ~[hibernate-core-7.4.5.Final.jar:7.4.5.Final]
	at org.hibernate.sql.exec.internal.JdbcSelectExecutorStandardImpl.doExecuteQuery(JdbcSelectExecutorStandardImpl.java:143) ~[hibernate-core-7.4.5.Final.jar:7.4.5.Final]
	at org.hibernate.sql.exec.internal.JdbcSelectExecutorStandardImpl.executeQuery(JdbcSelectExecutorStandardImpl.java:100) ~[hibernate-core-7.4.5.Final.jar:7.4.5.Final]
	at org.hibernate.sql.exec.spi.JdbcSelectExecutor.executeQuery(JdbcSelectExecutor.java:63) ~[hibernate-core-7.4.5.Final.jar:7.4.5.Final]
	at org.hibernate.sql.exec.spi.JdbcSelectExecutor.list(JdbcSelectExecutor.java:137) ~[hibernate-core-7.4.5.Final.jar:7.4.5.Final]
	at org.hibernate.query.sqm.internal.ConcreteSqmSelectQueryPlan.lambda$new$1(ConcreteSqmSelectQueryPlan.java:136) ~[hibernate-core-7.4.5.Final.jar:7.4.5.Final]
	at org.hibernate.query.sqm.internal.ConcreteSqmSelectQueryPlan.withCacheableSqmInterpretation(ConcreteSqmSelectQueryPlan.java:484) ~[hibernate-core-7.4.5.Final.jar:7.4.5.Final]
	at org.hibernate.query.sqm.internal.ConcreteSqmSelectQueryPlan.performList(ConcreteSqmSelectQueryPlan.java:411) ~[hibernate-core-7.4.5.Final.jar:7.4.5.Final]
	at org.hibernate.query.sqm.internal.SqmQueryImpl.doList(SqmQueryImpl.java:379) ~[hibernate-core-7.4.5.Final.jar:7.4.5.Final]
	at org.hibernate.query.spi.AbstractSelectionQuery.list(AbstractSelectionQuery.java:153) ~[hibernate-core-7.4.5.Final.jar:7.4.5.Final]
	at org.hibernate.query.Query.getResultList(Query.java:121) ~[hibernate-core-7.4.5.Final.jar:7.4.5.Final]
	at org.springframework.data.jpa.repository.query.JpaQueryExecution$CollectionExecution.doExecute(JpaQueryExecution.java:141) ~[spring-data-jpa-4.1.1.jar:4.1.1]
	at org.springframework.data.jpa.repository.query.JpaQueryExecution.execute(JpaQueryExecution.java:100) ~[spring-data-jpa-4.1.1.jar:4.1.1]
	at org.springframework.data.jpa.repository.query.AbstractJpaQuery.doExecute(AbstractJpaQuery.java:166) ~[spring-data-jpa-4.1.1.jar:4.1.1]
	at org.springframework.data.jpa.repository.query.AbstractJpaQuery.execute(AbstractJpaQuery.java:156) ~[spring-data-jpa-4.1.1.jar:4.1.1]
	at org.springframework.data.repository.core.support.RepositoryMethodInvoker.doInvoke(RepositoryMethodInvoker.java:169) ~[spring-data-commons-4.1.1.jar:4.1.1]
	at org.springframework.data.repository.core.support.RepositoryMethodInvoker.invoke(RepositoryMethodInvoker.java:158) ~[spring-data-commons-4.1.1.jar:4.1.1]
	at org.springframework.data.repository.core.support.QueryExecutorMethodInterceptor.doInvoke(QueryExecutorMethodInterceptor.java:167) ~[spring-data-commons-4.1.1.jar:4.1.1]
	at org.springframework.data.repository.core.support.QueryExecutorMethodInterceptor.invoke(QueryExecutorMethodInterceptor.java:146) ~[spring-data-commons-4.1.1.jar:4.1.1]
	at org.springframework.aop.framework.ReflectiveMethodInvocation.proceed(ReflectiveMethodInvocation.java:179) ~[spring-aop-7.0.9.jar:7.0.9]
	at org.springframework.data.projection.DefaultMethodInvokingMethodInterceptor.invoke(DefaultMethodInvokingMethodInterceptor.java:69) ~[spring-data-commons-4.1.1.jar:4.1.1]
	at org.springframework.aop.framework.ReflectiveMethodInvocation.proceed(ReflectiveMethodInvocation.java:179) ~[spring-aop-7.0.9.jar:7.0.9]
	at org.springframework.transaction.interceptor.TransactionInterceptor$1.proceedWithInvocation(TransactionInterceptor.java:133) ~[spring-tx-7.0.9.jar:7.0.9]
	at org.springframework.transaction.interceptor.TransactionAspectSupport.invokeWithinTransaction(TransactionAspectSupport.java:371) ~[spring-tx-7.0.9.jar:7.0.9]
	at org.springframework.transaction.interceptor.TransactionInterceptor.invoke(TransactionInterceptor.java:130) ~[spring-tx-7.0.9.jar:7.0.9]
	at org.springframework.aop.framework.ReflectiveMethodInvocation.proceed(ReflectiveMethodInvocation.java:179) ~[spring-aop-7.0.9.jar:7.0.9]
	at org.springframework.dao.support.PersistenceExceptionTranslationInterceptor.invoke(PersistenceExceptionTranslationInterceptor.java:135) ~[spring-tx-7.0.9.jar:7.0.9]
	at org.springframework.aop.framework.ReflectiveMethodInvocation.proceed(ReflectiveMethodInvocation.java:179) ~[spring-aop-7.0.9.jar:7.0.9]
	at org.springframework.data.jpa.repository.support.CrudMethodMetadataPostProcessor$CrudMethodMetadataPopulatingMethodInterceptor.invoke(CrudMethodMetadataPostProcessor.java:137) ~[spring-data-jpa-4.1.1.jar:4.1.1]
	at org.springframework.aop.framework.ReflectiveMethodInvocation.proceed(ReflectiveMethodInvocation.java:179) ~[spring-aop-7.0.9.jar:7.0.9]
	at org.springframework.aop.framework.JdkDynamicAopProxy.invoke(JdkDynamicAopProxy.java:222) ~[spring-aop-7.0.9.jar:7.0.9]
	at jdk.proxy2/jdk.proxy2.$Proxy202.findByStatusAndIdleExpiresAtBefore(Unknown Source) ~[na:na]
	at com.nomadgames.matchmaking.RoomService.lambda$closeExpiredLobbies$7(RoomService.java:151) ~[classes/:na]
	at org.springframework.transaction.support.TransactionTemplate.execute(TransactionTemplate.java:137) ~[spring-tx-7.0.9.jar:7.0.9]
	at com.nomadgames.matchmaking.RoomService.closeExpiredLobbies(RoomService.java:150) ~[classes/:na]
	at java.base/jdk.internal.reflect.DirectMethodHandleAccessor.invoke(DirectMethodHandleAccessor.java:103) ~[na:na]
	at java.base/java.lang.reflect.Method.invoke(Method.java:580) ~[na:na]
	at org.springframework.scheduling.support.ScheduledMethodRunnable.runInternal(ScheduledMethodRunnable.java:128) ~[spring-context-7.0.9.jar:7.0.9]
	at org.springframework.scheduling.support.ScheduledMethodRunnable.lambda$run$1(ScheduledMethodRunnable.java:122) ~[spring-context-7.0.9.jar:7.0.9]
	at io.micrometer.observation.Observation.observe(Observation.java:569) ~[micrometer-observation-1.17.1.jar:1.17.1]
	at org.springframework.scheduling.support.ScheduledMethodRunnable.run(ScheduledMethodRunnable.java:122) ~[spring-context-7.0.9.jar:7.0.9]
	at org.springframework.scheduling.config.Task$OutcomeTrackingRunnable.run(Task.java:88) ~[spring-context-7.0.9.jar:7.0.9]
	at org.springframework.scheduling.support.DelegatingErrorHandlingRunnable.run(DelegatingErrorHandlingRunnable.java:54) ~[spring-context-7.0.9.jar:7.0.9]
	at java.base/java.util.concurrent.Executors$RunnableAdapter.call(Executors.java:572) ~[na:na]
	at java.base/java.util.concurrent.FutureTask.runAndReset(FutureTask.java:358) ~[na:na]
	at java.base/java.util.concurrent.ScheduledThreadPoolExecutor$ScheduledFutureTask.run(ScheduledThreadPoolExecutor.java:305) ~[na:na]
	at java.base/java.util.concurrent.ThreadPoolExecutor.runWorker(ThreadPoolExecutor.java:1144) ~[na:na]
	at java.base/java.util.concurrent.ThreadPoolExecutor$Worker.run(ThreadPoolExecutor.java:642) ~[na:na]
	at java.base/java.lang.Thread.run(Thread.java:1583) ~[na:na]
Caused by: java.net.SocketException: Программа на вашем хост-компьютере разорвала установленное подключение
	at java.base/sun.nio.ch.SocketDispatcher.read0(Native Method) ~[na:na]
	at java.base/sun.nio.ch.SocketDispatcher.read(SocketDispatcher.java:47) ~[na:na]
	at java.base/sun.nio.ch.NioSocketImpl.tryRead(NioSocketImpl.java:256) ~[na:na]
	at java.base/sun.nio.ch.NioSocketImpl.implRead(NioSocketImpl.java:307) ~[na:na]
	at java.base/sun.nio.ch.NioSocketImpl.read(NioSocketImpl.java:346) ~[na:na]
	at java.base/sun.nio.ch.NioSocketImpl$1.read(NioSocketImpl.java:796) ~[na:na]
	at java.base/java.net.Socket$SocketInputStream.read(Socket.java:1099) ~[na:na]
	at org.postgresql.core.VisibleBufferedInputStream.readMore(VisibleBufferedInputStream.java:192) ~[postgresql-42.7.13.jar:42.7.13]
	at org.postgresql.core.VisibleBufferedInputStream.ensureBytes(VisibleBufferedInputStream.java:159) ~[postgresql-42.7.13.jar:42.7.13]
	at org.postgresql.core.VisibleBufferedInputStream.ensureBytes(VisibleBufferedInputStream.java:144) ~[postgresql-42.7.13.jar:42.7.13]
	at org.postgresql.core.VisibleBufferedInputStream.read(VisibleBufferedInputStream.java:76) ~[postgresql-42.7.13.jar:42.7.13]
	at org.postgresql.core.PGStream.receiveChar(PGStream.java:480) ~[postgresql-42.7.13.jar:42.7.13]
	at org.postgresql.core.v3.QueryExecutorImpl.processResults(QueryExecutorImpl.java:2383) ~[postgresql-42.7.13.jar:42.7.13]
	at org.postgresql.core.v3.QueryExecutorImpl.execute(QueryExecutorImpl.java:446) ~[postgresql-42.7.13.jar:42.7.13]
	... 59 common frames omitted

2026-09-11T16:47:22.122+05:00  WARN 38148 --- [nomad-games] [   scheduling-1] org.hibernate.orm.jdbc.error             : HHH000247: ErrorCode: 0, SQLState: 08006
2026-09-11T16:47:22.122+05:00  WARN 38148 --- [nomad-games] [   scheduling-1] org.hibernate.orm.jdbc.error             : Ошибка ввода/вывода при отправке бэкенду.
2026-09-11T16:47:22.123+05:00 ERROR 38148 --- [nomad-games] [   scheduling-1] o.s.t.support.TransactionTemplate        : Application exception overridden by rollback exception

org.springframework.dao.DataAccessResourceFailureException: JDBC exception executing SQL [Ошибка ввода/вывода при отправке бэкенду.] [select re1_0.id,re1_0.code,re1_0.created_at,re1_0.host_id,re1_0.host_ready,re1_0.idle_expires_at,re1_0.joiner_id,re1_0.joiner_ready,re1_0.match_id,re1_0.status,re1_0.version from rooms re1_0 where re1_0.status=? and re1_0.idle_expires_at<?]
	at org.springframework.orm.jpa.hibernate.HibernateExceptionTranslator.convertHibernateAccessException(HibernateExceptionTranslator.java:153) ~[spring-orm-7.0.9.jar:7.0.9]
	at org.springframework.orm.jpa.hibernate.HibernateExceptionTranslator.convertHibernateAccessException(HibernateExceptionTranslator.java:131) ~[spring-orm-7.0.9.jar:7.0.9]
	at org.springframework.orm.jpa.hibernate.HibernateExceptionTranslator.translateExceptionIfPossible(HibernateExceptionTranslator.java:105) ~[spring-orm-7.0.9.jar:7.0.9]
	at org.springframework.orm.jpa.vendor.HibernateJpaDialect.translateExceptionIfPossible(HibernateJpaDialect.java:223) ~[spring-orm-7.0.9.jar:7.0.9]
	at org.springframework.orm.jpa.AbstractEntityManagerFactoryBean.translateExceptionIfPossible(AbstractEntityManagerFactoryBean.java:577) ~[spring-orm-7.0.9.jar:7.0.9]
	at org.springframework.dao.support.ChainedPersistenceExceptionTranslator.translateExceptionIfPossible(ChainedPersistenceExceptionTranslator.java:61) ~[spring-tx-7.0.9.jar:7.0.9]
	at org.springframework.dao.support.DataAccessUtils.translateIfNecessary(DataAccessUtils.java:346) ~[spring-tx-7.0.9.jar:7.0.9]
	at org.springframework.dao.support.PersistenceExceptionTranslationInterceptor.invoke(PersistenceExceptionTranslationInterceptor.java:157) ~[spring-tx-7.0.9.jar:7.0.9]
	at org.springframework.aop.framework.ReflectiveMethodInvocation.proceed(ReflectiveMethodInvocation.java:179) ~[spring-aop-7.0.9.jar:7.0.9]
	at org.springframework.data.jpa.repository.support.CrudMethodMetadataPostProcessor$CrudMethodMetadataPopulatingMethodInterceptor.invoke(CrudMethodMetadataPostProcessor.java:137) ~[spring-data-jpa-4.1.1.jar:4.1.1]
	at org.springframework.aop.framework.ReflectiveMethodInvocation.proceed(ReflectiveMethodInvocation.java:179) ~[spring-aop-7.0.9.jar:7.0.9]
	at org.springframework.aop.framework.JdkDynamicAopProxy.invoke(JdkDynamicAopProxy.java:222) ~[spring-aop-7.0.9.jar:7.0.9]
	at jdk.proxy2/jdk.proxy2.$Proxy202.findByStatusAndIdleExpiresAtBefore(Unknown Source) ~[na:na]
	at com.nomadgames.matchmaking.RoomService.lambda$closeExpiredLobbies$7(RoomService.java:151) ~[classes/:na]
	at org.springframework.transaction.support.TransactionTemplate.execute(TransactionTemplate.java:137) ~[spring-tx-7.0.9.jar:7.0.9]
	at com.nomadgames.matchmaking.RoomService.closeExpiredLobbies(RoomService.java:150) ~[classes/:na]
	at java.base/jdk.internal.reflect.DirectMethodHandleAccessor.invoke(DirectMethodHandleAccessor.java:103) ~[na:na]
	at java.base/java.lang.reflect.Method.invoke(Method.java:580) ~[na:na]
	at org.springframework.scheduling.support.ScheduledMethodRunnable.runInternal(ScheduledMethodRunnable.java:128) ~[spring-context-7.0.9.jar:7.0.9]
	at org.springframework.scheduling.support.ScheduledMethodRunnable.lambda$run$1(ScheduledMethodRunnable.java:122) ~[spring-context-7.0.9.jar:7.0.9]
	at io.micrometer.observation.Observation.observe(Observation.java:569) ~[micrometer-observation-1.17.1.jar:1.17.1]
	at org.springframework.scheduling.support.ScheduledMethodRunnable.run(ScheduledMethodRunnable.java:122) ~[spring-context-7.0.9.jar:7.0.9]
	at org.springframework.scheduling.config.Task$OutcomeTrackingRunnable.run(Task.java:88) ~[spring-context-7.0.9.jar:7.0.9]
	at org.springframework.scheduling.support.DelegatingErrorHandlingRunnable.run(DelegatingErrorHandlingRunnable.java:54) ~[spring-context-7.0.9.jar:7.0.9]
	at java.base/java.util.concurrent.Executors$RunnableAdapter.call(Executors.java:572) ~[na:na]
	at java.base/java.util.concurrent.FutureTask.runAndReset(FutureTask.java:358) ~[na:na]
	at java.base/java.util.concurrent.ScheduledThreadPoolExecutor$ScheduledFutureTask.run(ScheduledThreadPoolExecutor.java:305) ~[na:na]
	at java.base/java.util.concurrent.ThreadPoolExecutor.runWorker(ThreadPoolExecutor.java:1144) ~[na:na]
	at java.base/java.util.concurrent.ThreadPoolExecutor$Worker.run(ThreadPoolExecutor.java:642) ~[na:na]
	at java.base/java.lang.Thread.run(Thread.java:1583) ~[na:na]
Caused by: org.hibernate.exception.JDBCConnectionException: JDBC exception executing SQL [Ошибка ввода/вывода при отправке бэкенду.] [select re1_0.id,re1_0.code,re1_0.created_at,re1_0.host_id,re1_0.host_ready,re1_0.idle_expires_at,re1_0.joiner_id,re1_0.joiner_ready,re1_0.match_id,re1_0.status,re1_0.version from rooms re1_0 where re1_0.status=? and re1_0.idle_expires_at<?]
	at org.hibernate.exception.internal.SQLStateConversionDelegate.convert(SQLStateConversionDelegate.java:80) ~[hibernate-core-7.4.5.Final.jar:7.4.5.Final]
	at org.hibernate.exception.internal.StandardSQLExceptionConverter.convert(StandardSQLExceptionConverter.java:34) ~[hibernate-core-7.4.5.Final.jar:7.4.5.Final]
	at org.hibernate.engine.jdbc.spi.SqlExceptionHelper.convert(SqlExceptionHelper.java:115) ~[hibernate-core-7.4.5.Final.jar:7.4.5.Final]
	at org.hibernate.sql.results.jdbc.internal.DeferredResultSetAccess.executeQuery(DeferredResultSetAccess.java:292) ~[hibernate-core-7.4.5.Final.jar:7.4.5.Final]
	at org.hibernate.sql.results.jdbc.internal.DeferredResultSetAccess.getResultSet(DeferredResultSetAccess.java:188) ~[hibernate-core-7.4.5.Final.jar:7.4.5.Final]
	at org.hibernate.sql.results.jdbc.internal.JdbcValuesResultSetImpl.<init>(JdbcValuesResultSetImpl.java:71) ~[hibernate-core-7.4.5.Final.jar:7.4.5.Final]
	at org.hibernate.sql.exec.internal.JdbcSelectExecutorStandardImpl.resolveJdbcValues(JdbcSelectExecutorStandardImpl.java:422) ~[hibernate-core-7.4.5.Final.jar:7.4.5.Final]
	at org.hibernate.sql.exec.internal.JdbcSelectExecutorStandardImpl.resolveJdbcValuesSource(JdbcSelectExecutorStandardImpl.java:349) ~[hibernate-core-7.4.5.Final.jar:7.4.5.Final]
	at org.hibernate.sql.exec.internal.JdbcSelectExecutorStandardImpl.doExecuteQuery(JdbcSelectExecutorStandardImpl.java:143) ~[hibernate-core-7.4.5.Final.jar:7.4.5.Final]
	at org.hibernate.sql.exec.internal.JdbcSelectExecutorStandardImpl.executeQuery(JdbcSelectExecutorStandardImpl.java:100) ~[hibernate-core-7.4.5.Final.jar:7.4.5.Final]
	at org.hibernate.sql.exec.spi.JdbcSelectExecutor.executeQuery(JdbcSelectExecutor.java:63) ~[hibernate-core-7.4.5.Final.jar:7.4.5.Final]
	at org.hibernate.sql.exec.spi.JdbcSelectExecutor.list(JdbcSelectExecutor.java:137) ~[hibernate-core-7.4.5.Final.jar:7.4.5.Final]
	at org.hibernate.query.sqm.internal.ConcreteSqmSelectQueryPlan.lambda$new$1(ConcreteSqmSelectQueryPlan.java:136) ~[hibernate-core-7.4.5.Final.jar:7.4.5.Final]
	at org.hibernate.query.sqm.internal.ConcreteSqmSelectQueryPlan.withCacheableSqmInterpretation(ConcreteSqmSelectQueryPlan.java:484) ~[hibernate-core-7.4.5.Final.jar:7.4.5.Final]
	at org.hibernate.query.sqm.internal.ConcreteSqmSelectQueryPlan.performList(ConcreteSqmSelectQueryPlan.java:411) ~[hibernate-core-7.4.5.Final.jar:7.4.5.Final]
	at org.hibernate.query.sqm.internal.SqmQueryImpl.doList(SqmQueryImpl.java:379) ~[hibernate-core-7.4.5.Final.jar:7.4.5.Final]
	at org.hibernate.query.spi.AbstractSelectionQuery.list(AbstractSelectionQuery.java:153) ~[hibernate-core-7.4.5.Final.jar:7.4.5.Final]
	at org.hibernate.query.Query.getResultList(Query.java:121) ~[hibernate-core-7.4.5.Final.jar:7.4.5.Final]
	at org.springframework.data.jpa.repository.query.JpaQueryExecution$CollectionExecution.doExecute(JpaQueryExecution.java:141) ~[spring-data-jpa-4.1.1.jar:4.1.1]
	at org.springframework.data.jpa.repository.query.JpaQueryExecution.execute(JpaQueryExecution.java:100) ~[spring-data-jpa-4.1.1.jar:4.1.1]
	at org.springframework.data.jpa.repository.query.AbstractJpaQuery.doExecute(AbstractJpaQuery.java:166) ~[spring-data-jpa-4.1.1.jar:4.1.1]
	at org.springframework.data.jpa.repository.query.AbstractJpaQuery.execute(AbstractJpaQuery.java:156) ~[spring-data-jpa-4.1.1.jar:4.1.1]
	at org.springframework.data.repository.core.support.RepositoryMethodInvoker.doInvoke(RepositoryMethodInvoker.java:169) ~[spring-data-commons-4.1.1.jar:4.1.1]
	at org.springframework.data.repository.core.support.RepositoryMethodInvoker.invoke(RepositoryMethodInvoker.java:158) ~[spring-data-commons-4.1.1.jar:4.1.1]
	at org.springframework.data.repository.core.support.QueryExecutorMethodInterceptor.doInvoke(QueryExecutorMethodInterceptor.java:167) ~[spring-data-commons-4.1.1.jar:4.1.1]
	at org.springframework.data.repository.core.support.QueryExecutorMethodInterceptor.invoke(QueryExecutorMethodInterceptor.java:146) ~[spring-data-commons-4.1.1.jar:4.1.1]
	at org.springframework.aop.framework.ReflectiveMethodInvocation.proceed(ReflectiveMethodInvocation.java:179) ~[spring-aop-7.0.9.jar:7.0.9]
	at org.springframework.data.projection.DefaultMethodInvokingMethodInterceptor.invoke(DefaultMethodInvokingMethodInterceptor.java:69) ~[spring-data-commons-4.1.1.jar:4.1.1]
	at org.springframework.aop.framework.ReflectiveMethodInvocation.proceed(ReflectiveMethodInvocation.java:179) ~[spring-aop-7.0.9.jar:7.0.9]
	at org.springframework.transaction.interceptor.TransactionInterceptor$1.proceedWithInvocation(TransactionInterceptor.java:133) ~[spring-tx-7.0.9.jar:7.0.9]
	at org.springframework.transaction.interceptor.TransactionAspectSupport.invokeWithinTransaction(TransactionAspectSupport.java:371) ~[spring-tx-7.0.9.jar:7.0.9]
	at org.springframework.transaction.interceptor.TransactionInterceptor.invoke(TransactionInterceptor.java:130) ~[spring-tx-7.0.9.jar:7.0.9]
	at org.springframework.aop.framework.ReflectiveMethodInvocation.proceed(ReflectiveMethodInvocation.java:179) ~[spring-aop-7.0.9.jar:7.0.9]
	at org.springframework.dao.support.PersistenceExceptionTranslationInterceptor.invoke(PersistenceExceptionTranslationInterceptor.java:135) ~[spring-tx-7.0.9.jar:7.0.9]
	... 22 common frames omitted
Caused by: org.postgresql.util.PSQLException: Ошибка ввода/вывода при отправке бэкенду.
	at org.postgresql.core.v3.QueryExecutorImpl.execute(QueryExecutorImpl.java:474) ~[postgresql-42.7.13.jar:42.7.13]
	at org.postgresql.jdbc.PgStatement.executeInternal(PgStatement.java:533) ~[postgresql-42.7.13.jar:42.7.13]
	at org.postgresql.jdbc.PgStatement.execute(PgStatement.java:449) ~[postgresql-42.7.13.jar:42.7.13]
	at org.postgresql.jdbc.PgPreparedStatement.executeWithFlags(PgPreparedStatement.java:197) ~[postgresql-42.7.13.jar:42.7.13]
	at org.postgresql.jdbc.PgPreparedStatement.executeQuery(PgPreparedStatement.java:140) ~[postgresql-42.7.13.jar:42.7.13]
	at com.zaxxer.hikari.pool.ProxyPreparedStatement.executeQuery(ProxyPreparedStatement.java:52) ~[HikariCP-7.0.2.jar:na]
	at com.zaxxer.hikari.pool.HikariProxyPreparedStatement.executeQuery(HikariProxyPreparedStatement.java) ~[HikariCP-7.0.2.jar:na]
	at org.hibernate.sql.results.jdbc.internal.DeferredResultSetAccess.executeQuery(DeferredResultSetAccess.java:269) ~[hibernate-core-7.4.5.Final.jar:7.4.5.Final]
	... 52 common frames omitted
Caused by: java.net.SocketException: Программа на вашем хост-компьютере разорвала установленное подключение
	at java.base/sun.nio.ch.SocketDispatcher.read0(Native Method) ~[na:na]
	at java.base/sun.nio.ch.SocketDispatcher.read(SocketDispatcher.java:47) ~[na:na]
	at java.base/sun.nio.ch.NioSocketImpl.tryRead(NioSocketImpl.java:256) ~[na:na]
	at java.base/sun.nio.ch.NioSocketImpl.implRead(NioSocketImpl.java:307) ~[na:na]
	at java.base/sun.nio.ch.NioSocketImpl.read(NioSocketImpl.java:346) ~[na:na]
	at java.base/sun.nio.ch.NioSocketImpl$1.read(NioSocketImpl.java:796) ~[na:na]
	at java.base/java.net.Socket$SocketInputStream.read(Socket.java:1099) ~[na:na]
	at org.postgresql.core.VisibleBufferedInputStream.readMore(VisibleBufferedInputStream.java:192) ~[postgresql-42.7.13.jar:42.7.13]
	at org.postgresql.core.VisibleBufferedInputStream.ensureBytes(VisibleBufferedInputStream.java:159) ~[postgresql-42.7.13.jar:42.7.13]
	at org.postgresql.core.VisibleBufferedInputStream.ensureBytes(VisibleBufferedInputStream.java:144) ~[postgresql-42.7.13.jar:42.7.13]
	at org.postgresql.core.VisibleBufferedInputStream.read(VisibleBufferedInputStream.java:76) ~[postgresql-42.7.13.jar:42.7.13]
	at org.postgresql.core.PGStream.receiveChar(PGStream.java:480) ~[postgresql-42.7.13.jar:42.7.13]
	at org.postgresql.core.v3.QueryExecutorImpl.processResults(QueryExecutorImpl.java:2383) ~[postgresql-42.7.13.jar:42.7.13]
	at org.postgresql.core.v3.QueryExecutorImpl.execute(QueryExecutorImpl.java:446) ~[postgresql-42.7.13.jar:42.7.13]
	... 59 common frames omitted

2026-09-11T16:47:22.125+05:00 ERROR 38148 --- [nomad-games] [   scheduling-1] o.s.s.s.TaskUtils$LoggingErrorHandler    : Unexpected error occurred in scheduled task

org.springframework.orm.jpa.JpaSystemException: Unable to rollback against JDBC Connection
	at org.springframework.orm.jpa.hibernate.HibernateExceptionTranslator.convertHibernateAccessException(HibernateExceptionTranslator.java:223) ~[spring-orm-7.0.9.jar:7.0.9]
	at org.springframework.orm.jpa.hibernate.HibernateExceptionTranslator.convertHibernateAccessException(HibernateExceptionTranslator.java:131) ~[spring-orm-7.0.9.jar:7.0.9]
	at org.springframework.orm.jpa.hibernate.HibernateExceptionTranslator.translateExceptionIfPossible(HibernateExceptionTranslator.java:105) ~[spring-orm-7.0.9.jar:7.0.9]
	at org.springframework.orm.jpa.vendor.HibernateJpaDialect.translateExceptionIfPossible(HibernateJpaDialect.java:223) ~[spring-orm-7.0.9.jar:7.0.9]
	at org.springframework.orm.jpa.JpaTransactionManager.doRollback(JpaTransactionManager.java:583) ~[spring-orm-7.0.9.jar:7.0.9]
	at org.springframework.transaction.support.AbstractPlatformTransactionManager.processRollback(AbstractPlatformTransactionManager.java:896) ~[spring-tx-7.0.9.jar:7.0.9]
	at org.springframework.transaction.support.AbstractPlatformTransactionManager.rollback(AbstractPlatformTransactionManager.java:865) ~[spring-tx-7.0.9.jar:7.0.9]
	at org.springframework.transaction.support.TransactionTemplate.rollbackOnException(TransactionTemplate.java:165) ~[spring-tx-7.0.9.jar:7.0.9]
	at org.springframework.transaction.support.TransactionTemplate.execute(TransactionTemplate.java:141) ~[spring-tx-7.0.9.jar:7.0.9]
	at com.nomadgames.matchmaking.RoomService.closeExpiredLobbies(RoomService.java:150) ~[classes/:na]
	at java.base/jdk.internal.reflect.DirectMethodHandleAccessor.invoke(DirectMethodHandleAccessor.java:103) ~[na:na]
	at java.base/java.lang.reflect.Method.invoke(Method.java:580) ~[na:na]
	at org.springframework.scheduling.support.ScheduledMethodRunnable.runInternal(ScheduledMethodRunnable.java:128) ~[spring-context-7.0.9.jar:7.0.9]
	at org.springframework.scheduling.support.ScheduledMethodRunnable.lambda$run$1(ScheduledMethodRunnable.java:122) ~[spring-context-7.0.9.jar:7.0.9]
	at io.micrometer.observation.Observation.observe(Observation.java:569) ~[micrometer-observation-1.17.1.jar:1.17.1]
	at org.springframework.scheduling.support.ScheduledMethodRunnable.run(ScheduledMethodRunnable.java:122) ~[spring-context-7.0.9.jar:7.0.9]
	at org.springframework.scheduling.config.Task$OutcomeTrackingRunnable.run(Task.java:88) ~[spring-context-7.0.9.jar:7.0.9]
	at org.springframework.scheduling.support.DelegatingErrorHandlingRunnable.run(DelegatingErrorHandlingRunnable.java:54) ~[spring-context-7.0.9.jar:7.0.9]
	at java.base/java.util.concurrent.Executors$RunnableAdapter.call(Executors.java:572) ~[na:na]
	at java.base/java.util.concurrent.FutureTask.runAndReset(FutureTask.java:358) ~[na:na]
	at java.base/java.util.concurrent.ScheduledThreadPoolExecutor$ScheduledFutureTask.run(ScheduledThreadPoolExecutor.java:305) ~[na:na]
	at java.base/java.util.concurrent.ThreadPoolExecutor.runWorker(ThreadPoolExecutor.java:1144) ~[na:na]
	at java.base/java.util.concurrent.ThreadPoolExecutor$Worker.run(ThreadPoolExecutor.java:642) ~[na:na]
	at java.base/java.lang.Thread.run(Thread.java:1583) ~[na:na]
Caused by: org.hibernate.TransactionException: Unable to rollback against JDBC Connection
	at org.hibernate.resource.jdbc.internal.AbstractLogicalConnectionImplementor.rollback(AbstractLogicalConnectionImplementor.java:151) ~[hibernate-core-7.4.5.Final.jar:7.4.5.Final]
	at org.hibernate.resource.transaction.backend.jdbc.internal.JdbcResourceLocalTransactionCoordinatorImpl$TransactionDriverControlImpl.rollback(JdbcResourceLocalTransactionCoordinatorImpl.java:300) ~[hibernate-core-7.4.5.Final.jar:7.4.5.Final]
	at org.hibernate.engine.transaction.internal.TransactionImpl.rollback(TransactionImpl.java:123) ~[hibernate-core-7.4.5.Final.jar:7.4.5.Final]
	at org.springframework.orm.jpa.JpaTransactionManager.doRollback(JpaTransactionManager.java:579) ~[spring-orm-7.0.9.jar:7.0.9]
	... 19 common frames omitted
Caused by: java.sql.SQLException: Connection is closed
	at com.zaxxer.hikari.pool.ProxyConnection$ClosedConnection.lambda$getClosedConnection$0(ProxyConnection.java:559) ~[HikariCP-7.0.2.jar:na]
	at jdk.proxy3/jdk.proxy3.$Proxy162.rollback(Unknown Source) ~[na:na]
	at com.zaxxer.hikari.pool.ProxyConnection.rollback(ProxyConnection.java:386) ~[HikariCP-7.0.2.jar:na]
	at com.zaxxer.hikari.pool.HikariProxyConnection.rollback(HikariProxyConnection.java) ~[HikariCP-7.0.2.jar:na]
	at org.hibernate.resource.jdbc.internal.AbstractLogicalConnectionImplementor.rollback(AbstractLogicalConnectionImplementor.java:141) ~[hibernate-core-7.4.5.Final.jar:7.4.5.Final]
	... 22 common frames omitted

2026-09-11T16:47:22.129+05:00  INFO 38148 --- [nomad-games] [           main] tc.postgres:18                           : Creating container for image: postgres:18
2026-09-11T16:47:22.230+05:00  INFO 38148 --- [nomad-games] [           main] tc.postgres:18                           : Container postgres:18 is starting: 22bb64112814b65054a3daa34d1498e06ed4fb12586950859f5889802a306560
2026-09-11T16:47:23.125+05:00  WARN 38148 --- [nomad-games] [   scheduling-1] com.zaxxer.hikari.pool.PoolBase          : HikariPool-5 - Failed to validate connection org.postgresql.jdbc.PgConnection@6d270764 (Соединение закрыто.). Possibly consider using a shorter maxLifetime value.
2026-09-11T16:47:23.126+05:00  WARN 38148 --- [nomad-games] [   scheduling-1] com.zaxxer.hikari.pool.PoolBase          : HikariPool-5 - Failed to validate connection org.postgresql.jdbc.PgConnection@f864af6 (Соединение закрыто.). Possibly consider using a shorter maxLifetime value.
2026-09-11T16:47:23.126+05:00  WARN 38148 --- [nomad-games] [   scheduling-1] com.zaxxer.hikari.pool.PoolBase          : HikariPool-5 - Failed to validate connection org.postgresql.jdbc.PgConnection@6d1a1d58 (Соединение закрыто.). Possibly consider using a shorter maxLifetime value.
2026-09-11T16:47:23.127+05:00  WARN 38148 --- [nomad-games] [   scheduling-1] com.zaxxer.hikari.pool.PoolBase          : HikariPool-5 - Failed to validate connection org.postgresql.jdbc.PgConnection@2238a492 (Соединение закрыто.). Possibly consider using a shorter maxLifetime value.
2026-09-11T16:47:23.129+05:00  WARN 38148 --- [nomad-games] [   scheduling-1] com.zaxxer.hikari.pool.PoolBase          : HikariPool-5 - Failed to validate connection org.postgresql.jdbc.PgConnection@77718b96 (Соединение закрыто.). Possibly consider using a shorter maxLifetime value.
2026-09-11T16:47:23.130+05:00  WARN 38148 --- [nomad-games] [   scheduling-1] com.zaxxer.hikari.pool.PoolBase          : HikariPool-5 - Failed to validate connection org.postgresql.jdbc.PgConnection@4a9dbe74 (Соединение закрыто.). Possibly consider using a shorter maxLifetime value.
2026-09-11T16:47:23.130+05:00  WARN 38148 --- [nomad-games] [   scheduling-1] com.zaxxer.hikari.pool.PoolBase          : HikariPool-5 - Failed to validate connection org.postgresql.jdbc.PgConnection@77508aa2 (Соединение закрыто.). Possibly consider using a shorter maxLifetime value.
2026-09-11T16:47:23.131+05:00  WARN 38148 --- [nomad-games] [   scheduling-1] com.zaxxer.hikari.pool.PoolBase          : HikariPool-5 - Failed to validate connection org.postgresql.jdbc.PgConnection@102bbcee (Соединение закрыто.). Possibly consider using a shorter maxLifetime value.
2026-09-11T16:47:23.132+05:00  WARN 38148 --- [nomad-games] [   scheduling-1] com.zaxxer.hikari.pool.PoolBase          : HikariPool-5 - Failed to validate connection org.postgresql.jdbc.PgConnection@6b7db846 (Соединение закрыто.). Possibly consider using a shorter maxLifetime value.
2026-09-11T16:47:23.835+05:00  INFO 38148 --- [nomad-games] [           main] tc.postgres:18                           : Container postgres:18 started in PT1.7061246S
2026-09-11T16:47:23.836+05:00  INFO 38148 --- [nomad-games] [           main] tc.postgres:18                           : Container is started (JDBC URL: jdbc:postgresql://localhost:55007/test?loggerLevel=OFF)
2026-09-11T16:47:40.423+05:00  WARN 38148 --- [nomad-games] [onnection-adder] com.zaxxer.hikari.pool.PoolBase          : HikariPool-1 - Pool is empty, failed to create/setup connection (b05a59dc-219f-49b8-a3cc-c881a1df8331)

org.postgresql.util.PSQLException: Подключение по адресу localhost:60723 отклонено. Проверьте, что хост и порт указаны правильно и что postmaster принимает TCP/IP-соединения.
	at org.postgresql.core.v3.ConnectionFactoryImpl.openConnectionImpl(ConnectionFactoryImpl.java:427) ~[postgresql-42.7.13.jar:42.7.13]
	at org.postgresql.core.ConnectionFactory.openConnection(ConnectionFactory.java:52) ~[postgresql-42.7.13.jar:42.7.13]
	at org.postgresql.jdbc.PgConnection.<init>(PgConnection.java:295) ~[postgresql-42.7.13.jar:42.7.13]
	at org.postgresql.Driver.makeConnection(Driver.java:437) ~[postgresql-42.7.13.jar:42.7.13]
	at org.postgresql.Driver.connect(Driver.java:305) ~[postgresql-42.7.13.jar:42.7.13]
	at com.zaxxer.hikari.util.DriverDataSource.getConnection(DriverDataSource.java:144) ~[HikariCP-7.0.2.jar:na]
	at com.zaxxer.hikari.pool.PoolBase.newConnection(PoolBase.java:373) ~[HikariCP-7.0.2.jar:na]
	at com.zaxxer.hikari.pool.PoolBase.newPoolEntry(PoolBase.java:210) ~[HikariCP-7.0.2.jar:na]
	at com.zaxxer.hikari.pool.HikariPool.createPoolEntry(HikariPool.java:488) ~[HikariCP-7.0.2.jar:na]
	at com.zaxxer.hikari.pool.HikariPool$PoolEntryCreator.call(HikariPool.java:752) ~[HikariCP-7.0.2.jar:na]
	at com.zaxxer.hikari.pool.HikariPool$PoolEntryCreator.call(HikariPool.java:731) ~[HikariCP-7.0.2.jar:na]
	at java.base/java.util.concurrent.FutureTask.run(FutureTask.java:317) ~[na:na]
	at java.base/java.util.concurrent.ThreadPoolExecutor.runWorker(ThreadPoolExecutor.java:1144) ~[na:na]
	at java.base/java.util.concurrent.ThreadPoolExecutor$Worker.run(ThreadPoolExecutor.java:642) ~[na:na]
	at java.base/java.lang.Thread.run(Thread.java:1583) ~[na:na]
Caused by: java.net.ConnectException: Connection refused: getsockopt
	at java.base/sun.nio.ch.Net.pollConnect(Native Method) ~[na:na]
	at java.base/sun.nio.ch.Net.pollConnectNow(Net.java:694) ~[na:na]
	at java.base/sun.nio.ch.NioSocketImpl.timedFinishConnect(NioSocketImpl.java:542) ~[na:na]
	at java.base/sun.nio.ch.NioSocketImpl.connect(NioSocketImpl.java:592) ~[na:na]
	at java.base/java.net.SocksSocketImpl.connect(SocksSocketImpl.java:327) ~[na:na]
	at java.base/java.net.Socket.connect(Socket.java:751) ~[na:na]
	at org.postgresql.core.PGStream.createSocket(PGStream.java:270) ~[postgresql-42.7.13.jar:42.7.13]
	at org.postgresql.core.PGStream.<init>(PGStream.java:131) ~[postgresql-42.7.13.jar:42.7.13]
	at org.postgresql.core.v3.ConnectionFactoryImpl.tryConnect(ConnectionFactoryImpl.java:221) ~[postgresql-42.7.13.jar:42.7.13]
	at org.postgresql.core.v3.ConnectionFactoryImpl.openConnectionImpl(ConnectionFactoryImpl.java:367) ~[postgresql-42.7.13.jar:42.7.13]
	... 14 common frames omitted

2026-09-11T16:47:42.525+05:00  WARN 38148 --- [nomad-games] [onnection-adder] com.zaxxer.hikari.pool.PoolBase          : HikariPool-3 - Pool is empty, failed to create/setup connection (a4fe15b3-5e34-4db3-991e-3129f7917458)

org.postgresql.util.PSQLException: Подключение по адресу localhost:56346 отклонено. Проверьте, что хост и порт указаны правильно и что postmaster принимает TCP/IP-соединения.
	at org.postgresql.core.v3.ConnectionFactoryImpl.openConnectionImpl(ConnectionFactoryImpl.java:427) ~[postgresql-42.7.13.jar:42.7.13]
	at org.postgresql.core.ConnectionFactory.openConnection(ConnectionFactory.java:52) ~[postgresql-42.7.13.jar:42.7.13]
	at org.postgresql.jdbc.PgConnection.<init>(PgConnection.java:295) ~[postgresql-42.7.13.jar:42.7.13]
	at org.postgresql.Driver.makeConnection(Driver.java:437) ~[postgresql-42.7.13.jar:42.7.13]
	at org.postgresql.Driver.connect(Driver.java:305) ~[postgresql-42.7.13.jar:42.7.13]
	at com.zaxxer.hikari.util.DriverDataSource.getConnection(DriverDataSource.java:144) ~[HikariCP-7.0.2.jar:na]
	at com.zaxxer.hikari.pool.PoolBase.newConnection(PoolBase.java:373) ~[HikariCP-7.0.2.jar:na]
	at com.zaxxer.hikari.pool.PoolBase.newPoolEntry(PoolBase.java:210) ~[HikariCP-7.0.2.jar:na]
	at com.zaxxer.hikari.pool.HikariPool.createPoolEntry(HikariPool.java:488) ~[HikariCP-7.0.2.jar:na]
	at com.zaxxer.hikari.pool.HikariPool$PoolEntryCreator.call(HikariPool.java:752) ~[HikariCP-7.0.2.jar:na]
	at com.zaxxer.hikari.pool.HikariPool$PoolEntryCreator.call(HikariPool.java:731) ~[HikariCP-7.0.2.jar:na]
	at java.base/java.util.concurrent.FutureTask.run(FutureTask.java:317) ~[na:na]
	at java.base/java.util.concurrent.ThreadPoolExecutor.runWorker(ThreadPoolExecutor.java:1144) ~[na:na]
	at java.base/java.util.concurrent.ThreadPoolExecutor$Worker.run(ThreadPoolExecutor.java:642) ~[na:na]
	at java.base/java.lang.Thread.run(Thread.java:1583) ~[na:na]
Caused by: java.net.ConnectException: Connection refused: getsockopt
	at java.base/sun.nio.ch.Net.pollConnect(Native Method) ~[na:na]
	at java.base/sun.nio.ch.Net.pollConnectNow(Net.java:694) ~[na:na]
	at java.base/sun.nio.ch.NioSocketImpl.timedFinishConnect(NioSocketImpl.java:542) ~[na:na]
	at java.base/sun.nio.ch.NioSocketImpl.connect(NioSocketImpl.java:592) ~[na:na]
	at java.base/java.net.SocksSocketImpl.connect(SocksSocketImpl.java:327) ~[na:na]
	at java.base/java.net.Socket.connect(Socket.java:751) ~[na:na]
	at org.postgresql.core.PGStream.createSocket(PGStream.java:270) ~[postgresql-42.7.13.jar:42.7.13]
	at org.postgresql.core.PGStream.<init>(PGStream.java:131) ~[postgresql-42.7.13.jar:42.7.13]
	at org.postgresql.core.v3.ConnectionFactoryImpl.tryConnect(ConnectionFactoryImpl.java:221) ~[postgresql-42.7.13.jar:42.7.13]
	at org.postgresql.core.v3.ConnectionFactoryImpl.openConnectionImpl(ConnectionFactoryImpl.java:367) ~[postgresql-42.7.13.jar:42.7.13]
	... 14 common frames omitted

2026-09-11T16:47:53.129+05:00  WARN 38148 --- [nomad-games] [   scheduling-1] org.hibernate.orm.jdbc.error             : HHH000247: ErrorCode: 0, SQLState: 08001
2026-09-11T16:47:53.130+05:00  WARN 38148 --- [nomad-games] [   scheduling-1] org.hibernate.orm.jdbc.error             : HikariPool-5 - Connection is not available, request timed out after 30005ms (total=0, active=0, idle=0, waiting=0)
2026-09-11T16:47:53.130+05:00  WARN 38148 --- [nomad-games] [   scheduling-1] org.hibernate.orm.jdbc.error             : HHH000247: ErrorCode: 0, SQLState: 08001
2026-09-11T16:47:53.130+05:00  WARN 38148 --- [nomad-games] [   scheduling-1] org.hibernate.orm.jdbc.error             : HikariPool-5 - Connection is not available, request timed out after 30005ms (total=0, active=0, idle=0, waiting=0)
2026-09-11T16:47:53.130+05:00 ERROR 38148 --- [nomad-games] [   scheduling-1] o.s.s.s.TaskUtils$LoggingErrorHandler    : Unexpected error occurred in scheduled task

org.springframework.transaction.CannotCreateTransactionException: Could not open JPA EntityManager for transaction
	at org.springframework.orm.jpa.JpaTransactionManager.doBegin(JpaTransactionManager.java:457) ~[spring-orm-7.0.9.jar:7.0.9]
	at org.springframework.transaction.support.AbstractPlatformTransactionManager.startTransaction(AbstractPlatformTransactionManager.java:532) ~[spring-tx-7.0.9.jar:7.0.9]
	at org.springframework.transaction.support.AbstractPlatformTransactionManager.getTransaction(AbstractPlatformTransactionManager.java:405) ~[spring-tx-7.0.9.jar:7.0.9]
	at org.springframework.transaction.interceptor.TransactionAspectSupport.createTransactionIfNecessary(TransactionAspectSupport.java:628) ~[spring-tx-7.0.9.jar:7.0.9]
	at org.springframework.transaction.interceptor.TransactionAspectSupport.invokeWithinTransaction(TransactionAspectSupport.java:365) ~[spring-tx-7.0.9.jar:7.0.9]
	at org.springframework.transaction.interceptor.TransactionInterceptor.invoke(TransactionInterceptor.java:130) ~[spring-tx-7.0.9.jar:7.0.9]
	at org.springframework.aop.framework.ReflectiveMethodInvocation.proceed(ReflectiveMethodInvocation.java:179) ~[spring-aop-7.0.9.jar:7.0.9]
	at org.springframework.aop.framework.CglibAopProxy$DynamicAdvisedInterceptor.intercept(CglibAopProxy.java:719) ~[spring-aop-7.0.9.jar:7.0.9]
	at com.nomadgames.session.MatchService$$SpringCGLIB$$0.expireReconnectGraces(<generated>) ~[classes/:na]
	at java.base/jdk.internal.reflect.DirectMethodHandleAccessor.invoke(DirectMethodHandleAccessor.java:103) ~[na:na]
	at java.base/java.lang.reflect.Method.invoke(Method.java:580) ~[na:na]
	at org.springframework.scheduling.support.ScheduledMethodRunnable.runInternal(ScheduledMethodRunnable.java:128) ~[spring-context-7.0.9.jar:7.0.9]
	at org.springframework.scheduling.support.ScheduledMethodRunnable.lambda$run$1(ScheduledMethodRunnable.java:122) ~[spring-context-7.0.9.jar:7.0.9]
	at io.micrometer.observation.Observation.observe(Observation.java:569) ~[micrometer-observation-1.17.1.jar:1.17.1]
	at org.springframework.scheduling.support.ScheduledMethodRunnable.run(ScheduledMethodRunnable.java:122) ~[spring-context-7.0.9.jar:7.0.9]
	at org.springframework.scheduling.config.Task$OutcomeTrackingRunnable.run(Task.java:88) ~[spring-context-7.0.9.jar:7.0.9]
	at org.springframework.scheduling.support.DelegatingErrorHandlingRunnable.run(DelegatingErrorHandlingRunnable.java:54) ~[spring-context-7.0.9.jar:7.0.9]
	at java.base/java.util.concurrent.Executors$RunnableAdapter.call(Executors.java:572) ~[na:na]
	at java.base/java.util.concurrent.FutureTask.runAndReset(FutureTask.java:358) ~[na:na]
	at java.base/java.util.concurrent.ScheduledThreadPoolExecutor$ScheduledFutureTask.run(ScheduledThreadPoolExecutor.java:305) ~[na:na]
	at java.base/java.util.concurrent.ThreadPoolExecutor.runWorker(ThreadPoolExecutor.java:1144) ~[na:na]
	at java.base/java.util.concurrent.ThreadPoolExecutor$Worker.run(ThreadPoolExecutor.java:642) ~[na:na]
	at java.base/java.lang.Thread.run(Thread.java:1583) ~[na:na]
Caused by: org.hibernate.exception.JDBCConnectionException: Unable to acquire JDBC Connection [HikariPool-5 - Connection is not available, request timed out after 30005ms (total=0, active=0, idle=0, waiting=0)] [n/a]
	at org.hibernate.exception.internal.SQLExceptionTypeDelegate.convert(SQLExceptionTypeDelegate.java:49) ~[hibernate-core-7.4.5.Final.jar:7.4.5.Final]
	at org.hibernate.exception.internal.StandardSQLExceptionConverter.convert(StandardSQLExceptionConverter.java:34) ~[hibernate-core-7.4.5.Final.jar:7.4.5.Final]
	at org.hibernate.engine.jdbc.spi.SqlExceptionHelper.convert(SqlExceptionHelper.java:115) ~[hibernate-core-7.4.5.Final.jar:7.4.5.Final]
	at org.hibernate.engine.jdbc.spi.SqlExceptionHelper.convert(SqlExceptionHelper.java:101) ~[hibernate-core-7.4.5.Final.jar:7.4.5.Final]
	at org.hibernate.resource.jdbc.internal.LogicalConnectionManagedImpl.acquire(LogicalConnectionManagedImpl.java:190) ~[hibernate-core-7.4.5.Final.jar:7.4.5.Final]
	at org.hibernate.resource.jdbc.internal.LogicalConnectionManagedImpl.acquireConnectionIfNeeded(LogicalConnectionManagedImpl.java:87) ~[hibernate-core-7.4.5.Final.jar:7.4.5.Final]
	at org.hibernate.resource.jdbc.internal.LogicalConnectionManagedImpl.getPhysicalConnection(LogicalConnectionManagedImpl.java:126) ~[hibernate-core-7.4.5.Final.jar:7.4.5.Final]
	at org.hibernate.resource.jdbc.internal.LogicalConnectionManagedImpl.getConnectionForTransactionManagement(LogicalConnectionManagedImpl.java:281) ~[hibernate-core-7.4.5.Final.jar:7.4.5.Final]
	at org.hibernate.resource.jdbc.internal.LogicalConnectionManagedImpl.begin(LogicalConnectionManagedImpl.java:290) ~[hibernate-core-7.4.5.Final.jar:7.4.5.Final]
	at org.hibernate.resource.transaction.backend.jdbc.internal.JdbcResourceLocalTransactionCoordinatorImpl$TransactionDriverControlImpl.begin(JdbcResourceLocalTransactionCoordinatorImpl.java:226) ~[hibernate-core-7.4.5.Final.jar:7.4.5.Final]
	at org.hibernate.engine.transaction.internal.TransactionImpl.begin(TransactionImpl.java:75) ~[hibernate-core-7.4.5.Final.jar:7.4.5.Final]
	at org.springframework.orm.jpa.vendor.HibernateJpaDialect.beginTransaction(HibernateJpaDialect.java:147) ~[spring-orm-7.0.9.jar:7.0.9]
	at org.springframework.orm.jpa.JpaTransactionManager.doBegin(JpaTransactionManager.java:411) ~[spring-orm-7.0.9.jar:7.0.9]
	... 22 common frames omitted
Caused by: java.sql.SQLTransientConnectionException: HikariPool-5 - Connection is not available, request timed out after 30005ms (total=0, active=0, idle=0, waiting=0)
	at com.zaxxer.hikari.pool.HikariPool.createTimeoutException(HikariPool.java:714) ~[HikariCP-7.0.2.jar:na]
	at com.zaxxer.hikari.pool.HikariPool.getConnection(HikariPool.java:184) ~[HikariCP-7.0.2.jar:na]
	at com.zaxxer.hikari.pool.HikariPool.getConnection(HikariPool.java:142) ~[HikariCP-7.0.2.jar:na]
	at com.zaxxer.hikari.HikariDataSource.getConnection(HikariDataSource.java:127) ~[HikariCP-7.0.2.jar:na]
	at org.hibernate.engine.jdbc.connections.internal.DataSourceConnectionProvider.getConnection(DataSourceConnectionProvider.java:149) ~[hibernate-core-7.4.5.Final.jar:7.4.5.Final]
	at org.hibernate.internal.NonContextualJdbcConnectionAccess.obtainConnection(NonContextualJdbcConnectionAccess.java:62) ~[hibernate-core-7.4.5.Final.jar:7.4.5.Final]
	at org.hibernate.resource.jdbc.internal.LogicalConnectionManagedImpl.acquire(LogicalConnectionManagedImpl.java:187) ~[hibernate-core-7.4.5.Final.jar:7.4.5.Final]
	... 30 common frames omitted
Caused by: org.postgresql.util.PSQLException: Подключение по адресу localhost:56445 отклонено. Проверьте, что хост и порт указаны правильно и что postmaster принимает TCP/IP-соединения.
	at org.postgresql.core.v3.ConnectionFactoryImpl.openConnectionImpl(ConnectionFactoryImpl.java:427) ~[postgresql-42.7.13.jar:42.7.13]
	at org.postgresql.core.ConnectionFactory.openConnection(ConnectionFactory.java:52) ~[postgresql-42.7.13.jar:42.7.13]
	at org.postgresql.jdbc.PgConnection.<init>(PgConnection.java:295) ~[postgresql-42.7.13.jar:42.7.13]
	at org.postgresql.Driver.makeConnection(Driver.java:437) ~[postgresql-42.7.13.jar:42.7.13]
	at org.postgresql.Driver.connect(Driver.java:305) ~[postgresql-42.7.13.jar:42.7.13]
	at com.zaxxer.hikari.util.DriverDataSource.getConnection(DriverDataSource.java:144) ~[HikariCP-7.0.2.jar:na]
	at com.zaxxer.hikari.pool.PoolBase.newConnection(PoolBase.java:373) ~[HikariCP-7.0.2.jar:na]
	at com.zaxxer.hikari.pool.PoolBase.newPoolEntry(PoolBase.java:210) ~[HikariCP-7.0.2.jar:na]
	at com.zaxxer.hikari.pool.HikariPool.createPoolEntry(HikariPool.java:488) ~[HikariCP-7.0.2.jar:na]
	at com.zaxxer.hikari.pool.HikariPool$PoolEntryCreator.call(HikariPool.java:752) ~[HikariCP-7.0.2.jar:na]
	at com.zaxxer.hikari.pool.HikariPool$PoolEntryCreator.call(HikariPool.java:731) ~[HikariCP-7.0.2.jar:na]
	at java.base/java.util.concurrent.FutureTask.run(FutureTask.java:317) ~[na:na]
	... 3 common frames omitted
Caused by: java.net.ConnectException: Connection refused: getsockopt
	at java.base/sun.nio.ch.Net.pollConnect(Native Method) ~[na:na]
	at java.base/sun.nio.ch.Net.pollConnectNow(Net.java:694) ~[na:na]
	at java.base/sun.nio.ch.NioSocketImpl.timedFinishConnect(NioSocketImpl.java:542) ~[na:na]
	at java.base/sun.nio.ch.NioSocketImpl.connect(NioSocketImpl.java:592) ~[na:na]
	at java.base/java.net.SocksSocketImpl.connect(SocksSocketImpl.java:327) ~[na:na]
	at java.base/java.net.Socket.connect(Socket.java:751) ~[na:na]
	at org.postgresql.core.PGStream.createSocket(PGStream.java:270) ~[postgresql-42.7.13.jar:42.7.13]
	at org.postgresql.core.PGStream.<init>(PGStream.java:131) ~[postgresql-42.7.13.jar:42.7.13]
	at org.postgresql.core.v3.ConnectionFactoryImpl.tryConnect(ConnectionFactoryImpl.java:221) ~[postgresql-42.7.13.jar:42.7.13]
	at org.postgresql.core.v3.ConnectionFactoryImpl.openConnectionImpl(ConnectionFactoryImpl.java:367) ~[postgresql-42.7.13.jar:42.7.13]
	... 14 common frames omitted


  .   ____          _            __ _ _
 /\\ / ___'_ __ _ _(_)_ __  __ _ \ \ \ \
( ( )\___ | '_ | '_| | '_ \/ _` | \ \ \ \
 \\/  ___)| |_)| | | | | || (_| |  ) ) ) )
  '  |____| .__|_| |_|_| |_\__, | / / / /
 =========|_|==============|___/=/_/_/_/

 :: Spring Boot ::                (v4.1.1)

2026-09-11T16:47:53.166+05:00  INFO 38148 --- [nomad-games] [           main] com.nomadgames.session.RematchIT         : Starting RematchIT using Java 21.0.11 with PID 38148 (started by sergei.elistratov in C:\Users\sergei.elistratov\Documents\проекты\nomad-game\backend)
2026-09-11T16:47:53.167+05:00  INFO 38148 --- [nomad-games] [           main] com.nomadgames.session.RematchIT         : No active profile set, falling back to 1 default profile: "default"
2026-09-11T16:47:53.508+05:00  INFO 38148 --- [nomad-games] [           main] .s.d.r.c.RepositoryConfigurationDelegate : Bootstrapping Spring Data JPA repositories in DEFAULT mode.
2026-09-11T16:47:53.541+05:00  INFO 38148 --- [nomad-games] [           main] .s.d.r.c.RepositoryConfigurationDelegate : Finished Spring Data repository scanning in 31 ms. Found 4 JPA repository interfaces.
2026-09-11T16:47:53.750+05:00  INFO 38148 --- [nomad-games] [           main] org.flywaydb.core.FlywayExecutor         : Database: jdbc:postgresql://localhost:55007/test?loggerLevel=OFF (PostgreSQL 18.6)
2026-09-11T16:47:53.776+05:00  INFO 38148 --- [nomad-games] [           main] o.f.c.i.s.JdbcTableSchemaHistory         : Schema history table "public"."flyway_schema_history" does not exist yet
2026-09-11T16:47:53.777+05:00  INFO 38148 --- [nomad-games] [           main] o.f.core.internal.command.DbValidate     : Successfully validated 9 migrations (execution time 00:00.009s)
2026-09-11T16:47:53.791+05:00  INFO 38148 --- [nomad-games] [           main] o.f.c.i.s.JdbcTableSchemaHistory         : Creating Schema History table "public"."flyway_schema_history" ...
2026-09-11T16:47:53.823+05:00  INFO 38148 --- [nomad-games] [           main] o.f.core.internal.command.DbMigrate      : Current version of schema "public": << Empty Schema >>
2026-09-11T16:47:53.827+05:00  INFO 38148 --- [nomad-games] [           main] o.f.core.internal.command.DbMigrate      : Migrating schema "public" to version "1 - identity"
2026-09-11T16:47:53.851+05:00  INFO 38148 --- [nomad-games] [           main] o.f.core.internal.command.DbMigrate      : Migrating schema "public" to version "2 - matches"
2026-09-11T16:47:53.870+05:00  INFO 38148 --- [nomad-games] [           main] o.f.core.internal.command.DbMigrate      : Migrating schema "public" to version "3 - rooms"
2026-09-11T16:47:53.888+05:00  INFO 38148 --- [nomad-games] [           main] o.f.core.internal.command.DbMigrate      : Migrating schema "public" to version "4 - match seats"
2026-09-11T16:47:53.907+05:00  INFO 38148 --- [nomad-games] [           main] o.f.core.internal.command.DbMigrate      : Migrating schema "public" to version "5 - reconnect tokens"
2026-09-11T16:47:53.925+05:00  INFO 38148 --- [nomad-games] [           main] o.f.core.internal.command.DbMigrate      : Migrating schema "public" to version "6 - room version"
2026-09-11T16:47:53.942+05:00  INFO 38148 --- [nomad-games] [           main] o.f.core.internal.command.DbMigrate      : Migrating schema "public" to version "7 - economy ledger shop"
2026-09-11T16:47:53.975+05:00  INFO 38148 --- [nomad-games] [           main] o.f.core.internal.command.DbMigrate      : Migrating schema "public" to version "8 - soft purchase sku unique"
2026-09-11T16:47:53.991+05:00  INFO 38148 --- [nomad-games] [           main] o.f.core.internal.command.DbMigrate      : Migrating schema "public" to version "9 - profile casual"
2026-09-11T16:47:54.014+05:00  INFO 38148 --- [nomad-games] [           main] o.f.core.internal.command.DbMigrate      : Successfully applied 9 migrations to schema "public", now at version v9 (execution time 00:00.078s)
2026-09-11T16:47:54.039+05:00  INFO 38148 --- [nomad-games] [           main] org.hibernate.orm.jpa                    : HHH008540: Processing PersistenceUnitInfo [name: default]
2026-09-11T16:47:54.065+05:00  INFO 38148 --- [nomad-games] [           main] o.s.o.j.p.SpringPersistenceUnitInfo      : No LoadTimeWeaver setup: ignoring JPA class transformer
2026-09-11T16:47:54.066+05:00  INFO 38148 --- [nomad-games] [           main] com.zaxxer.hikari.HikariDataSource       : HikariPool-6 - Starting...
2026-09-11T16:47:54.084+05:00  INFO 38148 --- [nomad-games] [           main] com.zaxxer.hikari.pool.HikariPool        : HikariPool-6 - Added connection org.postgresql.jdbc.PgConnection@3353164a
2026-09-11T16:47:54.084+05:00  INFO 38148 --- [nomad-games] [           main] com.zaxxer.hikari.HikariDataSource       : HikariPool-6 - Start completed.
2026-09-11T16:47:54.093+05:00  INFO 38148 --- [nomad-games] [           main] org.hibernate.orm.connections.pooling    : HHH10001005: Database info:
	Database JDBC URL [jdbc:postgresql://localhost:55007/test?loggerLevel=OFF]
	Database driver: PostgreSQL JDBC Driver
	Database dialect: PostgreSQLDialect
	Database version: 18.6
	Default catalog/schema: test/public
	Autocommit mode: undefined/unknown
	Isolation level: READ_COMMITTED [default READ_COMMITTED]
	JDBC fetch size: none
	Pool: DataSourceConnectionProvider
	Minimum pool size: undefined/unknown
	Maximum pool size: undefined/unknown
2026-09-11T16:47:54.157+05:00  INFO 38148 --- [nomad-games] [           main] org.hibernate.orm.core                   : HHH000489: No JTA platform available (set 'hibernate.transaction.jta.platform' to enable JTA platform integration)
2026-09-11T16:47:54.174+05:00  INFO 38148 --- [nomad-games] [           main] j.LocalContainerEntityManagerFactoryBean : Initialized JPA EntityManagerFactory for persistence unit 'default'
2026-09-11T16:47:54.433+05:00  INFO 38148 --- [nomad-games] [           main] o.s.b.t.m.w.SpringBootMockServletContext : Initializing Spring TestDispatcherServlet ''
2026-09-11T16:47:54.433+05:00  INFO 38148 --- [nomad-games] [           main] o.s.t.web.servlet.TestDispatcherServlet  : Initializing Servlet ''
2026-09-11T16:47:54.438+05:00  INFO 38148 --- [nomad-games] [           main] o.s.b.a.e.web.EndpointLinksResolver      : Exposing 1 endpoint beneath base path '/actuator'
2026-09-11T16:47:54.442+05:00  INFO 38148 --- [nomad-games] [           main] o.s.t.web.servlet.TestDispatcherServlet  : Completed initialization in 9 ms
2026-09-11T16:47:54.468+05:00  INFO 38148 --- [nomad-games] [           main] com.nomadgames.session.RematchIT         : Started RematchIT in 1.334 seconds (process running for 224.322)
[INFO] Tests run: 5, Failures: 0, Errors: 0, Skipped: 0, Time elapsed: 34.06 s -- in com.nomadgames.session.RematchIT
2026-09-11T16:47:56.203+05:00  INFO 38148 --- [nomad-games] [ionShutdownHook] j.LocalContainerEntityManagerFactoryBean : Closing JPA EntityManagerFactory for persistence unit 'default'
2026-09-11T16:47:56.207+05:00  INFO 38148 --- [nomad-games] [ionShutdownHook] com.zaxxer.hikari.HikariDataSource       : HikariPool-1 - Shutdown initiated...
2026-09-11T16:47:56.476+05:00  WARN 38148 --- [nomad-games] [   scheduling-1] com.zaxxer.hikari.pool.PoolBase          : HikariPool-6 - Failed to validate connection org.postgresql.jdbc.PgConnection@3353164a (Соединение закрыто.). Possibly consider using a shorter maxLifetime value.
2026-09-11T16:47:56.478+05:00  WARN 38148 --- [nomad-games] [   scheduling-1] com.zaxxer.hikari.pool.PoolBase          : HikariPool-6 - Failed to validate connection org.postgresql.jdbc.PgConnection@3caf40bd (Соединение закрыто.). Possibly consider using a shorter maxLifetime value.
2026-09-11T16:47:56.478+05:00  WARN 38148 --- [nomad-games] [   scheduling-1] com.zaxxer.hikari.pool.PoolBase          : HikariPool-6 - Failed to validate connection org.postgresql.jdbc.PgConnection@566ca127 (Соединение закрыто.). Possibly consider using a shorter maxLifetime value.
2026-09-11T16:47:56.479+05:00  WARN 38148 --- [nomad-games] [   scheduling-1] com.zaxxer.hikari.pool.PoolBase          : HikariPool-6 - Failed to validate connection org.postgresql.jdbc.PgConnection@2675f849 (Соединение закрыто.). Possibly consider using a shorter maxLifetime value.
2026-09-11T16:47:56.479+05:00  WARN 38148 --- [nomad-games] [   scheduling-1] com.zaxxer.hikari.pool.PoolBase          : HikariPool-6 - Failed to validate connection org.postgresql.jdbc.PgConnection@785bad76 (Соединение закрыто.). Possibly consider using a shorter maxLifetime value.
2026-09-11T16:47:56.481+05:00  WARN 38148 --- [nomad-games] [   scheduling-1] com.zaxxer.hikari.pool.PoolBase          : HikariPool-6 - Failed to validate connection org.postgresql.jdbc.PgConnection@3e37b068 (Соединение закрыто.). Possibly consider using a shorter maxLifetime value.
2026-09-11T16:47:56.481+05:00  WARN 38148 --- [nomad-games] [   scheduling-1] com.zaxxer.hikari.pool.PoolBase          : HikariPool-6 - Failed to validate connection org.postgresql.jdbc.PgConnection@d614b10 (Соединение закрыто.). Possibly consider using a shorter maxLifetime value.
2026-09-11T16:47:56.481+05:00  WARN 38148 --- [nomad-games] [   scheduling-1] com.zaxxer.hikari.pool.PoolBase          : HikariPool-6 - Failed to validate connection org.postgresql.jdbc.PgConnection@45f4d45 (Соединение закрыто.). Possibly consider using a shorter maxLifetime value.
2026-09-11T16:47:56.482+05:00  WARN 38148 --- [nomad-games] [   scheduling-1] com.zaxxer.hikari.pool.PoolBase          : HikariPool-6 - Failed to validate connection org.postgresql.jdbc.PgConnection@214a70a5 (Соединение закрыто.). Possibly consider using a shorter maxLifetime value.
2026-09-11T16:47:56.483+05:00  WARN 38148 --- [nomad-games] [   scheduling-1] com.zaxxer.hikari.pool.PoolBase          : HikariPool-6 - Failed to validate connection org.postgresql.jdbc.PgConnection@227d2014 (Соединение закрыто.). Possibly consider using a shorter maxLifetime value.
2026-09-11T16:48:00.449+05:00  INFO 38148 --- [nomad-games] [ionShutdownHook] com.zaxxer.hikari.HikariDataSource       : HikariPool-1 - Shutdown completed.
2026-09-11T16:48:00.452+05:00  INFO 38148 --- [nomad-games] [ionShutdownHook] j.LocalContainerEntityManagerFactoryBean : Closing JPA EntityManagerFactory for persistence unit 'default'
2026-09-11T16:48:00.452+05:00  INFO 38148 --- [nomad-games] [ionShutdownHook] com.zaxxer.hikari.HikariDataSource       : HikariPool-2 - Shutdown initiated...
2026-09-11T16:48:03.226+05:00  INFO 38148 --- [nomad-games] [ionShutdownHook] com.zaxxer.hikari.HikariDataSource       : HikariPool-2 - Shutdown completed.
2026-09-11T16:48:03.228+05:00  INFO 38148 --- [nomad-games] [ionShutdownHook] j.LocalContainerEntityManagerFactoryBean : Closing JPA EntityManagerFactory for persistence unit 'default'
2026-09-11T16:48:03.229+05:00  INFO 38148 --- [nomad-games] [ionShutdownHook] com.zaxxer.hikari.HikariDataSource       : HikariPool-3 - Shutdown initiated...
2026-09-11T16:48:07.573+05:00  INFO 38148 --- [nomad-games] [ionShutdownHook] com.zaxxer.hikari.HikariDataSource       : HikariPool-3 - Shutdown completed.
2026-09-11T16:48:07.575+05:00  INFO 38148 --- [nomad-games] [ionShutdownHook] j.LocalContainerEntityManagerFactoryBean : Closing JPA EntityManagerFactory for persistence unit 'default'
2026-09-11T16:48:07.575+05:00  INFO 38148 --- [nomad-games] [ionShutdownHook] com.zaxxer.hikari.HikariDataSource       : HikariPool-4 - Shutdown initiated...
2026-09-11T16:48:09.928+05:00  INFO 38148 --- [nomad-games] [ionShutdownHook] com.zaxxer.hikari.HikariDataSource       : HikariPool-4 - Shutdown completed.
2026-09-11T16:48:09.929+05:00  INFO 38148 --- [nomad-games] [ionShutdownHook] o.s.boot.tomcat.GracefulShutdown         : Commencing graceful shutdown. Waiting for active requests to complete
2026-09-11T16:48:09.942+05:00  INFO 38148 --- [nomad-games] [tomcat-shutdown] o.s.boot.tomcat.GracefulShutdown         : Graceful shutdown complete
2026-09-11T16:48:09.944+05:00  INFO 38148 --- [nomad-games] [ionShutdownHook] j.LocalContainerEntityManagerFactoryBean : Closing JPA EntityManagerFactory for persistence unit 'default'
2026-09-11T16:48:09.945+05:00  INFO 38148 --- [nomad-games] [ionShutdownHook] com.zaxxer.hikari.HikariDataSource       : HikariPool-5 - Shutdown initiated...
2026-09-11T16:48:12.463+05:00  INFO 38148 --- [nomad-games] [ionShutdownHook] com.zaxxer.hikari.HikariDataSource       : HikariPool-5 - Shutdown completed.
[ERROR] Surefire is going to kill self fork JVM. The exit has elapsed 30 seconds after System.exit(0).
[INFO] 
[INFO] Results:
[INFO] 
[INFO] Tests run: 39, Failures: 0, Errors: 0, Skipped: 0
[INFO] 
[INFO] ------------------------------------------------------------------------
[INFO] Reactor Summary for Alchiki proto harness 0.1.0-SNAPSHOT:
[INFO] 
[INFO] Alchiki proto harness .............................. SUCCESS [  0.853 s]
[INFO] Nomad Games backend ................................ SUCCESS [04:18 min]
[INFO] ------------------------------------------------------------------------
[INFO] BUILD SUCCESS
[INFO] ------------------------------------------------------------------------
[INFO] Total time:  04:19 min
[INFO] Finished at: 2026-09-11T16:48:26+05:00
[INFO] ------------------------------------------------------------------------
