[INFO] Scanning for projects...
[INFO] ------------------------------------------------------------------------
[INFO] Reactor Build Order:
[INFO] 
[INFO] Alchiki proto harness                                              [jar]
[INFO] Nomad Games backend                                                [jar]
[INFO] 
[INFO] ----------------< com.nomadgames:alchiki-proto-harness >----------------
[INFO] Building Alchiki proto harness 0.1.0-SNAPSHOT                      [1/2]
[INFO]   from pom.xml
[INFO] --------------------------------[ jar ]---------------------------------
[INFO] 
[INFO] --- resources:3.3.1:resources (default-resources) @ alchiki-proto-harness ---
[INFO] skip non existing resourceDirectory C:\Users\sergei.elistratov\Documents\проекты\nomad-game\harness\src\main\resources
[INFO] 
[INFO] --- compiler:3.13.0:compile (default-compile) @ alchiki-proto-harness ---
[INFO] Nothing to compile - all classes are up to date.
[INFO] 
[INFO] --- resources:3.3.1:testResources (default-testResources) @ alchiki-proto-harness ---
[INFO] skip non existing resourceDirectory C:\Users\sergei.elistratov\Documents\проекты\nomad-game\harness\src\test\resources
[INFO] 
[INFO] --- compiler:3.13.0:testCompile (default-testCompile) @ alchiki-proto-harness ---
[INFO] Nothing to compile - all classes are up to date.
[INFO] 
[INFO] --- surefire:3.5.3:test (default-test) @ alchiki-proto-harness ---
[INFO] 
[INFO] -----------------< com.nomadgames:nomad-games-backend >-----------------
[INFO] Building Nomad Games backend 0.1.0-SNAPSHOT                        [2/2]
[INFO]   from C:\Users\sergei.elistratov\Documents\проекты\nomad-game\backend\pom.xml
[INFO] --------------------------------[ jar ]---------------------------------
[INFO] 
[INFO] --- resources:3.5.0:resources (default-resources) @ nomad-games-backend ---
[INFO] Copying 2 resources from src\main\resources to target\classes
[INFO] Copying 8 resources from src\main\resources to target\classes
[INFO] 
[INFO] --- compiler:3.15.0:compile (default-compile) @ nomad-games-backend ---
[INFO] Nothing to compile - all classes are up to date.
[INFO] 
[INFO] --- resources:3.5.0:testResources (default-testResources) @ nomad-games-backend ---
[INFO] skip non existing resourceDirectory C:\Users\sergei.elistratov\Documents\проекты\nomad-game\backend\src\test\resources
[INFO] 
[INFO] --- compiler:3.15.0:testCompile (default-testCompile) @ nomad-games-backend ---
[INFO] Nothing to compile - all classes are up to date.
[INFO] 
[INFO] --- surefire:3.5.6:test (default-test) @ nomad-games-backend ---
[INFO] Using auto detected provider org.apache.maven.surefire.junitplatform.JUnitPlatformProvider
[INFO] 
[INFO] -------------------------------------------------------
[INFO]  T E S T S
[INFO] -------------------------------------------------------
[INFO] Running com.nomadgames.matchmaking.CasualQueueIT
15:23:47.685 [main] INFO org.testcontainers.images.PullPolicy -- Image pull policy will be performed by: DefaultPullPolicy()
15:23:47.690 [main] INFO org.testcontainers.utility.ImageNameSubstitutor -- Image name substitution will be performed by: DefaultImageNameSubstitutor (composite of 'ConfigurationFileImageNameSubstitutor' and 'PrefixingImageNameSubstitutor')
15:23:47.756 [main] INFO org.testcontainers.DockerClientFactory -- Testcontainers version: 2.0.5
15:23:48.063 [main] INFO org.testcontainers.dockerclient.DockerClientProviderStrategy -- Loaded org.testcontainers.dockerclient.NpipeSocketClientProviderStrategy from ~/.testcontainers.properties, will try it first
15:23:48.557 [main] INFO org.testcontainers.dockerclient.DockerClientProviderStrategy -- Found Docker environment with local Npipe socket (npipe:////./pipe/docker_engine)
15:23:48.559 [main] INFO org.testcontainers.DockerClientFactory -- Docker host IP address is localhost
15:23:48.583 [main] INFO org.testcontainers.DockerClientFactory -- Connected to docker: 
  Server Version: 29.7.2
  API Version: 1.55
  Operating System: Docker Desktop
  Total Memory: 13643 MB
  Labels: 
    com.docker.desktop.address=npipe://\\.\pipe\docker_cli
15:23:48.766 [main] INFO tc.testcontainers/ryuk:0.14.0 -- Creating container for image: testcontainers/ryuk:0.14.0
15:23:49.067 [main] INFO tc.testcontainers/ryuk:0.14.0 -- Container testcontainers/ryuk:0.14.0 is starting: 70029006a0cf8c46c4ac0b7fcfc26e948ab0388c600c46301b22a11cfd88537a
15:23:49.483 [main] INFO tc.testcontainers/ryuk:0.14.0 -- Container testcontainers/ryuk:0.14.0 started in PT0.7165624S
15:23:49.493 [main] INFO org.testcontainers.utility.RyukResourceReaper -- Ryuk started - will monitor and terminate Testcontainers containers on JVM exit
15:23:49.494 [main] INFO org.testcontainers.DockerClientFactory -- Checking the system...
15:23:49.494 [main] INFO org.testcontainers.DockerClientFactory -- ?? Docker server version should be at least 1.6.0
15:23:49.727 [main] INFO tc.postgres:18 -- Creating container for image: postgres:18
15:23:49.826 [main] INFO tc.postgres:18 -- Container postgres:18 is starting: 931de75695ee8191496bc5b1fe148fb2e2031c237696ad57e357e0cc3d2db535
15:23:51.341 [main] INFO tc.postgres:18 -- Container postgres:18 started in PT1.6153011S
15:23:51.342 [main] INFO tc.postgres:18 -- Container is started (JDBC URL: jdbc:postgresql://localhost:63941/test?loggerLevel=OFF)

  .   ____          _            __ _ _
 /\\ / ___'_ __ _ _(_)_ __  __ _ \ \ \ \
( ( )\___ | '_ | '_| | '_ \/ _` | \ \ \ \
 \\/  ___)| |_)| | | | | || (_| |  ) ) ) )
  '  |____| .__|_| |_|_| |_\__, | / / / /
 =========|_|==============|___/=/_/_/_/

 :: Spring Boot ::                (v4.1.1)

2026-09-11T15:23:51.832+05:00  INFO 29372 --- [nomad-games] [           main] c.nomadgames.matchmaking.CasualQueueIT   : Starting CasualQueueIT using Java 21.0.11 with PID 29372 (started by sergei.elistratov in C:\Users\sergei.elistratov\Documents\проекты\nomad-game\backend)
2026-09-11T15:23:51.839+05:00  INFO 29372 --- [nomad-games] [           main] c.nomadgames.matchmaking.CasualQueueIT   : No active profile set, falling back to 1 default profile: "default"
2026-09-11T15:23:53.446+05:00  INFO 29372 --- [nomad-games] [           main] .s.d.r.c.RepositoryConfigurationDelegate : Bootstrapping Spring Data JPA repositories in DEFAULT mode.
2026-09-11T15:23:53.565+05:00  INFO 29372 --- [nomad-games] [           main] .s.d.r.c.RepositoryConfigurationDelegate : Finished Spring Data repository scanning in 101 ms. Found 4 JPA repository interfaces.
2026-09-11T15:23:55.297+05:00  INFO 29372 --- [nomad-games] [           main] org.flywaydb.core.FlywayExecutor         : Database: jdbc:postgresql://localhost:63941/test?loggerLevel=OFF (PostgreSQL 18.6)
2026-09-11T15:23:55.390+05:00  INFO 29372 --- [nomad-games] [           main] o.f.c.i.s.JdbcTableSchemaHistory         : Schema history table "public"."flyway_schema_history" does not exist yet
2026-09-11T15:23:55.397+05:00  INFO 29372 --- [nomad-games] [           main] o.f.core.internal.command.DbValidate     : Successfully validated 8 migrations (execution time 00:00.034s)
2026-09-11T15:23:55.424+05:00  INFO 29372 --- [nomad-games] [           main] o.f.c.i.s.JdbcTableSchemaHistory         : Creating Schema History table "public"."flyway_schema_history" ...
2026-09-11T15:23:55.515+05:00  INFO 29372 --- [nomad-games] [           main] o.f.core.internal.command.DbMigrate      : Current version of schema "public": << Empty Schema >>
2026-09-11T15:23:55.534+05:00  INFO 29372 --- [nomad-games] [           main] o.f.core.internal.command.DbMigrate      : Migrating schema "public" to version "1 - identity"
2026-09-11T15:23:55.584+05:00  INFO 29372 --- [nomad-games] [           main] o.f.core.internal.command.DbMigrate      : Migrating schema "public" to version "2 - matches"
2026-09-11T15:23:55.613+05:00  INFO 29372 --- [nomad-games] [           main] o.f.core.internal.command.DbMigrate      : Migrating schema "public" to version "3 - rooms"
2026-09-11T15:23:55.641+05:00  INFO 29372 --- [nomad-games] [           main] o.f.core.internal.command.DbMigrate      : Migrating schema "public" to version "4 - match seats"
2026-09-11T15:23:55.665+05:00  INFO 29372 --- [nomad-games] [           main] o.f.core.internal.command.DbMigrate      : Migrating schema "public" to version "5 - reconnect tokens"
2026-09-11T15:23:55.689+05:00  INFO 29372 --- [nomad-games] [           main] o.f.core.internal.command.DbMigrate      : Migrating schema "public" to version "6 - room version"
2026-09-11T15:23:55.717+05:00  INFO 29372 --- [nomad-games] [           main] o.f.core.internal.command.DbMigrate      : Migrating schema "public" to version "7 - economy ledger shop"
2026-09-11T15:23:55.759+05:00  INFO 29372 --- [nomad-games] [           main] o.f.core.internal.command.DbMigrate      : Migrating schema "public" to version "8 - soft purchase sku unique"
2026-09-11T15:23:55.779+05:00  INFO 29372 --- [nomad-games] [           main] o.f.core.internal.command.DbMigrate      : Successfully applied 8 migrations to schema "public", now at version v8 (execution time 00:00.095s)
2026-09-11T15:23:55.954+05:00  INFO 29372 --- [nomad-games] [           main] org.hibernate.orm.jpa                    : HHH008540: Processing PersistenceUnitInfo [name: default]
2026-09-11T15:23:56.045+05:00  INFO 29372 --- [nomad-games] [           main] org.hibernate.orm.core                   : HHH000001: Hibernate ORM core version 7.4.5.Final
2026-09-11T15:23:56.643+05:00  INFO 29372 --- [nomad-games] [           main] o.s.o.j.p.SpringPersistenceUnitInfo      : No LoadTimeWeaver setup: ignoring JPA class transformer
2026-09-11T15:23:56.689+05:00  INFO 29372 --- [nomad-games] [           main] com.zaxxer.hikari.HikariDataSource       : HikariPool-1 - Starting...
2026-09-11T15:23:56.724+05:00  INFO 29372 --- [nomad-games] [           main] com.zaxxer.hikari.pool.HikariPool        : HikariPool-1 - Added connection org.postgresql.jdbc.PgConnection@3e866323
2026-09-11T15:23:56.726+05:00  INFO 29372 --- [nomad-games] [           main] com.zaxxer.hikari.HikariDataSource       : HikariPool-1 - Start completed.
2026-09-11T15:23:56.817+05:00  INFO 29372 --- [nomad-games] [           main] org.hibernate.orm.connections.pooling    : HHH10001005: Database info:
	Database JDBC URL [jdbc:postgresql://localhost:63941/test?loggerLevel=OFF]
	Database driver: PostgreSQL JDBC Driver
	Database dialect: PostgreSQLDialect
	Database version: 18.6
	Default catalog/schema: test/public
	Autocommit mode: undefined/unknown
	Isolation level: READ_COMMITTED [default READ_COMMITTED]
	JDBC fetch size: none
	Pool: DataSourceConnectionProvider
	Minimum pool size: undefined/unknown
	Maximum pool size: undefined/unknown
2026-09-11T15:23:57.936+05:00  INFO 29372 --- [nomad-games] [           main] org.hibernate.orm.core                   : HHH000489: No JTA platform available (set 'hibernate.transaction.jta.platform' to enable JTA platform integration)
2026-09-11T15:23:57.997+05:00  INFO 29372 --- [nomad-games] [           main] j.LocalContainerEntityManagerFactoryBean : Initialized JPA EntityManagerFactory for persistence unit 'default'
2026-09-11T15:23:58.194+05:00  INFO 29372 --- [nomad-games] [           main] o.s.d.j.r.query.QueryEnhancerFactories   : Hibernate is in classpath; If applicable, HQL parser will be used.
2026-09-11T15:24:01.154+05:00  INFO 29372 --- [nomad-games] [           main] o.s.b.t.m.w.SpringBootMockServletContext : Initializing Spring TestDispatcherServlet ''
2026-09-11T15:24:01.155+05:00  INFO 29372 --- [nomad-games] [           main] o.s.t.web.servlet.TestDispatcherServlet  : Initializing Servlet ''
2026-09-11T15:24:01.172+05:00  INFO 29372 --- [nomad-games] [           main] o.s.b.a.e.web.EndpointLinksResolver      : Exposing 1 endpoint beneath base path '/actuator'
2026-09-11T15:24:01.184+05:00  INFO 29372 --- [nomad-games] [           main] o.s.t.web.servlet.TestDispatcherServlet  : Completed initialization in 29 ms
2026-09-11T15:24:01.352+05:00  INFO 29372 --- [nomad-games] [           main] c.nomadgames.matchmaking.CasualQueueIT   : Started CasualQueueIT in 9.946 seconds (process running for 14.934)
Mockito is currently self-attaching to enable the inline-mock-maker. This will no longer work in future releases of the JDK. Please add Mockito as an agent to your build as described in Mockito's documentation: https://javadoc.io/doc/org.mockito/mockito-core/latest/org.mockito/org/mockito/Mockito.html#0.3
OpenJDK 64-Bit Server VM warning: Sharing is only supported for boot loader classes because bootstrap classpath has been appended
WARNING: A Java agent has been loaded dynamically (C:\Users\sergei.elistratov\.m2\repository\net\bytebuddy\byte-buddy-agent\1.18.11\byte-buddy-agent-1.18.11.jar)
WARNING: If a serviceability tool is in use, please run with -XX:+EnableDynamicAgentLoading to hide this warning
WARNING: If a serviceability tool is not in use, please run with -Djdk.instrument.traceUsage for more information
WARNING: Dynamic loading of agents will be disallowed by default in a future release

MockHttpServletRequest:
      HTTP Method = POST
      Request URI = /v1/identity/guest
       Parameters = {}
          Headers = [Content-Type:"application/json;charset=UTF-8", Content-Length:"2"]
             Body = {}
    Session Attrs = {}

Handler:
             Type = com.nomadgames.identity.GuestController
           Method = com.nomadgames.identity.GuestController#createGuest(HttpServletRequest)

Async:
    Async started = false
     Async result = null

Resolved Exception:
             Type = null

ModelAndView:
        View name = null
             View = null
            Model = null

FlashMap:
       Attributes = null

MockHttpServletResponse:
           Status = 201
    Error message = null
          Headers = [Content-Type:"application/json", X-Content-Type-Options:"nosniff", X-XSS-Protection:"0", Cache-Control:"no-cache, no-store, max-age=0, must-revalidate", Pragma:"no-cache", Expires:"0", X-Frame-Options:"DENY"]
     Content type = application/json
             Body = {"playerId":"08f81753-423c-4693-94eb-a23345177128","accessToken":"eyJraWQiOiJKR2U3VHBLalVQZmNlWFJBdjZ3a2FERndXV3ZDR18tVjY3SFNyb2NhRU04IiwidHlwIjoiSldUIiwiYWxnIjoiSFMyNTYifQ.eyJzdWIiOiIwOGY4MTc1My00MjNjLTQ2OTMtOTRlYi1hMjMzNDUxNzcxMjgiLCJndWVzdCI6dHJ1ZSwiZXhwIjoxNzg5MTIzMTQyLCJpYXQiOjE3ODkxMjIyNDIsImp0aSI6ImI3OTAwN2U5LWI5ZGItNDFjNi04MWY0LTg2YjZkMTAxNjQwNSJ9.tJ7aBzJpDwHSIMZuV1gT_7BCitrEQE7XF-XPk32td-E","refreshToken":"qNqBOoJj7_Yr-7r4lkEIgBW2-JxYBbd8gE3TfNsuyUA","guest":true}
    Forwarded URL = null
   Redirected URL = null
          Cookies = []

MockHttpServletRequest:
      HTTP Method = POST
      Request URI = /v1/identity/guest
       Parameters = {}
          Headers = [Content-Type:"application/json;charset=UTF-8", Content-Length:"2"]
             Body = {}
    Session Attrs = {}

Handler:
             Type = com.nomadgames.identity.GuestController
           Method = com.nomadgames.identity.GuestController#createGuest(HttpServletRequest)

Async:
    Async started = false
     Async result = null

Resolved Exception:
             Type = null

ModelAndView:
        View name = null
             View = null
            Model = null

FlashMap:
       Attributes = null

MockHttpServletResponse:
           Status = 201
    Error message = null
          Headers = [Content-Type:"application/json", X-Content-Type-Options:"nosniff", X-XSS-Protection:"0", Cache-Control:"no-cache, no-store, max-age=0, must-revalidate", Pragma:"no-cache", Expires:"0", X-Frame-Options:"DENY"]
     Content type = application/json
             Body = {"playerId":"1f17ebd6-cb51-462b-9001-4dc4d4379020","accessToken":"eyJraWQiOiJKR2U3VHBLalVQZmNlWFJBdjZ3a2FERndXV3ZDR18tVjY3SFNyb2NhRU04IiwidHlwIjoiSldUIiwiYWxnIjoiSFMyNTYifQ.eyJzdWIiOiIxZjE3ZWJkNi1jYjUxLTQ2MmItOTAwMS00ZGM0ZDQzNzkwMjAiLCJndWVzdCI6dHJ1ZSwiZXhwIjoxNzg5MTIzMTQyLCJpYXQiOjE3ODkxMjIyNDIsImp0aSI6ImY3MTg2YTk4LTdmMGMtNDM2NS05ZjNkLThjNGEyMGJmN2RiMyJ9.UsjNk6u9m-6QPIEN62x-wRgWG_1l3bzT8_9mvO7xWdU","refreshToken":"fUEhQP8D-3cH_bSCcK7ptN7UWx5iiGm66iUC-AcqSYI","guest":true}
    Forwarded URL = null
   Redirected URL = null
          Cookies = []

MockHttpServletRequest:
      HTTP Method = POST
      Request URI = /v1/matchmaking/casual
       Parameters = {}
          Headers = [Content-Type:"application/json;charset=UTF-8", Authorization:"Bearer eyJraWQiOiJKR2U3VHBLalVQZmNlWFJBdjZ3a2FERndXV3ZDR18tVjY3SFNyb2NhRU04IiwidHlwIjoiSldUIiwiYWxnIjoiSFMyNTYifQ.eyJzdWIiOiIwOGY4MTc1My00MjNjLTQ2OTMtOTRlYi1hMjMzNDUxNzcxMjgiLCJndWVzdCI6dHJ1ZSwiZXhwIjoxNzg5MTIzMTQyLCJpYXQiOjE3ODkxMjIyNDIsImp0aSI6ImI3OTAwN2U5LWI5ZGItNDFjNi04MWY0LTg2YjZkMTAxNjQwNSJ9.tJ7aBzJpDwHSIMZuV1gT_7BCitrEQE7XF-XPk32td-E", Content-Length:"2"]
             Body = {}
    Session Attrs = {}

Handler:
             Type = org.springframework.web.servlet.resource.ResourceHttpRequestHandler

Async:
    Async started = false
     Async result = null

Resolved Exception:
             Type = org.springframework.web.servlet.resource.NoResourceFoundException

ModelAndView:
        View name = null
             View = null
            Model = null

FlashMap:
       Attributes = null

MockHttpServletResponse:
           Status = 404
    Error message = No static resource v1/matchmaking/casual.
          Headers = [X-Content-Type-Options:"nosniff", X-XSS-Protection:"0", Cache-Control:"no-cache, no-store, max-age=0, must-revalidate", Pragma:"no-cache", Expires:"0", X-Frame-Options:"DENY"]
     Content type = null
             Body = 
    Forwarded URL = null
   Redirected URL = null
          Cookies = []

MockHttpServletRequest:
      HTTP Method = POST
      Request URI = /v1/identity/guest
       Parameters = {}
          Headers = [Content-Type:"application/json;charset=UTF-8", Content-Length:"2"]
             Body = {}
    Session Attrs = {}

Handler:
             Type = com.nomadgames.identity.GuestController
           Method = com.nomadgames.identity.GuestController#createGuest(HttpServletRequest)

Async:
    Async started = false
     Async result = null

Resolved Exception:
             Type = null

ModelAndView:
        View name = null
             View = null
            Model = null

FlashMap:
       Attributes = null

MockHttpServletResponse:
           Status = 201
    Error message = null
          Headers = [Content-Type:"application/json", X-Content-Type-Options:"nosniff", X-XSS-Protection:"0", Cache-Control:"no-cache, no-store, max-age=0, must-revalidate", Pragma:"no-cache", Expires:"0", X-Frame-Options:"DENY"]
     Content type = application/json
             Body = {"playerId":"73f30762-53a1-4cc9-b4e0-381d59e9b737","accessToken":"eyJraWQiOiJKR2U3VHBLalVQZmNlWFJBdjZ3a2FERndXV3ZDR18tVjY3SFNyb2NhRU04IiwidHlwIjoiSldUIiwiYWxnIjoiSFMyNTYifQ.eyJzdWIiOiI3M2YzMDc2Mi01M2ExLTRjYzktYjRlMC0zODFkNTllOWI3MzciLCJndWVzdCI6dHJ1ZSwiZXhwIjoxNzg5MTIzMTQyLCJpYXQiOjE3ODkxMjIyNDIsImp0aSI6IjliOTY5ODJjLTkwOTUtNGVhOC1iZTU1LTFlNzYxNTFjMDkwOSJ9.GbualPRXbIyvuvKmvmNjln_a_-BBlHa4VJNVXSyRy88","refreshToken":"seDxGjBKRUF1wIKJORnUF9VJesQlpmTaN3d_g5JvE5w","guest":true}
    Forwarded URL = null
   Redirected URL = null
          Cookies = []

MockHttpServletRequest:
      HTTP Method = POST
      Request URI = /v1/matchmaking/casual
       Parameters = {}
          Headers = [Content-Type:"application/json;charset=UTF-8", Authorization:"Bearer eyJraWQiOiJKR2U3VHBLalVQZmNlWFJBdjZ3a2FERndXV3ZDR18tVjY3SFNyb2NhRU04IiwidHlwIjoiSldUIiwiYWxnIjoiSFMyNTYifQ.eyJzdWIiOiI3M2YzMDc2Mi01M2ExLTRjYzktYjRlMC0zODFkNTllOWI3MzciLCJndWVzdCI6dHJ1ZSwiZXhwIjoxNzg5MTIzMTQyLCJpYXQiOjE3ODkxMjIyNDIsImp0aSI6IjliOTY5ODJjLTkwOTUtNGVhOC1iZTU1LTFlNzYxNTFjMDkwOSJ9.GbualPRXbIyvuvKmvmNjln_a_-BBlHa4VJNVXSyRy88", Content-Length:"2"]
             Body = {}
    Session Attrs = {}

Handler:
             Type = org.springframework.web.servlet.resource.ResourceHttpRequestHandler

Async:
    Async started = false
     Async result = null

Resolved Exception:
             Type = org.springframework.web.servlet.resource.NoResourceFoundException

ModelAndView:
        View name = null
             View = null
            Model = null

FlashMap:
       Attributes = null

MockHttpServletResponse:
           Status = 404
    Error message = No static resource v1/matchmaking/casual.
          Headers = [X-Content-Type-Options:"nosniff", X-XSS-Protection:"0", Cache-Control:"no-cache, no-store, max-age=0, must-revalidate", Pragma:"no-cache", Expires:"0", X-Frame-Options:"DENY"]
     Content type = null
             Body = 
    Forwarded URL = null
   Redirected URL = null
          Cookies = []

MockHttpServletRequest:
      HTTP Method = POST
      Request URI = /v1/matchmaking/casual
       Parameters = {}
          Headers = [Content-Type:"application/json;charset=UTF-8", Authorization:"Bearer eyJraWQiOiJKR2U3VHBLalVQZmNlWFJBdjZ3a2FERndXV3ZDR18tVjY3SFNyb2NhRU04IiwidHlwIjoiSldUIiwiYWxnIjoiSFMyNTYifQ.eyJzdWIiOiI3M2YzMDc2Mi01M2ExLTRjYzktYjRlMC0zODFkNTllOWI3MzciLCJndWVzdCI6dHJ1ZSwiZXhwIjoxNzg5MTIzMTQyLCJpYXQiOjE3ODkxMjIyNDIsImp0aSI6IjliOTY5ODJjLTkwOTUtNGVhOC1iZTU1LTFlNzYxNTFjMDkwOSJ9.GbualPRXbIyvuvKmvmNjln_a_-BBlHa4VJNVXSyRy88", Content-Length:"2"]
             Body = {}
    Session Attrs = {}

Handler:
             Type = org.springframework.web.servlet.resource.ResourceHttpRequestHandler

Async:
    Async started = false
     Async result = null

Resolved Exception:
             Type = org.springframework.web.servlet.resource.NoResourceFoundException

ModelAndView:
        View name = null
             View = null
            Model = null

FlashMap:
       Attributes = null

MockHttpServletResponse:
           Status = 404
    Error message = No static resource v1/matchmaking/casual.
          Headers = [X-Content-Type-Options:"nosniff", X-XSS-Protection:"0", Cache-Control:"no-cache, no-store, max-age=0, must-revalidate", Pragma:"no-cache", Expires:"0", X-Frame-Options:"DENY"]
     Content type = null
             Body = 
    Forwarded URL = null
   Redirected URL = null
          Cookies = []

MockHttpServletRequest:
      HTTP Method = POST
      Request URI = /v1/matchmaking/casual
       Parameters = {}
          Headers = [Content-Type:"application/json;charset=UTF-8", Authorization:"Bearer eyJraWQiOiJKR2U3VHBLalVQZmNlWFJBdjZ3a2FERndXV3ZDR18tVjY3SFNyb2NhRU04IiwidHlwIjoiSldUIiwiYWxnIjoiSFMyNTYifQ.eyJzdWIiOiI3M2YzMDc2Mi01M2ExLTRjYzktYjRlMC0zODFkNTllOWI3MzciLCJndWVzdCI6dHJ1ZSwiZXhwIjoxNzg5MTIzMTQyLCJpYXQiOjE3ODkxMjIyNDIsImp0aSI6IjliOTY5ODJjLTkwOTUtNGVhOC1iZTU1LTFlNzYxNTFjMDkwOSJ9.GbualPRXbIyvuvKmvmNjln_a_-BBlHa4VJNVXSyRy88", Content-Length:"2"]
             Body = {}
    Session Attrs = {}

Handler:
             Type = org.springframework.web.servlet.resource.ResourceHttpRequestHandler

Async:
    Async started = false
     Async result = null

Resolved Exception:
             Type = org.springframework.web.servlet.resource.NoResourceFoundException

ModelAndView:
        View name = null
             View = null
            Model = null

FlashMap:
       Attributes = null

MockHttpServletResponse:
           Status = 404
    Error message = No static resource v1/matchmaking/casual.
          Headers = [X-Content-Type-Options:"nosniff", X-XSS-Protection:"0", Cache-Control:"no-cache, no-store, max-age=0, must-revalidate", Pragma:"no-cache", Expires:"0", X-Frame-Options:"DENY"]
     Content type = null
             Body = 
    Forwarded URL = null
   Redirected URL = null
          Cookies = []

MockHttpServletRequest:
      HTTP Method = POST
      Request URI = /v1/matchmaking/casual
       Parameters = {}
          Headers = [Content-Type:"application/json;charset=UTF-8", Authorization:"Bearer eyJraWQiOiJKR2U3VHBLalVQZmNlWFJBdjZ3a2FERndXV3ZDR18tVjY3SFNyb2NhRU04IiwidHlwIjoiSldUIiwiYWxnIjoiSFMyNTYifQ.eyJzdWIiOiI3M2YzMDc2Mi01M2ExLTRjYzktYjRlMC0zODFkNTllOWI3MzciLCJndWVzdCI6dHJ1ZSwiZXhwIjoxNzg5MTIzMTQyLCJpYXQiOjE3ODkxMjIyNDIsImp0aSI6IjliOTY5ODJjLTkwOTUtNGVhOC1iZTU1LTFlNzYxNTFjMDkwOSJ9.GbualPRXbIyvuvKmvmNjln_a_-BBlHa4VJNVXSyRy88", Content-Length:"2"]
             Body = {}
    Session Attrs = {}

Handler:
             Type = org.springframework.web.servlet.resource.ResourceHttpRequestHandler

Async:
    Async started = false
     Async result = null

Resolved Exception:
             Type = org.springframework.web.servlet.resource.NoResourceFoundException

ModelAndView:
        View name = null
             View = null
            Model = null

FlashMap:
       Attributes = null

MockHttpServletResponse:
           Status = 404
    Error message = No static resource v1/matchmaking/casual.
          Headers = [X-Content-Type-Options:"nosniff", X-XSS-Protection:"0", Cache-Control:"no-cache, no-store, max-age=0, must-revalidate", Pragma:"no-cache", Expires:"0", X-Frame-Options:"DENY"]
     Content type = null
             Body = 
    Forwarded URL = null
   Redirected URL = null
          Cookies = []

MockHttpServletRequest:
      HTTP Method = POST
      Request URI = /v1/matchmaking/casual
       Parameters = {}
          Headers = [Content-Type:"application/json;charset=UTF-8", Authorization:"Bearer eyJraWQiOiJKR2U3VHBLalVQZmNlWFJBdjZ3a2FERndXV3ZDR18tVjY3SFNyb2NhRU04IiwidHlwIjoiSldUIiwiYWxnIjoiSFMyNTYifQ.eyJzdWIiOiI3M2YzMDc2Mi01M2ExLTRjYzktYjRlMC0zODFkNTllOWI3MzciLCJndWVzdCI6dHJ1ZSwiZXhwIjoxNzg5MTIzMTQyLCJpYXQiOjE3ODkxMjIyNDIsImp0aSI6IjliOTY5ODJjLTkwOTUtNGVhOC1iZTU1LTFlNzYxNTFjMDkwOSJ9.GbualPRXbIyvuvKmvmNjln_a_-BBlHa4VJNVXSyRy88", Content-Length:"2"]
             Body = {}
    Session Attrs = {}

Handler:
             Type = org.springframework.web.servlet.resource.ResourceHttpRequestHandler

Async:
    Async started = false
     Async result = null

Resolved Exception:
             Type = org.springframework.web.servlet.resource.NoResourceFoundException

ModelAndView:
        View name = null
             View = null
            Model = null

FlashMap:
       Attributes = null

MockHttpServletResponse:
           Status = 404
    Error message = No static resource v1/matchmaking/casual.
          Headers = [X-Content-Type-Options:"nosniff", X-XSS-Protection:"0", Cache-Control:"no-cache, no-store, max-age=0, must-revalidate", Pragma:"no-cache", Expires:"0", X-Frame-Options:"DENY"]
     Content type = null
             Body = 
    Forwarded URL = null
   Redirected URL = null
          Cookies = []

MockHttpServletRequest:
      HTTP Method = POST
      Request URI = /v1/matchmaking/casual
       Parameters = {}
          Headers = [Content-Type:"application/json;charset=UTF-8", Authorization:"Bearer eyJraWQiOiJKR2U3VHBLalVQZmNlWFJBdjZ3a2FERndXV3ZDR18tVjY3SFNyb2NhRU04IiwidHlwIjoiSldUIiwiYWxnIjoiSFMyNTYifQ.eyJzdWIiOiI3M2YzMDc2Mi01M2ExLTRjYzktYjRlMC0zODFkNTllOWI3MzciLCJndWVzdCI6dHJ1ZSwiZXhwIjoxNzg5MTIzMTQyLCJpYXQiOjE3ODkxMjIyNDIsImp0aSI6IjliOTY5ODJjLTkwOTUtNGVhOC1iZTU1LTFlNzYxNTFjMDkwOSJ9.GbualPRXbIyvuvKmvmNjln_a_-BBlHa4VJNVXSyRy88", Content-Length:"2"]
             Body = {}
    Session Attrs = {}

Handler:
             Type = org.springframework.web.servlet.resource.ResourceHttpRequestHandler

Async:
    Async started = false
     Async result = null

Resolved Exception:
             Type = org.springframework.web.servlet.resource.NoResourceFoundException

ModelAndView:
        View name = null
             View = null
            Model = null

FlashMap:
       Attributes = null

MockHttpServletResponse:
           Status = 404
    Error message = No static resource v1/matchmaking/casual.
          Headers = [X-Content-Type-Options:"nosniff", X-XSS-Protection:"0", Cache-Control:"no-cache, no-store, max-age=0, must-revalidate", Pragma:"no-cache", Expires:"0", X-Frame-Options:"DENY"]
     Content type = null
             Body = 
    Forwarded URL = null
   Redirected URL = null
          Cookies = []

MockHttpServletRequest:
      HTTP Method = POST
      Request URI = /v1/matchmaking/casual
       Parameters = {}
          Headers = [Content-Type:"application/json;charset=UTF-8", Authorization:"Bearer eyJraWQiOiJKR2U3VHBLalVQZmNlWFJBdjZ3a2FERndXV3ZDR18tVjY3SFNyb2NhRU04IiwidHlwIjoiSldUIiwiYWxnIjoiSFMyNTYifQ.eyJzdWIiOiI3M2YzMDc2Mi01M2ExLTRjYzktYjRlMC0zODFkNTllOWI3MzciLCJndWVzdCI6dHJ1ZSwiZXhwIjoxNzg5MTIzMTQyLCJpYXQiOjE3ODkxMjIyNDIsImp0aSI6IjliOTY5ODJjLTkwOTUtNGVhOC1iZTU1LTFlNzYxNTFjMDkwOSJ9.GbualPRXbIyvuvKmvmNjln_a_-BBlHa4VJNVXSyRy88", Content-Length:"2"]
             Body = {}
    Session Attrs = {}

Handler:
             Type = org.springframework.web.servlet.resource.ResourceHttpRequestHandler

Async:
    Async started = false
     Async result = null

Resolved Exception:
             Type = org.springframework.web.servlet.resource.NoResourceFoundException

ModelAndView:
        View name = null
             View = null
            Model = null

FlashMap:
       Attributes = null

MockHttpServletResponse:
           Status = 404
    Error message = No static resource v1/matchmaking/casual.
          Headers = [X-Content-Type-Options:"nosniff", X-XSS-Protection:"0", Cache-Control:"no-cache, no-store, max-age=0, must-revalidate", Pragma:"no-cache", Expires:"0", X-Frame-Options:"DENY"]
     Content type = null
             Body = 
    Forwarded URL = null
   Redirected URL = null
          Cookies = []

MockHttpServletRequest:
      HTTP Method = POST
      Request URI = /v1/matchmaking/casual
       Parameters = {}
          Headers = [Content-Type:"application/json;charset=UTF-8", Authorization:"Bearer eyJraWQiOiJKR2U3VHBLalVQZmNlWFJBdjZ3a2FERndXV3ZDR18tVjY3SFNyb2NhRU04IiwidHlwIjoiSldUIiwiYWxnIjoiSFMyNTYifQ.eyJzdWIiOiI3M2YzMDc2Mi01M2ExLTRjYzktYjRlMC0zODFkNTllOWI3MzciLCJndWVzdCI6dHJ1ZSwiZXhwIjoxNzg5MTIzMTQyLCJpYXQiOjE3ODkxMjIyNDIsImp0aSI6IjliOTY5ODJjLTkwOTUtNGVhOC1iZTU1LTFlNzYxNTFjMDkwOSJ9.GbualPRXbIyvuvKmvmNjln_a_-BBlHa4VJNVXSyRy88", Content-Length:"2"]
             Body = {}
    Session Attrs = {}

Handler:
             Type = org.springframework.web.servlet.resource.ResourceHttpRequestHandler

Async:
    Async started = false
     Async result = null

Resolved Exception:
             Type = org.springframework.web.servlet.resource.NoResourceFoundException

ModelAndView:
        View name = null
             View = null
            Model = null

FlashMap:
       Attributes = null

MockHttpServletResponse:
           Status = 404
    Error message = No static resource v1/matchmaking/casual.
          Headers = [X-Content-Type-Options:"nosniff", X-XSS-Protection:"0", Cache-Control:"no-cache, no-store, max-age=0, must-revalidate", Pragma:"no-cache", Expires:"0", X-Frame-Options:"DENY"]
     Content type = null
             Body = 
    Forwarded URL = null
   Redirected URL = null
          Cookies = []

MockHttpServletRequest:
      HTTP Method = POST
      Request URI = /v1/matchmaking/casual
       Parameters = {}
          Headers = [Content-Type:"application/json;charset=UTF-8", Authorization:"Bearer eyJraWQiOiJKR2U3VHBLalVQZmNlWFJBdjZ3a2FERndXV3ZDR18tVjY3SFNyb2NhRU04IiwidHlwIjoiSldUIiwiYWxnIjoiSFMyNTYifQ.eyJzdWIiOiI3M2YzMDc2Mi01M2ExLTRjYzktYjRlMC0zODFkNTllOWI3MzciLCJndWVzdCI6dHJ1ZSwiZXhwIjoxNzg5MTIzMTQyLCJpYXQiOjE3ODkxMjIyNDIsImp0aSI6IjliOTY5ODJjLTkwOTUtNGVhOC1iZTU1LTFlNzYxNTFjMDkwOSJ9.GbualPRXbIyvuvKmvmNjln_a_-BBlHa4VJNVXSyRy88", Content-Length:"2"]
             Body = {}
    Session Attrs = {}

Handler:
             Type = org.springframework.web.servlet.resource.ResourceHttpRequestHandler

Async:
    Async started = false
     Async result = null

Resolved Exception:
             Type = org.springframework.web.servlet.resource.NoResourceFoundException

ModelAndView:
        View name = null
             View = null
            Model = null

FlashMap:
       Attributes = null

MockHttpServletResponse:
           Status = 404
    Error message = No static resource v1/matchmaking/casual.
          Headers = [X-Content-Type-Options:"nosniff", X-XSS-Protection:"0", Cache-Control:"no-cache, no-store, max-age=0, must-revalidate", Pragma:"no-cache", Expires:"0", X-Frame-Options:"DENY"]
     Content type = null
             Body = 
    Forwarded URL = null
   Redirected URL = null
          Cookies = []

MockHttpServletRequest:
      HTTP Method = POST
      Request URI = /v1/matchmaking/casual
       Parameters = {}
          Headers = [Content-Type:"application/json;charset=UTF-8", Authorization:"Bearer eyJraWQiOiJKR2U3VHBLalVQZmNlWFJBdjZ3a2FERndXV3ZDR18tVjY3SFNyb2NhRU04IiwidHlwIjoiSldUIiwiYWxnIjoiSFMyNTYifQ.eyJzdWIiOiI3M2YzMDc2Mi01M2ExLTRjYzktYjRlMC0zODFkNTllOWI3MzciLCJndWVzdCI6dHJ1ZSwiZXhwIjoxNzg5MTIzMTQyLCJpYXQiOjE3ODkxMjIyNDIsImp0aSI6IjliOTY5ODJjLTkwOTUtNGVhOC1iZTU1LTFlNzYxNTFjMDkwOSJ9.GbualPRXbIyvuvKmvmNjln_a_-BBlHa4VJNVXSyRy88", Content-Length:"2"]
             Body = {}
    Session Attrs = {}

Handler:
             Type = org.springframework.web.servlet.resource.ResourceHttpRequestHandler

Async:
    Async started = false
     Async result = null

Resolved Exception:
             Type = org.springframework.web.servlet.resource.NoResourceFoundException

ModelAndView:
        View name = null
             View = null
            Model = null

FlashMap:
       Attributes = null

MockHttpServletResponse:
           Status = 404
    Error message = No static resource v1/matchmaking/casual.
          Headers = [X-Content-Type-Options:"nosniff", X-XSS-Protection:"0", Cache-Control:"no-cache, no-store, max-age=0, must-revalidate", Pragma:"no-cache", Expires:"0", X-Frame-Options:"DENY"]
     Content type = null
             Body = 
    Forwarded URL = null
   Redirected URL = null
          Cookies = []

MockHttpServletRequest:
      HTTP Method = POST
      Request URI = /v1/matchmaking/casual
       Parameters = {}
          Headers = [Content-Type:"application/json;charset=UTF-8", Authorization:"Bearer eyJraWQiOiJKR2U3VHBLalVQZmNlWFJBdjZ3a2FERndXV3ZDR18tVjY3SFNyb2NhRU04IiwidHlwIjoiSldUIiwiYWxnIjoiSFMyNTYifQ.eyJzdWIiOiI3M2YzMDc2Mi01M2ExLTRjYzktYjRlMC0zODFkNTllOWI3MzciLCJndWVzdCI6dHJ1ZSwiZXhwIjoxNzg5MTIzMTQyLCJpYXQiOjE3ODkxMjIyNDIsImp0aSI6IjliOTY5ODJjLTkwOTUtNGVhOC1iZTU1LTFlNzYxNTFjMDkwOSJ9.GbualPRXbIyvuvKmvmNjln_a_-BBlHa4VJNVXSyRy88", Content-Length:"2"]
             Body = {}
    Session Attrs = {}

Handler:
             Type = org.springframework.web.servlet.resource.ResourceHttpRequestHandler

Async:
    Async started = false
     Async result = null

Resolved Exception:
             Type = org.springframework.web.servlet.resource.NoResourceFoundException

ModelAndView:
        View name = null
             View = null
            Model = null

FlashMap:
       Attributes = null

MockHttpServletResponse:
           Status = 404
    Error message = No static resource v1/matchmaking/casual.
          Headers = [X-Content-Type-Options:"nosniff", X-XSS-Protection:"0", Cache-Control:"no-cache, no-store, max-age=0, must-revalidate", Pragma:"no-cache", Expires:"0", X-Frame-Options:"DENY"]
     Content type = null
             Body = 
    Forwarded URL = null
   Redirected URL = null
          Cookies = []

MockHttpServletRequest:
      HTTP Method = POST
      Request URI = /v1/matchmaking/casual
       Parameters = {}
          Headers = [Content-Type:"application/json;charset=UTF-8", Authorization:"Bearer eyJraWQiOiJKR2U3VHBLalVQZmNlWFJBdjZ3a2FERndXV3ZDR18tVjY3SFNyb2NhRU04IiwidHlwIjoiSldUIiwiYWxnIjoiSFMyNTYifQ.eyJzdWIiOiI3M2YzMDc2Mi01M2ExLTRjYzktYjRlMC0zODFkNTllOWI3MzciLCJndWVzdCI6dHJ1ZSwiZXhwIjoxNzg5MTIzMTQyLCJpYXQiOjE3ODkxMjIyNDIsImp0aSI6IjliOTY5ODJjLTkwOTUtNGVhOC1iZTU1LTFlNzYxNTFjMDkwOSJ9.GbualPRXbIyvuvKmvmNjln_a_-BBlHa4VJNVXSyRy88", Content-Length:"2"]
             Body = {}
    Session Attrs = {}

Handler:
             Type = org.springframework.web.servlet.resource.ResourceHttpRequestHandler

Async:
    Async started = false
     Async result = null

Resolved Exception:
             Type = org.springframework.web.servlet.resource.NoResourceFoundException

ModelAndView:
        View name = null
             View = null
            Model = null

FlashMap:
       Attributes = null

MockHttpServletResponse:
           Status = 404
    Error message = No static resource v1/matchmaking/casual.
          Headers = [X-Content-Type-Options:"nosniff", X-XSS-Protection:"0", Cache-Control:"no-cache, no-store, max-age=0, must-revalidate", Pragma:"no-cache", Expires:"0", X-Frame-Options:"DENY"]
     Content type = null
             Body = 
    Forwarded URL = null
   Redirected URL = null
          Cookies = []

MockHttpServletRequest:
      HTTP Method = POST
      Request URI = /v1/matchmaking/casual
       Parameters = {}
          Headers = [Content-Type:"application/json;charset=UTF-8", Authorization:"Bearer eyJraWQiOiJKR2U3VHBLalVQZmNlWFJBdjZ3a2FERndXV3ZDR18tVjY3SFNyb2NhRU04IiwidHlwIjoiSldUIiwiYWxnIjoiSFMyNTYifQ.eyJzdWIiOiI3M2YzMDc2Mi01M2ExLTRjYzktYjRlMC0zODFkNTllOWI3MzciLCJndWVzdCI6dHJ1ZSwiZXhwIjoxNzg5MTIzMTQyLCJpYXQiOjE3ODkxMjIyNDIsImp0aSI6IjliOTY5ODJjLTkwOTUtNGVhOC1iZTU1LTFlNzYxNTFjMDkwOSJ9.GbualPRXbIyvuvKmvmNjln_a_-BBlHa4VJNVXSyRy88", Content-Length:"2"]
             Body = {}
    Session Attrs = {}

Handler:
             Type = org.springframework.web.servlet.resource.ResourceHttpRequestHandler

Async:
    Async started = false
     Async result = null

Resolved Exception:
             Type = org.springframework.web.servlet.resource.NoResourceFoundException

ModelAndView:
        View name = null
             View = null
            Model = null

FlashMap:
       Attributes = null

MockHttpServletResponse:
           Status = 404
    Error message = No static resource v1/matchmaking/casual.
          Headers = [X-Content-Type-Options:"nosniff", X-XSS-Protection:"0", Cache-Control:"no-cache, no-store, max-age=0, must-revalidate", Pragma:"no-cache", Expires:"0", X-Frame-Options:"DENY"]
     Content type = null
             Body = 
    Forwarded URL = null
   Redirected URL = null
          Cookies = []

MockHttpServletRequest:
      HTTP Method = POST
      Request URI = /v1/matchmaking/casual
       Parameters = {}
          Headers = [Content-Type:"application/json;charset=UTF-8", Authorization:"Bearer eyJraWQiOiJKR2U3VHBLalVQZmNlWFJBdjZ3a2FERndXV3ZDR18tVjY3SFNyb2NhRU04IiwidHlwIjoiSldUIiwiYWxnIjoiSFMyNTYifQ.eyJzdWIiOiI3M2YzMDc2Mi01M2ExLTRjYzktYjRlMC0zODFkNTllOWI3MzciLCJndWVzdCI6dHJ1ZSwiZXhwIjoxNzg5MTIzMTQyLCJpYXQiOjE3ODkxMjIyNDIsImp0aSI6IjliOTY5ODJjLTkwOTUtNGVhOC1iZTU1LTFlNzYxNTFjMDkwOSJ9.GbualPRXbIyvuvKmvmNjln_a_-BBlHa4VJNVXSyRy88", Content-Length:"2"]
             Body = {}
    Session Attrs = {}

Handler:
             Type = org.springframework.web.servlet.resource.ResourceHttpRequestHandler

Async:
    Async started = false
     Async result = null

Resolved Exception:
             Type = org.springframework.web.servlet.resource.NoResourceFoundException

ModelAndView:
        View name = null
             View = null
            Model = null

FlashMap:
       Attributes = null

MockHttpServletResponse:
           Status = 404
    Error message = No static resource v1/matchmaking/casual.
          Headers = [X-Content-Type-Options:"nosniff", X-XSS-Protection:"0", Cache-Control:"no-cache, no-store, max-age=0, must-revalidate", Pragma:"no-cache", Expires:"0", X-Frame-Options:"DENY"]
     Content type = null
             Body = 
    Forwarded URL = null
   Redirected URL = null
          Cookies = []

MockHttpServletRequest:
      HTTP Method = POST
      Request URI = /v1/matchmaking/casual
       Parameters = {}
          Headers = [Content-Type:"application/json;charset=UTF-8", Authorization:"Bearer eyJraWQiOiJKR2U3VHBLalVQZmNlWFJBdjZ3a2FERndXV3ZDR18tVjY3SFNyb2NhRU04IiwidHlwIjoiSldUIiwiYWxnIjoiSFMyNTYifQ.eyJzdWIiOiI3M2YzMDc2Mi01M2ExLTRjYzktYjRlMC0zODFkNTllOWI3MzciLCJndWVzdCI6dHJ1ZSwiZXhwIjoxNzg5MTIzMTQyLCJpYXQiOjE3ODkxMjIyNDIsImp0aSI6IjliOTY5ODJjLTkwOTUtNGVhOC1iZTU1LTFlNzYxNTFjMDkwOSJ9.GbualPRXbIyvuvKmvmNjln_a_-BBlHa4VJNVXSyRy88", Content-Length:"2"]
             Body = {}
    Session Attrs = {}

Handler:
             Type = org.springframework.web.servlet.resource.ResourceHttpRequestHandler

Async:
    Async started = false
     Async result = null

Resolved Exception:
             Type = org.springframework.web.servlet.resource.NoResourceFoundException

ModelAndView:
        View name = null
             View = null
            Model = null

FlashMap:
       Attributes = null

MockHttpServletResponse:
           Status = 404
    Error message = No static resource v1/matchmaking/casual.
          Headers = [X-Content-Type-Options:"nosniff", X-XSS-Protection:"0", Cache-Control:"no-cache, no-store, max-age=0, must-revalidate", Pragma:"no-cache", Expires:"0", X-Frame-Options:"DENY"]
     Content type = null
             Body = 
    Forwarded URL = null
   Redirected URL = null
          Cookies = []

MockHttpServletRequest:
      HTTP Method = POST
      Request URI = /v1/matchmaking/casual
       Parameters = {}
          Headers = [Content-Type:"application/json;charset=UTF-8", Authorization:"Bearer eyJraWQiOiJKR2U3VHBLalVQZmNlWFJBdjZ3a2FERndXV3ZDR18tVjY3SFNyb2NhRU04IiwidHlwIjoiSldUIiwiYWxnIjoiSFMyNTYifQ.eyJzdWIiOiI3M2YzMDc2Mi01M2ExLTRjYzktYjRlMC0zODFkNTllOWI3MzciLCJndWVzdCI6dHJ1ZSwiZXhwIjoxNzg5MTIzMTQyLCJpYXQiOjE3ODkxMjIyNDIsImp0aSI6IjliOTY5ODJjLTkwOTUtNGVhOC1iZTU1LTFlNzYxNTFjMDkwOSJ9.GbualPRXbIyvuvKmvmNjln_a_-BBlHa4VJNVXSyRy88", Content-Length:"2"]
             Body = {}
    Session Attrs = {}

Handler:
             Type = org.springframework.web.servlet.resource.ResourceHttpRequestHandler

Async:
    Async started = false
     Async result = null

Resolved Exception:
             Type = org.springframework.web.servlet.resource.NoResourceFoundException

ModelAndView:
        View name = null
             View = null
            Model = null

FlashMap:
       Attributes = null

MockHttpServletResponse:
           Status = 404
    Error message = No static resource v1/matchmaking/casual.
          Headers = [X-Content-Type-Options:"nosniff", X-XSS-Protection:"0", Cache-Control:"no-cache, no-store, max-age=0, must-revalidate", Pragma:"no-cache", Expires:"0", X-Frame-Options:"DENY"]
     Content type = null
             Body = 
    Forwarded URL = null
   Redirected URL = null
          Cookies = []

MockHttpServletRequest:
      HTTP Method = POST
      Request URI = /v1/matchmaking/casual
       Parameters = {}
          Headers = [Content-Type:"application/json;charset=UTF-8", Authorization:"Bearer eyJraWQiOiJKR2U3VHBLalVQZmNlWFJBdjZ3a2FERndXV3ZDR18tVjY3SFNyb2NhRU04IiwidHlwIjoiSldUIiwiYWxnIjoiSFMyNTYifQ.eyJzdWIiOiI3M2YzMDc2Mi01M2ExLTRjYzktYjRlMC0zODFkNTllOWI3MzciLCJndWVzdCI6dHJ1ZSwiZXhwIjoxNzg5MTIzMTQyLCJpYXQiOjE3ODkxMjIyNDIsImp0aSI6IjliOTY5ODJjLTkwOTUtNGVhOC1iZTU1LTFlNzYxNTFjMDkwOSJ9.GbualPRXbIyvuvKmvmNjln_a_-BBlHa4VJNVXSyRy88", Content-Length:"2"]
             Body = {}
    Session Attrs = {}

Handler:
             Type = org.springframework.web.servlet.resource.ResourceHttpRequestHandler

Async:
    Async started = false
     Async result = null

Resolved Exception:
             Type = org.springframework.web.servlet.resource.NoResourceFoundException

ModelAndView:
        View name = null
             View = null
            Model = null

FlashMap:
       Attributes = null

MockHttpServletResponse:
           Status = 404
    Error message = No static resource v1/matchmaking/casual.
          Headers = [X-Content-Type-Options:"nosniff", X-XSS-Protection:"0", Cache-Control:"no-cache, no-store, max-age=0, must-revalidate", Pragma:"no-cache", Expires:"0", X-Frame-Options:"DENY"]
     Content type = null
             Body = 
    Forwarded URL = null
   Redirected URL = null
          Cookies = []

MockHttpServletRequest:
      HTTP Method = POST
      Request URI = /v1/matchmaking/casual
       Parameters = {}
          Headers = [Content-Type:"application/json;charset=UTF-8", Authorization:"Bearer eyJraWQiOiJKR2U3VHBLalVQZmNlWFJBdjZ3a2FERndXV3ZDR18tVjY3SFNyb2NhRU04IiwidHlwIjoiSldUIiwiYWxnIjoiSFMyNTYifQ.eyJzdWIiOiI3M2YzMDc2Mi01M2ExLTRjYzktYjRlMC0zODFkNTllOWI3MzciLCJndWVzdCI6dHJ1ZSwiZXhwIjoxNzg5MTIzMTQyLCJpYXQiOjE3ODkxMjIyNDIsImp0aSI6IjliOTY5ODJjLTkwOTUtNGVhOC1iZTU1LTFlNzYxNTFjMDkwOSJ9.GbualPRXbIyvuvKmvmNjln_a_-BBlHa4VJNVXSyRy88", Content-Length:"2"]
             Body = {}
    Session Attrs = {}

Handler:
             Type = org.springframework.web.servlet.resource.ResourceHttpRequestHandler

Async:
    Async started = false
     Async result = null

Resolved Exception:
             Type = org.springframework.web.servlet.resource.NoResourceFoundException

ModelAndView:
        View name = null
             View = null
            Model = null

FlashMap:
       Attributes = null

MockHttpServletResponse:
           Status = 404
    Error message = No static resource v1/matchmaking/casual.
          Headers = [X-Content-Type-Options:"nosniff", X-XSS-Protection:"0", Cache-Control:"no-cache, no-store, max-age=0, must-revalidate", Pragma:"no-cache", Expires:"0", X-Frame-Options:"DENY"]
     Content type = null
             Body = 
    Forwarded URL = null
   Redirected URL = null
          Cookies = []

MockHttpServletRequest:
      HTTP Method = POST
      Request URI = /v1/matchmaking/casual
       Parameters = {}
          Headers = [Content-Type:"application/json;charset=UTF-8", Authorization:"Bearer eyJraWQiOiJKR2U3VHBLalVQZmNlWFJBdjZ3a2FERndXV3ZDR18tVjY3SFNyb2NhRU04IiwidHlwIjoiSldUIiwiYWxnIjoiSFMyNTYifQ.eyJzdWIiOiI3M2YzMDc2Mi01M2ExLTRjYzktYjRlMC0zODFkNTllOWI3MzciLCJndWVzdCI6dHJ1ZSwiZXhwIjoxNzg5MTIzMTQyLCJpYXQiOjE3ODkxMjIyNDIsImp0aSI6IjliOTY5ODJjLTkwOTUtNGVhOC1iZTU1LTFlNzYxNTFjMDkwOSJ9.GbualPRXbIyvuvKmvmNjln_a_-BBlHa4VJNVXSyRy88", Content-Length:"2"]
             Body = {}
    Session Attrs = {}

Handler:
             Type = org.springframework.web.servlet.resource.ResourceHttpRequestHandler

Async:
    Async started = false
     Async result = null

Resolved Exception:
             Type = org.springframework.web.servlet.resource.NoResourceFoundException

ModelAndView:
        View name = null
             View = null
            Model = null

FlashMap:
       Attributes = null

MockHttpServletResponse:
           Status = 404
    Error message = No static resource v1/matchmaking/casual.
          Headers = [X-Content-Type-Options:"nosniff", X-XSS-Protection:"0", Cache-Control:"no-cache, no-store, max-age=0, must-revalidate", Pragma:"no-cache", Expires:"0", X-Frame-Options:"DENY"]
     Content type = null
             Body = 
    Forwarded URL = null
   Redirected URL = null
          Cookies = []

MockHttpServletRequest:
      HTTP Method = POST
      Request URI = /v1/matchmaking/casual
       Parameters = {}
          Headers = [Content-Type:"application/json;charset=UTF-8", Authorization:"Bearer eyJraWQiOiJKR2U3VHBLalVQZmNlWFJBdjZ3a2FERndXV3ZDR18tVjY3SFNyb2NhRU04IiwidHlwIjoiSldUIiwiYWxnIjoiSFMyNTYifQ.eyJzdWIiOiI3M2YzMDc2Mi01M2ExLTRjYzktYjRlMC0zODFkNTllOWI3MzciLCJndWVzdCI6dHJ1ZSwiZXhwIjoxNzg5MTIzMTQyLCJpYXQiOjE3ODkxMjIyNDIsImp0aSI6IjliOTY5ODJjLTkwOTUtNGVhOC1iZTU1LTFlNzYxNTFjMDkwOSJ9.GbualPRXbIyvuvKmvmNjln_a_-BBlHa4VJNVXSyRy88", Content-Length:"2"]
             Body = {}
    Session Attrs = {}

Handler:
             Type = org.springframework.web.servlet.resource.ResourceHttpRequestHandler

Async:
    Async started = false
     Async result = null

Resolved Exception:
             Type = org.springframework.web.servlet.resource.NoResourceFoundException

ModelAndView:
        View name = null
             View = null
            Model = null

FlashMap:
       Attributes = null

MockHttpServletResponse:
           Status = 404
    Error message = No static resource v1/matchmaking/casual.
          Headers = [X-Content-Type-Options:"nosniff", X-XSS-Protection:"0", Cache-Control:"no-cache, no-store, max-age=0, must-revalidate", Pragma:"no-cache", Expires:"0", X-Frame-Options:"DENY"]
     Content type = null
             Body = 
    Forwarded URL = null
   Redirected URL = null
          Cookies = []

MockHttpServletRequest:
      HTTP Method = POST
      Request URI = /v1/matchmaking/casual
       Parameters = {}
          Headers = [Content-Type:"application/json;charset=UTF-8", Authorization:"Bearer eyJraWQiOiJKR2U3VHBLalVQZmNlWFJBdjZ3a2FERndXV3ZDR18tVjY3SFNyb2NhRU04IiwidHlwIjoiSldUIiwiYWxnIjoiSFMyNTYifQ.eyJzdWIiOiI3M2YzMDc2Mi01M2ExLTRjYzktYjRlMC0zODFkNTllOWI3MzciLCJndWVzdCI6dHJ1ZSwiZXhwIjoxNzg5MTIzMTQyLCJpYXQiOjE3ODkxMjIyNDIsImp0aSI6IjliOTY5ODJjLTkwOTUtNGVhOC1iZTU1LTFlNzYxNTFjMDkwOSJ9.GbualPRXbIyvuvKmvmNjln_a_-BBlHa4VJNVXSyRy88", Content-Length:"2"]
             Body = {}
    Session Attrs = {}

Handler:
             Type = org.springframework.web.servlet.resource.ResourceHttpRequestHandler

Async:
    Async started = false
     Async result = null

Resolved Exception:
             Type = org.springframework.web.servlet.resource.NoResourceFoundException

ModelAndView:
        View name = null
             View = null
            Model = null

FlashMap:
       Attributes = null

MockHttpServletResponse:
           Status = 404
    Error message = No static resource v1/matchmaking/casual.
          Headers = [X-Content-Type-Options:"nosniff", X-XSS-Protection:"0", Cache-Control:"no-cache, no-store, max-age=0, must-revalidate", Pragma:"no-cache", Expires:"0", X-Frame-Options:"DENY"]
     Content type = null
             Body = 
    Forwarded URL = null
   Redirected URL = null
          Cookies = []

MockHttpServletRequest:
      HTTP Method = POST
      Request URI = /v1/matchmaking/casual
       Parameters = {}
          Headers = [Content-Type:"application/json;charset=UTF-8", Authorization:"Bearer eyJraWQiOiJKR2U3VHBLalVQZmNlWFJBdjZ3a2FERndXV3ZDR18tVjY3SFNyb2NhRU04IiwidHlwIjoiSldUIiwiYWxnIjoiSFMyNTYifQ.eyJzdWIiOiI3M2YzMDc2Mi01M2ExLTRjYzktYjRlMC0zODFkNTllOWI3MzciLCJndWVzdCI6dHJ1ZSwiZXhwIjoxNzg5MTIzMTQyLCJpYXQiOjE3ODkxMjIyNDIsImp0aSI6IjliOTY5ODJjLTkwOTUtNGVhOC1iZTU1LTFlNzYxNTFjMDkwOSJ9.GbualPRXbIyvuvKmvmNjln_a_-BBlHa4VJNVXSyRy88", Content-Length:"2"]
             Body = {}
    Session Attrs = {}

Handler:
             Type = org.springframework.web.servlet.resource.ResourceHttpRequestHandler

Async:
    Async started = false
     Async result = null

Resolved Exception:
             Type = org.springframework.web.servlet.resource.NoResourceFoundException

ModelAndView:
        View name = null
             View = null
            Model = null

FlashMap:
       Attributes = null

MockHttpServletResponse:
           Status = 404
    Error message = No static resource v1/matchmaking/casual.
          Headers = [X-Content-Type-Options:"nosniff", X-XSS-Protection:"0", Cache-Control:"no-cache, no-store, max-age=0, must-revalidate", Pragma:"no-cache", Expires:"0", X-Frame-Options:"DENY"]
     Content type = null
             Body = 
    Forwarded URL = null
   Redirected URL = null
          Cookies = []

MockHttpServletRequest:
      HTTP Method = POST
      Request URI = /v1/matchmaking/casual
       Parameters = {}
          Headers = [Content-Type:"application/json;charset=UTF-8", Authorization:"Bearer eyJraWQiOiJKR2U3VHBLalVQZmNlWFJBdjZ3a2FERndXV3ZDR18tVjY3SFNyb2NhRU04IiwidHlwIjoiSldUIiwiYWxnIjoiSFMyNTYifQ.eyJzdWIiOiI3M2YzMDc2Mi01M2ExLTRjYzktYjRlMC0zODFkNTllOWI3MzciLCJndWVzdCI6dHJ1ZSwiZXhwIjoxNzg5MTIzMTQyLCJpYXQiOjE3ODkxMjIyNDIsImp0aSI6IjliOTY5ODJjLTkwOTUtNGVhOC1iZTU1LTFlNzYxNTFjMDkwOSJ9.GbualPRXbIyvuvKmvmNjln_a_-BBlHa4VJNVXSyRy88", Content-Length:"2"]
             Body = {}
    Session Attrs = {}

Handler:
             Type = org.springframework.web.servlet.resource.ResourceHttpRequestHandler

Async:
    Async started = false
     Async result = null

Resolved Exception:
             Type = org.springframework.web.servlet.resource.NoResourceFoundException

ModelAndView:
        View name = null
             View = null
            Model = null

FlashMap:
       Attributes = null

MockHttpServletResponse:
           Status = 404
    Error message = No static resource v1/matchmaking/casual.
          Headers = [X-Content-Type-Options:"nosniff", X-XSS-Protection:"0", Cache-Control:"no-cache, no-store, max-age=0, must-revalidate", Pragma:"no-cache", Expires:"0", X-Frame-Options:"DENY"]
     Content type = null
             Body = 
    Forwarded URL = null
   Redirected URL = null
          Cookies = []

MockHttpServletRequest:
      HTTP Method = POST
      Request URI = /v1/matchmaking/casual
       Parameters = {}
          Headers = [Content-Type:"application/json;charset=UTF-8", Authorization:"Bearer eyJraWQiOiJKR2U3VHBLalVQZmNlWFJBdjZ3a2FERndXV3ZDR18tVjY3SFNyb2NhRU04IiwidHlwIjoiSldUIiwiYWxnIjoiSFMyNTYifQ.eyJzdWIiOiI3M2YzMDc2Mi01M2ExLTRjYzktYjRlMC0zODFkNTllOWI3MzciLCJndWVzdCI6dHJ1ZSwiZXhwIjoxNzg5MTIzMTQyLCJpYXQiOjE3ODkxMjIyNDIsImp0aSI6IjliOTY5ODJjLTkwOTUtNGVhOC1iZTU1LTFlNzYxNTFjMDkwOSJ9.GbualPRXbIyvuvKmvmNjln_a_-BBlHa4VJNVXSyRy88", Content-Length:"2"]
             Body = {}
    Session Attrs = {}

Handler:
             Type = org.springframework.web.servlet.resource.ResourceHttpRequestHandler

Async:
    Async started = false
     Async result = null

Resolved Exception:
             Type = org.springframework.web.servlet.resource.NoResourceFoundException

ModelAndView:
        View name = null
             View = null
            Model = null

FlashMap:
       Attributes = null

MockHttpServletResponse:
           Status = 404
    Error message = No static resource v1/matchmaking/casual.
          Headers = [X-Content-Type-Options:"nosniff", X-XSS-Protection:"0", Cache-Control:"no-cache, no-store, max-age=0, must-revalidate", Pragma:"no-cache", Expires:"0", X-Frame-Options:"DENY"]
     Content type = null
             Body = 
    Forwarded URL = null
   Redirected URL = null
          Cookies = []

MockHttpServletRequest:
      HTTP Method = POST
      Request URI = /v1/matchmaking/casual
       Parameters = {}
          Headers = [Content-Type:"application/json;charset=UTF-8", Authorization:"Bearer eyJraWQiOiJKR2U3VHBLalVQZmNlWFJBdjZ3a2FERndXV3ZDR18tVjY3SFNyb2NhRU04IiwidHlwIjoiSldUIiwiYWxnIjoiSFMyNTYifQ.eyJzdWIiOiI3M2YzMDc2Mi01M2ExLTRjYzktYjRlMC0zODFkNTllOWI3MzciLCJndWVzdCI6dHJ1ZSwiZXhwIjoxNzg5MTIzMTQyLCJpYXQiOjE3ODkxMjIyNDIsImp0aSI6IjliOTY5ODJjLTkwOTUtNGVhOC1iZTU1LTFlNzYxNTFjMDkwOSJ9.GbualPRXbIyvuvKmvmNjln_a_-BBlHa4VJNVXSyRy88", Content-Length:"2"]
             Body = {}
    Session Attrs = {}

Handler:
             Type = org.springframework.web.servlet.resource.ResourceHttpRequestHandler

Async:
    Async started = false
     Async result = null

Resolved Exception:
             Type = org.springframework.web.servlet.resource.NoResourceFoundException

ModelAndView:
        View name = null
             View = null
            Model = null

FlashMap:
       Attributes = null

MockHttpServletResponse:
           Status = 404
    Error message = No static resource v1/matchmaking/casual.
          Headers = [X-Content-Type-Options:"nosniff", X-XSS-Protection:"0", Cache-Control:"no-cache, no-store, max-age=0, must-revalidate", Pragma:"no-cache", Expires:"0", X-Frame-Options:"DENY"]
     Content type = null
             Body = 
    Forwarded URL = null
   Redirected URL = null
          Cookies = []

MockHttpServletRequest:
      HTTP Method = POST
      Request URI = /v1/matchmaking/casual
       Parameters = {}
          Headers = [Content-Type:"application/json;charset=UTF-8", Authorization:"Bearer eyJraWQiOiJKR2U3VHBLalVQZmNlWFJBdjZ3a2FERndXV3ZDR18tVjY3SFNyb2NhRU04IiwidHlwIjoiSldUIiwiYWxnIjoiSFMyNTYifQ.eyJzdWIiOiI3M2YzMDc2Mi01M2ExLTRjYzktYjRlMC0zODFkNTllOWI3MzciLCJndWVzdCI6dHJ1ZSwiZXhwIjoxNzg5MTIzMTQyLCJpYXQiOjE3ODkxMjIyNDIsImp0aSI6IjliOTY5ODJjLTkwOTUtNGVhOC1iZTU1LTFlNzYxNTFjMDkwOSJ9.GbualPRXbIyvuvKmvmNjln_a_-BBlHa4VJNVXSyRy88", Content-Length:"2"]
             Body = {}
    Session Attrs = {}

Handler:
             Type = org.springframework.web.servlet.resource.ResourceHttpRequestHandler

Async:
    Async started = false
     Async result = null

Resolved Exception:
             Type = org.springframework.web.servlet.resource.NoResourceFoundException

ModelAndView:
        View name = null
             View = null
            Model = null

FlashMap:
       Attributes = null

MockHttpServletResponse:
           Status = 404
    Error message = No static resource v1/matchmaking/casual.
          Headers = [X-Content-Type-Options:"nosniff", X-XSS-Protection:"0", Cache-Control:"no-cache, no-store, max-age=0, must-revalidate", Pragma:"no-cache", Expires:"0", X-Frame-Options:"DENY"]
     Content type = null
             Body = 
    Forwarded URL = null
   Redirected URL = null
          Cookies = []

MockHttpServletRequest:
      HTTP Method = POST
      Request URI = /v1/matchmaking/casual
       Parameters = {}
          Headers = [Content-Type:"application/json;charset=UTF-8", Authorization:"Bearer eyJraWQiOiJKR2U3VHBLalVQZmNlWFJBdjZ3a2FERndXV3ZDR18tVjY3SFNyb2NhRU04IiwidHlwIjoiSldUIiwiYWxnIjoiSFMyNTYifQ.eyJzdWIiOiI3M2YzMDc2Mi01M2ExLTRjYzktYjRlMC0zODFkNTllOWI3MzciLCJndWVzdCI6dHJ1ZSwiZXhwIjoxNzg5MTIzMTQyLCJpYXQiOjE3ODkxMjIyNDIsImp0aSI6IjliOTY5ODJjLTkwOTUtNGVhOC1iZTU1LTFlNzYxNTFjMDkwOSJ9.GbualPRXbIyvuvKmvmNjln_a_-BBlHa4VJNVXSyRy88", Content-Length:"2"]
             Body = {}
    Session Attrs = {}

Handler:
             Type = org.springframework.web.servlet.resource.ResourceHttpRequestHandler

Async:
    Async started = false
     Async result = null

Resolved Exception:
             Type = org.springframework.web.servlet.resource.NoResourceFoundException

ModelAndView:
        View name = null
             View = null
            Model = null

FlashMap:
       Attributes = null

MockHttpServletResponse:
           Status = 404
    Error message = No static resource v1/matchmaking/casual.
          Headers = [X-Content-Type-Options:"nosniff", X-XSS-Protection:"0", Cache-Control:"no-cache, no-store, max-age=0, must-revalidate", Pragma:"no-cache", Expires:"0", X-Frame-Options:"DENY"]
     Content type = null
             Body = 
    Forwarded URL = null
   Redirected URL = null
          Cookies = []

MockHttpServletRequest:
      HTTP Method = POST
      Request URI = /v1/matchmaking/casual
       Parameters = {}
          Headers = [Content-Type:"application/json;charset=UTF-8", Authorization:"Bearer eyJraWQiOiJKR2U3VHBLalVQZmNlWFJBdjZ3a2FERndXV3ZDR18tVjY3SFNyb2NhRU04IiwidHlwIjoiSldUIiwiYWxnIjoiSFMyNTYifQ.eyJzdWIiOiI3M2YzMDc2Mi01M2ExLTRjYzktYjRlMC0zODFkNTllOWI3MzciLCJndWVzdCI6dHJ1ZSwiZXhwIjoxNzg5MTIzMTQyLCJpYXQiOjE3ODkxMjIyNDIsImp0aSI6IjliOTY5ODJjLTkwOTUtNGVhOC1iZTU1LTFlNzYxNTFjMDkwOSJ9.GbualPRXbIyvuvKmvmNjln_a_-BBlHa4VJNVXSyRy88", Content-Length:"2"]
             Body = {}
    Session Attrs = {}

Handler:
             Type = org.springframework.web.servlet.resource.ResourceHttpRequestHandler

Async:
    Async started = false
     Async result = null

Resolved Exception:
             Type = org.springframework.web.servlet.resource.NoResourceFoundException

ModelAndView:
        View name = null
             View = null
            Model = null

FlashMap:
       Attributes = null

MockHttpServletResponse:
           Status = 404
    Error message = No static resource v1/matchmaking/casual.
          Headers = [X-Content-Type-Options:"nosniff", X-XSS-Protection:"0", Cache-Control:"no-cache, no-store, max-age=0, must-revalidate", Pragma:"no-cache", Expires:"0", X-Frame-Options:"DENY"]
     Content type = null
             Body = 
    Forwarded URL = null
   Redirected URL = null
          Cookies = []

MockHttpServletRequest:
      HTTP Method = POST
      Request URI = /v1/matchmaking/casual
       Parameters = {}
          Headers = [Content-Type:"application/json;charset=UTF-8", Authorization:"Bearer eyJraWQiOiJKR2U3VHBLalVQZmNlWFJBdjZ3a2FERndXV3ZDR18tVjY3SFNyb2NhRU04IiwidHlwIjoiSldUIiwiYWxnIjoiSFMyNTYifQ.eyJzdWIiOiI3M2YzMDc2Mi01M2ExLTRjYzktYjRlMC0zODFkNTllOWI3MzciLCJndWVzdCI6dHJ1ZSwiZXhwIjoxNzg5MTIzMTQyLCJpYXQiOjE3ODkxMjIyNDIsImp0aSI6IjliOTY5ODJjLTkwOTUtNGVhOC1iZTU1LTFlNzYxNTFjMDkwOSJ9.GbualPRXbIyvuvKmvmNjln_a_-BBlHa4VJNVXSyRy88", Content-Length:"2"]
             Body = {}
    Session Attrs = {}

Handler:
             Type = org.springframework.web.servlet.resource.ResourceHttpRequestHandler

Async:
    Async started = false
     Async result = null

Resolved Exception:
             Type = org.springframework.web.servlet.resource.NoResourceFoundException

ModelAndView:
        View name = null
             View = null
            Model = null

FlashMap:
       Attributes = null

MockHttpServletResponse:
           Status = 404
    Error message = No static resource v1/matchmaking/casual.
          Headers = [X-Content-Type-Options:"nosniff", X-XSS-Protection:"0", Cache-Control:"no-cache, no-store, max-age=0, must-revalidate", Pragma:"no-cache", Expires:"0", X-Frame-Options:"DENY"]
     Content type = null
             Body = 
    Forwarded URL = null
   Redirected URL = null
          Cookies = []

MockHttpServletRequest:
      HTTP Method = POST
      Request URI = /v1/matchmaking/casual
       Parameters = {}
          Headers = [Content-Type:"application/json;charset=UTF-8", Authorization:"Bearer eyJraWQiOiJKR2U3VHBLalVQZmNlWFJBdjZ3a2FERndXV3ZDR18tVjY3SFNyb2NhRU04IiwidHlwIjoiSldUIiwiYWxnIjoiSFMyNTYifQ.eyJzdWIiOiI3M2YzMDc2Mi01M2ExLTRjYzktYjRlMC0zODFkNTllOWI3MzciLCJndWVzdCI6dHJ1ZSwiZXhwIjoxNzg5MTIzMTQyLCJpYXQiOjE3ODkxMjIyNDIsImp0aSI6IjliOTY5ODJjLTkwOTUtNGVhOC1iZTU1LTFlNzYxNTFjMDkwOSJ9.GbualPRXbIyvuvKmvmNjln_a_-BBlHa4VJNVXSyRy88", Content-Length:"2"]
             Body = {}
    Session Attrs = {}

Handler:
             Type = org.springframework.web.servlet.resource.ResourceHttpRequestHandler

Async:
    Async started = false
     Async result = null

Resolved Exception:
             Type = org.springframework.web.servlet.resource.NoResourceFoundException

ModelAndView:
        View name = null
             View = null
            Model = null

FlashMap:
       Attributes = null

MockHttpServletResponse:
           Status = 404
    Error message = No static resource v1/matchmaking/casual.
          Headers = [X-Content-Type-Options:"nosniff", X-XSS-Protection:"0", Cache-Control:"no-cache, no-store, max-age=0, must-revalidate", Pragma:"no-cache", Expires:"0", X-Frame-Options:"DENY"]
     Content type = null
             Body = 
    Forwarded URL = null
   Redirected URL = null
          Cookies = []

MockHttpServletRequest:
      HTTP Method = POST
      Request URI = /v1/matchmaking/casual
       Parameters = {}
          Headers = [Content-Type:"application/json;charset=UTF-8", Authorization:"Bearer eyJraWQiOiJKR2U3VHBLalVQZmNlWFJBdjZ3a2FERndXV3ZDR18tVjY3SFNyb2NhRU04IiwidHlwIjoiSldUIiwiYWxnIjoiSFMyNTYifQ.eyJzdWIiOiI3M2YzMDc2Mi01M2ExLTRjYzktYjRlMC0zODFkNTllOWI3MzciLCJndWVzdCI6dHJ1ZSwiZXhwIjoxNzg5MTIzMTQyLCJpYXQiOjE3ODkxMjIyNDIsImp0aSI6IjliOTY5ODJjLTkwOTUtNGVhOC1iZTU1LTFlNzYxNTFjMDkwOSJ9.GbualPRXbIyvuvKmvmNjln_a_-BBlHa4VJNVXSyRy88", Content-Length:"2"]
             Body = {}
    Session Attrs = {}

Handler:
             Type = org.springframework.web.servlet.resource.ResourceHttpRequestHandler

Async:
    Async started = false
     Async result = null

Resolved Exception:
             Type = org.springframework.web.servlet.resource.NoResourceFoundException

ModelAndView:
        View name = null
             View = null
            Model = null

FlashMap:
       Attributes = null

MockHttpServletResponse:
           Status = 404
    Error message = No static resource v1/matchmaking/casual.
          Headers = [X-Content-Type-Options:"nosniff", X-XSS-Protection:"0", Cache-Control:"no-cache, no-store, max-age=0, must-revalidate", Pragma:"no-cache", Expires:"0", X-Frame-Options:"DENY"]
     Content type = null
             Body = 
    Forwarded URL = null
   Redirected URL = null
          Cookies = []

MockHttpServletRequest:
      HTTP Method = POST
      Request URI = /v1/matchmaking/casual
       Parameters = {}
          Headers = [Content-Type:"application/json;charset=UTF-8", Authorization:"Bearer eyJraWQiOiJKR2U3VHBLalVQZmNlWFJBdjZ3a2FERndXV3ZDR18tVjY3SFNyb2NhRU04IiwidHlwIjoiSldUIiwiYWxnIjoiSFMyNTYifQ.eyJzdWIiOiI3M2YzMDc2Mi01M2ExLTRjYzktYjRlMC0zODFkNTllOWI3MzciLCJndWVzdCI6dHJ1ZSwiZXhwIjoxNzg5MTIzMTQyLCJpYXQiOjE3ODkxMjIyNDIsImp0aSI6IjliOTY5ODJjLTkwOTUtNGVhOC1iZTU1LTFlNzYxNTFjMDkwOSJ9.GbualPRXbIyvuvKmvmNjln_a_-BBlHa4VJNVXSyRy88", Content-Length:"2"]
             Body = {}
    Session Attrs = {}

Handler:
             Type = org.springframework.web.servlet.resource.ResourceHttpRequestHandler

Async:
    Async started = false
     Async result = null

Resolved Exception:
             Type = org.springframework.web.servlet.resource.NoResourceFoundException

ModelAndView:
        View name = null
             View = null
            Model = null

FlashMap:
       Attributes = null

MockHttpServletResponse:
           Status = 404
    Error message = No static resource v1/matchmaking/casual.
          Headers = [X-Content-Type-Options:"nosniff", X-XSS-Protection:"0", Cache-Control:"no-cache, no-store, max-age=0, must-revalidate", Pragma:"no-cache", Expires:"0", X-Frame-Options:"DENY"]
     Content type = null
             Body = 
    Forwarded URL = null
   Redirected URL = null
          Cookies = []

MockHttpServletRequest:
      HTTP Method = POST
      Request URI = /v1/matchmaking/casual
       Parameters = {}
          Headers = [Content-Type:"application/json;charset=UTF-8", Authorization:"Bearer eyJraWQiOiJKR2U3VHBLalVQZmNlWFJBdjZ3a2FERndXV3ZDR18tVjY3SFNyb2NhRU04IiwidHlwIjoiSldUIiwiYWxnIjoiSFMyNTYifQ.eyJzdWIiOiI3M2YzMDc2Mi01M2ExLTRjYzktYjRlMC0zODFkNTllOWI3MzciLCJndWVzdCI6dHJ1ZSwiZXhwIjoxNzg5MTIzMTQyLCJpYXQiOjE3ODkxMjIyNDIsImp0aSI6IjliOTY5ODJjLTkwOTUtNGVhOC1iZTU1LTFlNzYxNTFjMDkwOSJ9.GbualPRXbIyvuvKmvmNjln_a_-BBlHa4VJNVXSyRy88", Content-Length:"2"]
             Body = {}
    Session Attrs = {}

Handler:
             Type = org.springframework.web.servlet.resource.ResourceHttpRequestHandler

Async:
    Async started = false
     Async result = null

Resolved Exception:
             Type = org.springframework.web.servlet.resource.NoResourceFoundException

ModelAndView:
        View name = null
             View = null
            Model = null

FlashMap:
       Attributes = null

MockHttpServletResponse:
           Status = 404
    Error message = No static resource v1/matchmaking/casual.
          Headers = [X-Content-Type-Options:"nosniff", X-XSS-Protection:"0", Cache-Control:"no-cache, no-store, max-age=0, must-revalidate", Pragma:"no-cache", Expires:"0", X-Frame-Options:"DENY"]
     Content type = null
             Body = 
    Forwarded URL = null
   Redirected URL = null
          Cookies = []

MockHttpServletRequest:
      HTTP Method = POST
      Request URI = /v1/matchmaking/casual
       Parameters = {}
          Headers = [Content-Type:"application/json;charset=UTF-8", Authorization:"Bearer eyJraWQiOiJKR2U3VHBLalVQZmNlWFJBdjZ3a2FERndXV3ZDR18tVjY3SFNyb2NhRU04IiwidHlwIjoiSldUIiwiYWxnIjoiSFMyNTYifQ.eyJzdWIiOiI3M2YzMDc2Mi01M2ExLTRjYzktYjRlMC0zODFkNTllOWI3MzciLCJndWVzdCI6dHJ1ZSwiZXhwIjoxNzg5MTIzMTQyLCJpYXQiOjE3ODkxMjIyNDIsImp0aSI6IjliOTY5ODJjLTkwOTUtNGVhOC1iZTU1LTFlNzYxNTFjMDkwOSJ9.GbualPRXbIyvuvKmvmNjln_a_-BBlHa4VJNVXSyRy88", Content-Length:"2"]
             Body = {}
    Session Attrs = {}

Handler:
             Type = org.springframework.web.servlet.resource.ResourceHttpRequestHandler

Async:
    Async started = false
     Async result = null

Resolved Exception:
             Type = org.springframework.web.servlet.resource.NoResourceFoundException

ModelAndView:
        View name = null
             View = null
            Model = null

FlashMap:
       Attributes = null

MockHttpServletResponse:
           Status = 404
    Error message = No static resource v1/matchmaking/casual.
          Headers = [X-Content-Type-Options:"nosniff", X-XSS-Protection:"0", Cache-Control:"no-cache, no-store, max-age=0, must-revalidate", Pragma:"no-cache", Expires:"0", X-Frame-Options:"DENY"]
     Content type = null
             Body = 
    Forwarded URL = null
   Redirected URL = null
          Cookies = []

MockHttpServletRequest:
      HTTP Method = POST
      Request URI = /v1/matchmaking/casual
       Parameters = {}
          Headers = [Content-Type:"application/json;charset=UTF-8", Authorization:"Bearer eyJraWQiOiJKR2U3VHBLalVQZmNlWFJBdjZ3a2FERndXV3ZDR18tVjY3SFNyb2NhRU04IiwidHlwIjoiSldUIiwiYWxnIjoiSFMyNTYifQ.eyJzdWIiOiI3M2YzMDc2Mi01M2ExLTRjYzktYjRlMC0zODFkNTllOWI3MzciLCJndWVzdCI6dHJ1ZSwiZXhwIjoxNzg5MTIzMTQyLCJpYXQiOjE3ODkxMjIyNDIsImp0aSI6IjliOTY5ODJjLTkwOTUtNGVhOC1iZTU1LTFlNzYxNTFjMDkwOSJ9.GbualPRXbIyvuvKmvmNjln_a_-BBlHa4VJNVXSyRy88", Content-Length:"2"]
             Body = {}
    Session Attrs = {}

Handler:
             Type = org.springframework.web.servlet.resource.ResourceHttpRequestHandler

Async:
    Async started = false
     Async result = null

Resolved Exception:
             Type = org.springframework.web.servlet.resource.NoResourceFoundException

ModelAndView:
        View name = null
             View = null
            Model = null

FlashMap:
       Attributes = null

MockHttpServletResponse:
           Status = 404
    Error message = No static resource v1/matchmaking/casual.
          Headers = [X-Content-Type-Options:"nosniff", X-XSS-Protection:"0", Cache-Control:"no-cache, no-store, max-age=0, must-revalidate", Pragma:"no-cache", Expires:"0", X-Frame-Options:"DENY"]
     Content type = null
             Body = 
    Forwarded URL = null
   Redirected URL = null
          Cookies = []

MockHttpServletRequest:
      HTTP Method = POST
      Request URI = /v1/matchmaking/casual
       Parameters = {}
          Headers = [Content-Type:"application/json;charset=UTF-8", Authorization:"Bearer eyJraWQiOiJKR2U3VHBLalVQZmNlWFJBdjZ3a2FERndXV3ZDR18tVjY3SFNyb2NhRU04IiwidHlwIjoiSldUIiwiYWxnIjoiSFMyNTYifQ.eyJzdWIiOiI3M2YzMDc2Mi01M2ExLTRjYzktYjRlMC0zODFkNTllOWI3MzciLCJndWVzdCI6dHJ1ZSwiZXhwIjoxNzg5MTIzMTQyLCJpYXQiOjE3ODkxMjIyNDIsImp0aSI6IjliOTY5ODJjLTkwOTUtNGVhOC1iZTU1LTFlNzYxNTFjMDkwOSJ9.GbualPRXbIyvuvKmvmNjln_a_-BBlHa4VJNVXSyRy88", Content-Length:"2"]
             Body = {}
    Session Attrs = {}

Handler:
             Type = org.springframework.web.servlet.resource.ResourceHttpRequestHandler

Async:
    Async started = false
     Async result = null

Resolved Exception:
             Type = org.springframework.web.servlet.resource.NoResourceFoundException

ModelAndView:
        View name = null
             View = null
            Model = null

FlashMap:
       Attributes = null

MockHttpServletResponse:
           Status = 404
    Error message = No static resource v1/matchmaking/casual.
          Headers = [X-Content-Type-Options:"nosniff", X-XSS-Protection:"0", Cache-Control:"no-cache, no-store, max-age=0, must-revalidate", Pragma:"no-cache", Expires:"0", X-Frame-Options:"DENY"]
     Content type = null
             Body = 
    Forwarded URL = null
   Redirected URL = null
          Cookies = []

MockHttpServletRequest:
      HTTP Method = POST
      Request URI = /v1/matchmaking/casual
       Parameters = {}
          Headers = [Content-Type:"application/json;charset=UTF-8", Authorization:"Bearer eyJraWQiOiJKR2U3VHBLalVQZmNlWFJBdjZ3a2FERndXV3ZDR18tVjY3SFNyb2NhRU04IiwidHlwIjoiSldUIiwiYWxnIjoiSFMyNTYifQ.eyJzdWIiOiI3M2YzMDc2Mi01M2ExLTRjYzktYjRlMC0zODFkNTllOWI3MzciLCJndWVzdCI6dHJ1ZSwiZXhwIjoxNzg5MTIzMTQyLCJpYXQiOjE3ODkxMjIyNDIsImp0aSI6IjliOTY5ODJjLTkwOTUtNGVhOC1iZTU1LTFlNzYxNTFjMDkwOSJ9.GbualPRXbIyvuvKmvmNjln_a_-BBlHa4VJNVXSyRy88", Content-Length:"2"]
             Body = {}
    Session Attrs = {}

Handler:
             Type = org.springframework.web.servlet.resource.ResourceHttpRequestHandler

Async:
    Async started = false
     Async result = null

Resolved Exception:
             Type = org.springframework.web.servlet.resource.NoResourceFoundException

ModelAndView:
        View name = null
             View = null
            Model = null

FlashMap:
       Attributes = null

MockHttpServletResponse:
           Status = 404
    Error message = No static resource v1/matchmaking/casual.
          Headers = [X-Content-Type-Options:"nosniff", X-XSS-Protection:"0", Cache-Control:"no-cache, no-store, max-age=0, must-revalidate", Pragma:"no-cache", Expires:"0", X-Frame-Options:"DENY"]
     Content type = null
             Body = 
    Forwarded URL = null
   Redirected URL = null
          Cookies = []

MockHttpServletRequest:
      HTTP Method = POST
      Request URI = /v1/matchmaking/casual
       Parameters = {}
          Headers = [Content-Type:"application/json;charset=UTF-8", Authorization:"Bearer eyJraWQiOiJKR2U3VHBLalVQZmNlWFJBdjZ3a2FERndXV3ZDR18tVjY3SFNyb2NhRU04IiwidHlwIjoiSldUIiwiYWxnIjoiSFMyNTYifQ.eyJzdWIiOiI3M2YzMDc2Mi01M2ExLTRjYzktYjRlMC0zODFkNTllOWI3MzciLCJndWVzdCI6dHJ1ZSwiZXhwIjoxNzg5MTIzMTQyLCJpYXQiOjE3ODkxMjIyNDIsImp0aSI6IjliOTY5ODJjLTkwOTUtNGVhOC1iZTU1LTFlNzYxNTFjMDkwOSJ9.GbualPRXbIyvuvKmvmNjln_a_-BBlHa4VJNVXSyRy88", Content-Length:"2"]
             Body = {}
    Session Attrs = {}

Handler:
             Type = org.springframework.web.servlet.resource.ResourceHttpRequestHandler

Async:
    Async started = false
     Async result = null

Resolved Exception:
             Type = org.springframework.web.servlet.resource.NoResourceFoundException

ModelAndView:
        View name = null
             View = null
            Model = null

FlashMap:
       Attributes = null

MockHttpServletResponse:
           Status = 404
    Error message = No static resource v1/matchmaking/casual.
          Headers = [X-Content-Type-Options:"nosniff", X-XSS-Protection:"0", Cache-Control:"no-cache, no-store, max-age=0, must-revalidate", Pragma:"no-cache", Expires:"0", X-Frame-Options:"DENY"]
     Content type = null
             Body = 
    Forwarded URL = null
   Redirected URL = null
          Cookies = []

MockHttpServletRequest:
      HTTP Method = POST
      Request URI = /v1/matchmaking/casual
       Parameters = {}
          Headers = [Content-Type:"application/json;charset=UTF-8", Authorization:"Bearer eyJraWQiOiJKR2U3VHBLalVQZmNlWFJBdjZ3a2FERndXV3ZDR18tVjY3SFNyb2NhRU04IiwidHlwIjoiSldUIiwiYWxnIjoiSFMyNTYifQ.eyJzdWIiOiI3M2YzMDc2Mi01M2ExLTRjYzktYjRlMC0zODFkNTllOWI3MzciLCJndWVzdCI6dHJ1ZSwiZXhwIjoxNzg5MTIzMTQyLCJpYXQiOjE3ODkxMjIyNDIsImp0aSI6IjliOTY5ODJjLTkwOTUtNGVhOC1iZTU1LTFlNzYxNTFjMDkwOSJ9.GbualPRXbIyvuvKmvmNjln_a_-BBlHa4VJNVXSyRy88", Content-Length:"2"]
             Body = {}
    Session Attrs = {}

Handler:
             Type = org.springframework.web.servlet.resource.ResourceHttpRequestHandler

Async:
    Async started = false
     Async result = null

Resolved Exception:
             Type = org.springframework.web.servlet.resource.NoResourceFoundException

ModelAndView:
        View name = null
             View = null
            Model = null

FlashMap:
       Attributes = null

MockHttpServletResponse:
           Status = 404
    Error message = No static resource v1/matchmaking/casual.
          Headers = [X-Content-Type-Options:"nosniff", X-XSS-Protection:"0", Cache-Control:"no-cache, no-store, max-age=0, must-revalidate", Pragma:"no-cache", Expires:"0", X-Frame-Options:"DENY"]
     Content type = null
             Body = 
    Forwarded URL = null
   Redirected URL = null
          Cookies = []

MockHttpServletRequest:
      HTTP Method = POST
      Request URI = /v1/matchmaking/casual
       Parameters = {}
          Headers = [Content-Type:"application/json;charset=UTF-8", Authorization:"Bearer eyJraWQiOiJKR2U3VHBLalVQZmNlWFJBdjZ3a2FERndXV3ZDR18tVjY3SFNyb2NhRU04IiwidHlwIjoiSldUIiwiYWxnIjoiSFMyNTYifQ.eyJzdWIiOiI3M2YzMDc2Mi01M2ExLTRjYzktYjRlMC0zODFkNTllOWI3MzciLCJndWVzdCI6dHJ1ZSwiZXhwIjoxNzg5MTIzMTQyLCJpYXQiOjE3ODkxMjIyNDIsImp0aSI6IjliOTY5ODJjLTkwOTUtNGVhOC1iZTU1LTFlNzYxNTFjMDkwOSJ9.GbualPRXbIyvuvKmvmNjln_a_-BBlHa4VJNVXSyRy88", Content-Length:"2"]
             Body = {}
    Session Attrs = {}

Handler:
             Type = org.springframework.web.servlet.resource.ResourceHttpRequestHandler

Async:
    Async started = false
     Async result = null

Resolved Exception:
             Type = org.springframework.web.servlet.resource.NoResourceFoundException

ModelAndView:
        View name = null
             View = null
            Model = null

FlashMap:
       Attributes = null

MockHttpServletResponse:
           Status = 404
    Error message = No static resource v1/matchmaking/casual.
          Headers = [X-Content-Type-Options:"nosniff", X-XSS-Protection:"0", Cache-Control:"no-cache, no-store, max-age=0, must-revalidate", Pragma:"no-cache", Expires:"0", X-Frame-Options:"DENY"]
     Content type = null
             Body = 
    Forwarded URL = null
   Redirected URL = null
          Cookies = []

MockHttpServletRequest:
      HTTP Method = POST
      Request URI = /v1/identity/guest
       Parameters = {}
          Headers = [Content-Type:"application/json;charset=UTF-8", Content-Length:"2"]
             Body = {}
    Session Attrs = {}

Handler:
             Type = com.nomadgames.identity.GuestController
           Method = com.nomadgames.identity.GuestController#createGuest(HttpServletRequest)

Async:
    Async started = false
     Async result = null

Resolved Exception:
             Type = null

ModelAndView:
        View name = null
             View = null
            Model = null

FlashMap:
       Attributes = null

MockHttpServletResponse:
           Status = 201
    Error message = null
          Headers = [Content-Type:"application/json", X-Content-Type-Options:"nosniff", X-XSS-Protection:"0", Cache-Control:"no-cache, no-store, max-age=0, must-revalidate", Pragma:"no-cache", Expires:"0", X-Frame-Options:"DENY"]
     Content type = application/json
             Body = {"playerId":"d61ecaa2-0f69-47ce-b600-e1577aab194f","accessToken":"eyJraWQiOiJKR2U3VHBLalVQZmNlWFJBdjZ3a2FERndXV3ZDR18tVjY3SFNyb2NhRU04IiwidHlwIjoiSldUIiwiYWxnIjoiSFMyNTYifQ.eyJzdWIiOiJkNjFlY2FhMi0wZjY5LTQ3Y2UtYjYwMC1lMTU3N2FhYjE5NGYiLCJndWVzdCI6dHJ1ZSwiZXhwIjoxNzg5MTIzMTQyLCJpYXQiOjE3ODkxMjIyNDIsImp0aSI6IjJhZjMzOTE2LWMzYjQtNGE4MS1hZTJmLTU0NTk3YTcwNmJhMSJ9.Gt3Eg1VqvlC5N9tT-VxeHxpdobjn6hEFsepd-BOi1uc","refreshToken":"9P0QQrM7FdDSwl0k7ZNBVP1n1H0Falbl5r-peb3YO6A","guest":true}
    Forwarded URL = null
   Redirected URL = null
          Cookies = []

MockHttpServletRequest:
      HTTP Method = POST
      Request URI = /v1/matchmaking/casual
       Parameters = {}
          Headers = [Content-Type:"application/json;charset=UTF-8", Authorization:"Bearer eyJraWQiOiJKR2U3VHBLalVQZmNlWFJBdjZ3a2FERndXV3ZDR18tVjY3SFNyb2NhRU04IiwidHlwIjoiSldUIiwiYWxnIjoiSFMyNTYifQ.eyJzdWIiOiJkNjFlY2FhMi0wZjY5LTQ3Y2UtYjYwMC1lMTU3N2FhYjE5NGYiLCJndWVzdCI6dHJ1ZSwiZXhwIjoxNzg5MTIzMTQyLCJpYXQiOjE3ODkxMjIyNDIsImp0aSI6IjJhZjMzOTE2LWMzYjQtNGE4MS1hZTJmLTU0NTk3YTcwNmJhMSJ9.Gt3Eg1VqvlC5N9tT-VxeHxpdobjn6hEFsepd-BOi1uc", Content-Length:"2"]
             Body = {}
    Session Attrs = {}

Handler:
             Type = org.springframework.web.servlet.resource.ResourceHttpRequestHandler

Async:
    Async started = false
     Async result = null

Resolved Exception:
             Type = org.springframework.web.servlet.resource.NoResourceFoundException

ModelAndView:
        View name = null
             View = null
            Model = null

FlashMap:
       Attributes = null

MockHttpServletResponse:
           Status = 404
    Error message = No static resource v1/matchmaking/casual.
          Headers = [X-Content-Type-Options:"nosniff", X-XSS-Protection:"0", Cache-Control:"no-cache, no-store, max-age=0, must-revalidate", Pragma:"no-cache", Expires:"0", X-Frame-Options:"DENY"]
     Content type = null
             Body = 
    Forwarded URL = null
   Redirected URL = null
          Cookies = []

MockHttpServletRequest:
      HTTP Method = POST
      Request URI = /v1/identity/guest
       Parameters = {}
          Headers = [Content-Type:"application/json;charset=UTF-8", Content-Length:"2"]
             Body = {}
    Session Attrs = {}

Handler:
             Type = com.nomadgames.identity.GuestController
           Method = com.nomadgames.identity.GuestController#createGuest(HttpServletRequest)

Async:
    Async started = false
     Async result = null

Resolved Exception:
             Type = null

ModelAndView:
        View name = null
             View = null
            Model = null

FlashMap:
       Attributes = null

MockHttpServletResponse:
           Status = 201
    Error message = null
          Headers = [Content-Type:"application/json", X-Content-Type-Options:"nosniff", X-XSS-Protection:"0", Cache-Control:"no-cache, no-store, max-age=0, must-revalidate", Pragma:"no-cache", Expires:"0", X-Frame-Options:"DENY"]
     Content type = application/json
             Body = {"playerId":"cc8c78d6-7273-4b3d-81e0-4fe7ae277358","accessToken":"eyJraWQiOiJKR2U3VHBLalVQZmNlWFJBdjZ3a2FERndXV3ZDR18tVjY3SFNyb2NhRU04IiwidHlwIjoiSldUIiwiYWxnIjoiSFMyNTYifQ.eyJzdWIiOiJjYzhjNzhkNi03MjczLTRiM2QtODFlMC00ZmU3YWUyNzczNTgiLCJndWVzdCI6dHJ1ZSwiZXhwIjoxNzg5MTIzMTQyLCJpYXQiOjE3ODkxMjIyNDIsImp0aSI6ImRjODhlODE5LWU2OGUtNGYxYi1hNTlhLTlhMzBkNTI1YWI2ZCJ9.cyOlQ1s3Cql-fFMxflKvmJGpEhXsJTmnw4RB5SF0TPw","refreshToken":"Je4l6j_uRCNy6a6wJvEm8oFTmMqc2b2zWjpTQd_ilBk","guest":true}
    Forwarded URL = null
   Redirected URL = null
          Cookies = []

MockHttpServletRequest:
      HTTP Method = POST
      Request URI = /v1/identity/guest
       Parameters = {}
          Headers = [Content-Type:"application/json;charset=UTF-8", Content-Length:"2"]
             Body = {}
    Session Attrs = {}

Handler:
             Type = com.nomadgames.identity.GuestController
           Method = com.nomadgames.identity.GuestController#createGuest(HttpServletRequest)

Async:
    Async started = false
     Async result = null

Resolved Exception:
             Type = null

ModelAndView:
        View name = null
             View = null
            Model = null

FlashMap:
       Attributes = null

MockHttpServletResponse:
           Status = 201
    Error message = null
          Headers = [Content-Type:"application/json", X-Content-Type-Options:"nosniff", X-XSS-Protection:"0", Cache-Control:"no-cache, no-store, max-age=0, must-revalidate", Pragma:"no-cache", Expires:"0", X-Frame-Options:"DENY"]
     Content type = application/json
             Body = {"playerId":"19ef8c50-bb21-4340-a68b-3fcc156438e3","accessToken":"eyJraWQiOiJKR2U3VHBLalVQZmNlWFJBdjZ3a2FERndXV3ZDR18tVjY3SFNyb2NhRU04IiwidHlwIjoiSldUIiwiYWxnIjoiSFMyNTYifQ.eyJzdWIiOiIxOWVmOGM1MC1iYjIxLTQzNDAtYTY4Yi0zZmNjMTU2NDM4ZTMiLCJndWVzdCI6dHJ1ZSwiZXhwIjoxNzg5MTIzMTQyLCJpYXQiOjE3ODkxMjIyNDIsImp0aSI6ImFlOGJkMzAwLWYwYTQtNGUxYS05ZDkwLTBmMGVhZjBlMzAxOSJ9.2F6Tlu4P6vP0gXX4aeCy9U5z_qaS_z3J8vpPFKCvnvs","refreshToken":"BLf-YsOrDNlGazhA7rlFhHwGSIyIUziJDC8S0WXwuV0","guest":true}
    Forwarded URL = null
   Redirected URL = null
          Cookies = []

MockHttpServletRequest:
      HTTP Method = POST
      Request URI = /v1/matchmaking/casual
       Parameters = {}
          Headers = [Content-Type:"application/json;charset=UTF-8", Authorization:"Bearer eyJraWQiOiJKR2U3VHBLalVQZmNlWFJBdjZ3a2FERndXV3ZDR18tVjY3SFNyb2NhRU04IiwidHlwIjoiSldUIiwiYWxnIjoiSFMyNTYifQ.eyJzdWIiOiJjYzhjNzhkNi03MjczLTRiM2QtODFlMC00ZmU3YWUyNzczNTgiLCJndWVzdCI6dHJ1ZSwiZXhwIjoxNzg5MTIzMTQyLCJpYXQiOjE3ODkxMjIyNDIsImp0aSI6ImRjODhlODE5LWU2OGUtNGYxYi1hNTlhLTlhMzBkNTI1YWI2ZCJ9.cyOlQ1s3Cql-fFMxflKvmJGpEhXsJTmnw4RB5SF0TPw", Content-Length:"2"]
             Body = {}
    Session Attrs = {}

Handler:
             Type = org.springframework.web.servlet.resource.ResourceHttpRequestHandler

Async:
    Async started = false
     Async result = null

Resolved Exception:
             Type = org.springframework.web.servlet.resource.NoResourceFoundException

ModelAndView:
        View name = null
             View = null
            Model = null

FlashMap:
       Attributes = null

MockHttpServletResponse:
           Status = 404
    Error message = No static resource v1/matchmaking/casual.
          Headers = [X-Content-Type-Options:"nosniff", X-XSS-Protection:"0", Cache-Control:"no-cache, no-store, max-age=0, must-revalidate", Pragma:"no-cache", Expires:"0", X-Frame-Options:"DENY"]
     Content type = null
             Body = 
    Forwarded URL = null
   Redirected URL = null
          Cookies = []

MockHttpServletRequest:
      HTTP Method = POST
      Request URI = /v1/identity/guest
       Parameters = {}
          Headers = [Content-Type:"application/json;charset=UTF-8", Content-Length:"2"]
             Body = {}
    Session Attrs = {}

Handler:
             Type = com.nomadgames.identity.GuestController
           Method = com.nomadgames.identity.GuestController#createGuest(HttpServletRequest)

Async:
    Async started = false
     Async result = null

Resolved Exception:
             Type = null

ModelAndView:
        View name = null
             View = null
            Model = null

FlashMap:
       Attributes = null

MockHttpServletResponse:
           Status = 201
    Error message = null
          Headers = [Content-Type:"application/json", X-Content-Type-Options:"nosniff", X-XSS-Protection:"0", Cache-Control:"no-cache, no-store, max-age=0, must-revalidate", Pragma:"no-cache", Expires:"0", X-Frame-Options:"DENY"]
     Content type = application/json
             Body = {"playerId":"0e22a935-dd0c-4a86-8e41-03ca22f3fb91","accessToken":"eyJraWQiOiJKR2U3VHBLalVQZmNlWFJBdjZ3a2FERndXV3ZDR18tVjY3SFNyb2NhRU04IiwidHlwIjoiSldUIiwiYWxnIjoiSFMyNTYifQ.eyJzdWIiOiIwZTIyYTkzNS1kZDBjLTRhODYtOGU0MS0wM2NhMjJmM2ZiOTEiLCJndWVzdCI6dHJ1ZSwiZXhwIjoxNzg5MTIzMTQyLCJpYXQiOjE3ODkxMjIyNDIsImp0aSI6IjcwN2YyYjg3LWQ2MGItNDc0Yi1iYmRlLTI3NGU2Mjg3MWVlYiJ9.r68BnrOmngZceIHIa8mxVetVRCodbxLAXRef1C91C0I","refreshToken":"5OPM2ZV_Nm_yrlqdvZI1kNnO4UKmqJh9avlWfCISFcY","guest":true}
    Forwarded URL = null
   Redirected URL = null
          Cookies = []

MockHttpServletRequest:
      HTTP Method = POST
      Request URI = /v1/rooms
       Parameters = {}
          Headers = [Content-Type:"application/json;charset=UTF-8", Authorization:"Bearer eyJraWQiOiJKR2U3VHBLalVQZmNlWFJBdjZ3a2FERndXV3ZDR18tVjY3SFNyb2NhRU04IiwidHlwIjoiSldUIiwiYWxnIjoiSFMyNTYifQ.eyJzdWIiOiIwZTIyYTkzNS1kZDBjLTRhODYtOGU0MS0wM2NhMjJmM2ZiOTEiLCJndWVzdCI6dHJ1ZSwiZXhwIjoxNzg5MTIzMTQyLCJpYXQiOjE3ODkxMjIyNDIsImp0aSI6IjcwN2YyYjg3LWQ2MGItNDc0Yi1iYmRlLTI3NGU2Mjg3MWVlYiJ9.r68BnrOmngZceIHIa8mxVetVRCodbxLAXRef1C91C0I", Content-Length:"2"]
             Body = {}
    Session Attrs = {}

Handler:
             Type = com.nomadgames.matchmaking.RoomController
           Method = com.nomadgames.matchmaking.RoomController#create(Jwt)

Async:
    Async started = false
     Async result = null

Resolved Exception:
             Type = null

ModelAndView:
        View name = null
             View = null
            Model = null

FlashMap:
       Attributes = null

MockHttpServletResponse:
           Status = 201
    Error message = null
          Headers = [Content-Type:"application/json", X-Content-Type-Options:"nosniff", X-XSS-Protection:"0", Cache-Control:"no-cache, no-store, max-age=0, must-revalidate", Pragma:"no-cache", Expires:"0", X-Frame-Options:"DENY"]
     Content type = application/json
             Body = {"roomId":"3226b7da-0b6c-4ff3-867c-55854878d0d0","code":"X6EH5","hostLabel":"Guest-fb91","idleExpiresAt":"2026-09-11T10:34:02.809562200Z"}
    Forwarded URL = null
   Redirected URL = null
          Cookies = []

MockHttpServletRequest:
      HTTP Method = POST
      Request URI = /v1/identity/guest
       Parameters = {}
          Headers = [Content-Type:"application/json;charset=UTF-8", Content-Length:"2"]
             Body = {}
    Session Attrs = {}

Handler:
             Type = com.nomadgames.identity.GuestController
           Method = com.nomadgames.identity.GuestController#createGuest(HttpServletRequest)

Async:
    Async started = false
     Async result = null

Resolved Exception:
             Type = null

ModelAndView:
        View name = null
             View = null
            Model = null

FlashMap:
       Attributes = null

MockHttpServletResponse:
           Status = 201
    Error message = null
          Headers = [Content-Type:"application/json", X-Content-Type-Options:"nosniff", X-XSS-Protection:"0", Cache-Control:"no-cache, no-store, max-age=0, must-revalidate", Pragma:"no-cache", Expires:"0", X-Frame-Options:"DENY"]
     Content type = application/json
             Body = {"playerId":"34596904-029a-49bf-8a58-c073f387fcda","accessToken":"eyJraWQiOiJKR2U3VHBLalVQZmNlWFJBdjZ3a2FERndXV3ZDR18tVjY3SFNyb2NhRU04IiwidHlwIjoiSldUIiwiYWxnIjoiSFMyNTYifQ.eyJzdWIiOiIzNDU5NjkwNC0wMjlhLTQ5YmYtOGE1OC1jMDczZjM4N2ZjZGEiLCJndWVzdCI6dHJ1ZSwiZXhwIjoxNzg5MTIzMTQyLCJpYXQiOjE3ODkxMjIyNDIsImp0aSI6ImIxOGQ3MTRiLWVhODEtNDdmYi1iNmE1LWQzMTM1ZjRkZWFhNiJ9.3ngglYPha8a7oEX1nl3A72xE9FwDPsxeNJ_3cZIqTs8","refreshToken":"lxyspkwUK0PArpWU4iLvALBiqAM4WGQhiHfP4GumjgA","guest":true}
    Forwarded URL = null
   Redirected URL = null
          Cookies = []

MockHttpServletRequest:
      HTTP Method = POST
      Request URI = /v1/rooms/join
       Parameters = {}
          Headers = [Content-Type:"application/json;charset=UTF-8", Authorization:"Bearer eyJraWQiOiJKR2U3VHBLalVQZmNlWFJBdjZ3a2FERndXV3ZDR18tVjY3SFNyb2NhRU04IiwidHlwIjoiSldUIiwiYWxnIjoiSFMyNTYifQ.eyJzdWIiOiIzNDU5NjkwNC0wMjlhLTQ5YmYtOGE1OC1jMDczZjM4N2ZjZGEiLCJndWVzdCI6dHJ1ZSwiZXhwIjoxNzg5MTIzMTQyLCJpYXQiOjE3ODkxMjIyNDIsImp0aSI6ImIxOGQ3MTRiLWVhODEtNDdmYi1iNmE1LWQzMTM1ZjRkZWFhNiJ9.3ngglYPha8a7oEX1nl3A72xE9FwDPsxeNJ_3cZIqTs8", Content-Length:"16"]
             Body = {"code":"X6EH5"}
    Session Attrs = {}

Handler:
             Type = com.nomadgames.matchmaking.RoomController
           Method = com.nomadgames.matchmaking.RoomController#join(Jwt, JoinRoomRequest, HttpServletRequest)

Async:
    Async started = false
     Async result = null

Resolved Exception:
             Type = null

ModelAndView:
        View name = null
             View = null
            Model = null

FlashMap:
       Attributes = null

MockHttpServletResponse:
           Status = 200
    Error message = null
          Headers = [Content-Type:"application/json", X-Content-Type-Options:"nosniff", X-XSS-Protection:"0", Cache-Control:"no-cache, no-store, max-age=0, must-revalidate", Pragma:"no-cache", Expires:"0", X-Frame-Options:"DENY"]
     Content type = application/json
             Body = {"roomId":"3226b7da-0b6c-4ff3-867c-55854878d0d0","hostLabel":"Guest-fb91","joinerLabel":"Guest-fcda","hostReady":false,"joinerReady":false,"status":"LOBBY","idleExpiresAt":"2026-09-11T10:34:02.809562Z","matchId":null,"bothReady":false}
    Forwarded URL = null
   Redirected URL = null
          Cookies = []

MockHttpServletRequest:
      HTTP Method = POST
      Request URI = /v1/rooms/3226b7da-0b6c-4ff3-867c-55854878d0d0/ready
       Parameters = {}
          Headers = [Content-Type:"application/json;charset=UTF-8", Authorization:"Bearer eyJraWQiOiJKR2U3VHBLalVQZmNlWFJBdjZ3a2FERndXV3ZDR18tVjY3SFNyb2NhRU04IiwidHlwIjoiSldUIiwiYWxnIjoiSFMyNTYifQ.eyJzdWIiOiIwZTIyYTkzNS1kZDBjLTRhODYtOGU0MS0wM2NhMjJmM2ZiOTEiLCJndWVzdCI6dHJ1ZSwiZXhwIjoxNzg5MTIzMTQyLCJpYXQiOjE3ODkxMjIyNDIsImp0aSI6IjcwN2YyYjg3LWQ2MGItNDc0Yi1iYmRlLTI3NGU2Mjg3MWVlYiJ9.r68BnrOmngZceIHIa8mxVetVRCodbxLAXRef1C91C0I", Content-Length:"2"]
             Body = {}
    Session Attrs = {}

Handler:
             Type = com.nomadgames.matchmaking.RoomController
           Method = com.nomadgames.matchmaking.RoomController#ready(Jwt, UUID)

Async:
    Async started = false
     Async result = null

Resolved Exception:
             Type = null

ModelAndView:
        View name = null
             View = null
            Model = null

FlashMap:
       Attributes = null

MockHttpServletResponse:
           Status = 200
    Error message = null
          Headers = [Content-Type:"application/json", X-Content-Type-Options:"nosniff", X-XSS-Protection:"0", Cache-Control:"no-cache, no-store, max-age=0, must-revalidate", Pragma:"no-cache", Expires:"0", X-Frame-Options:"DENY"]
     Content type = application/json
             Body = {"roomId":"3226b7da-0b6c-4ff3-867c-55854878d0d0","code":"X6EH5","hostLabel":"Guest-fb91","joinerLabel":"Guest-fcda","hostReady":true,"joinerReady":false,"status":"LOBBY","idleExpiresAt":"2026-09-11T10:34:02.809562Z","matchId":null,"bothReady":false}
    Forwarded URL = null
   Redirected URL = null
          Cookies = []

MockHttpServletRequest:
      HTTP Method = POST
      Request URI = /v1/rooms/3226b7da-0b6c-4ff3-867c-55854878d0d0/ready
       Parameters = {}
          Headers = [Content-Type:"application/json;charset=UTF-8", Authorization:"Bearer eyJraWQiOiJKR2U3VHBLalVQZmNlWFJBdjZ3a2FERndXV3ZDR18tVjY3SFNyb2NhRU04IiwidHlwIjoiSldUIiwiYWxnIjoiSFMyNTYifQ.eyJzdWIiOiIzNDU5NjkwNC0wMjlhLTQ5YmYtOGE1OC1jMDczZjM4N2ZjZGEiLCJndWVzdCI6dHJ1ZSwiZXhwIjoxNzg5MTIzMTQyLCJpYXQiOjE3ODkxMjIyNDIsImp0aSI6ImIxOGQ3MTRiLWVhODEtNDdmYi1iNmE1LWQzMTM1ZjRkZWFhNiJ9.3ngglYPha8a7oEX1nl3A72xE9FwDPsxeNJ_3cZIqTs8", Content-Length:"2"]
             Body = {}
    Session Attrs = {}

Handler:
             Type = com.nomadgames.matchmaking.RoomController
           Method = com.nomadgames.matchmaking.RoomController#ready(Jwt, UUID)

Async:
    Async started = false
     Async result = null

Resolved Exception:
             Type = null

ModelAndView:
        View name = null
             View = null
            Model = null

FlashMap:
       Attributes = null

MockHttpServletResponse:
           Status = 200
    Error message = null
          Headers = [Content-Type:"application/json", X-Content-Type-Options:"nosniff", X-XSS-Protection:"0", Cache-Control:"no-cache, no-store, max-age=0, must-revalidate", Pragma:"no-cache", Expires:"0", X-Frame-Options:"DENY"]
     Content type = application/json
             Body = {"roomId":"3226b7da-0b6c-4ff3-867c-55854878d0d0","hostLabel":"Guest-fb91","joinerLabel":"Guest-fcda","hostReady":true,"joinerReady":true,"status":"STARTED","idleExpiresAt":"2026-09-11T10:34:02.809562Z","matchId":"6d2935e9-bfda-4a40-8eb5-4af39545da27","bothReady":true}
    Forwarded URL = null
   Redirected URL = null
          Cookies = []

MockHttpServletRequest:
      HTTP Method = POST
      Request URI = /v1/matchmaking/casual
       Parameters = {}
          Headers = [Content-Type:"application/json;charset=UTF-8", Authorization:"Bearer eyJraWQiOiJKR2U3VHBLalVQZmNlWFJBdjZ3a2FERndXV3ZDR18tVjY3SFNyb2NhRU04IiwidHlwIjoiSldUIiwiYWxnIjoiSFMyNTYifQ.eyJzdWIiOiIwZTIyYTkzNS1kZDBjLTRhODYtOGU0MS0wM2NhMjJmM2ZiOTEiLCJndWVzdCI6dHJ1ZSwiZXhwIjoxNzg5MTIzMTQyLCJpYXQiOjE3ODkxMjIyNDIsImp0aSI6IjcwN2YyYjg3LWQ2MGItNDc0Yi1iYmRlLTI3NGU2Mjg3MWVlYiJ9.r68BnrOmngZceIHIa8mxVetVRCodbxLAXRef1C91C0I", Content-Length:"2"]
             Body = {}
    Session Attrs = {}

Handler:
             Type = org.springframework.web.servlet.resource.ResourceHttpRequestHandler

Async:
    Async started = false
     Async result = null

Resolved Exception:
             Type = org.springframework.web.servlet.resource.NoResourceFoundException

ModelAndView:
        View name = null
             View = null
            Model = null

FlashMap:
       Attributes = null

MockHttpServletResponse:
           Status = 404
    Error message = No static resource v1/matchmaking/casual.
          Headers = [X-Content-Type-Options:"nosniff", X-XSS-Protection:"0", Cache-Control:"no-cache, no-store, max-age=0, must-revalidate", Pragma:"no-cache", Expires:"0", X-Frame-Options:"DENY"]
     Content type = null
             Body = 
    Forwarded URL = null
   Redirected URL = null
          Cookies = []

MockHttpServletRequest:
      HTTP Method = POST
      Request URI = /v1/identity/guest
       Parameters = {}
          Headers = [Content-Type:"application/json;charset=UTF-8", Content-Length:"2"]
             Body = {}
    Session Attrs = {}

Handler:
             Type = com.nomadgames.identity.GuestController
           Method = com.nomadgames.identity.GuestController#createGuest(HttpServletRequest)

Async:
    Async started = false
     Async result = null

Resolved Exception:
             Type = null

ModelAndView:
        View name = null
             View = null
            Model = null

FlashMap:
       Attributes = null

MockHttpServletResponse:
           Status = 201
    Error message = null
          Headers = [Content-Type:"application/json", X-Content-Type-Options:"nosniff", X-XSS-Protection:"0", Cache-Control:"no-cache, no-store, max-age=0, must-revalidate", Pragma:"no-cache", Expires:"0", X-Frame-Options:"DENY"]
     Content type = application/json
             Body = {"playerId":"d37ba0b3-efa3-4a18-b7e8-216a83e2beb4","accessToken":"eyJraWQiOiJKR2U3VHBLalVQZmNlWFJBdjZ3a2FERndXV3ZDR18tVjY3SFNyb2NhRU04IiwidHlwIjoiSldUIiwiYWxnIjoiSFMyNTYifQ.eyJzdWIiOiJkMzdiYTBiMy1lZmEzLTRhMTgtYjdlOC0yMTZhODNlMmJlYjQiLCJndWVzdCI6dHJ1ZSwiZXhwIjoxNzg5MTIzMTQzLCJpYXQiOjE3ODkxMjIyNDMsImp0aSI6IjFiN2Y3MGEwLTY5NzctNGE2NS05Y2ExLTE0YmJjM2Q2YjBhNSJ9.w-OdIRIQGh1Et3JxGOaxnax9nEIGOmQ4UducW6zqewc","refreshToken":"PxpmP_FaNXEfycfz45_KfFKjQmHksO8kFVdIJAOmxlA","guest":true}
    Forwarded URL = null
   Redirected URL = null
          Cookies = []

MockHttpServletRequest:
      HTTP Method = POST
      Request URI = /v1/matchmaking/casual
       Parameters = {}
          Headers = [Content-Type:"application/json;charset=UTF-8", Authorization:"Bearer eyJraWQiOiJKR2U3VHBLalVQZmNlWFJBdjZ3a2FERndXV3ZDR18tVjY3SFNyb2NhRU04IiwidHlwIjoiSldUIiwiYWxnIjoiSFMyNTYifQ.eyJzdWIiOiJkMzdiYTBiMy1lZmEzLTRhMTgtYjdlOC0yMTZhODNlMmJlYjQiLCJndWVzdCI6dHJ1ZSwiZXhwIjoxNzg5MTIzMTQzLCJpYXQiOjE3ODkxMjIyNDMsImp0aSI6IjFiN2Y3MGEwLTY5NzctNGE2NS05Y2ExLTE0YmJjM2Q2YjBhNSJ9.w-OdIRIQGh1Et3JxGOaxnax9nEIGOmQ4UducW6zqewc", Content-Length:"2"]
             Body = {}
    Session Attrs = {}

Handler:
             Type = org.springframework.web.servlet.resource.ResourceHttpRequestHandler

Async:
    Async started = false
     Async result = null

Resolved Exception:
             Type = org.springframework.web.servlet.resource.NoResourceFoundException

ModelAndView:
        View name = null
             View = null
            Model = null

FlashMap:
       Attributes = null

MockHttpServletResponse:
           Status = 404
    Error message = No static resource v1/matchmaking/casual.
          Headers = [X-Content-Type-Options:"nosniff", X-XSS-Protection:"0", Cache-Control:"no-cache, no-store, max-age=0, must-revalidate", Pragma:"no-cache", Expires:"0", X-Frame-Options:"DENY"]
     Content type = null
             Body = 
    Forwarded URL = null
   Redirected URL = null
          Cookies = []
2026-09-11T15:24:03.355+05:00  WARN 29372 --- [nomad-games] [   scheduling-1] com.zaxxer.hikari.pool.PoolBase          : HikariPool-1 - Failed to validate connection org.postgresql.jdbc.PgConnection@54c8b71a (Соединение закрыто.). Possibly consider using a shorter maxLifetime value.
2026-09-11T15:24:03.360+05:00  WARN 29372 --- [nomad-games] [   scheduling-1] com.zaxxer.hikari.pool.ProxyConnection   : HikariPool-1 - Connection org.postgresql.jdbc.PgConnection@3e866323 marked as broken because of SQLSTATE(08006), ErrorCode(0)

org.postgresql.util.PSQLException: Ошибка ввода/вывода при отправке бэкенду.
	at org.postgresql.core.v3.QueryExecutorImpl.execute(QueryExecutorImpl.java:474) ~[postgresql-42.7.13.jar:42.7.13]
	at org.postgresql.jdbc.PgStatement.executeInternal(PgStatement.java:533) ~[postgresql-42.7.13.jar:42.7.13]
	at org.postgresql.jdbc.PgStatement.execute(PgStatement.java:449) ~[postgresql-42.7.13.jar:42.7.13]
	at org.postgresql.jdbc.PgPreparedStatement.executeWithFlags(PgPreparedStatement.java:197) ~[postgresql-42.7.13.jar:42.7.13]
	at org.postgresql.jdbc.PgPreparedStatement.executeQuery(PgPreparedStatement.java:140) ~[postgresql-42.7.13.jar:42.7.13]
	at com.zaxxer.hikari.pool.ProxyPreparedStatement.executeQuery(ProxyPreparedStatement.java:52) ~[HikariCP-7.0.2.jar:na]
	at com.zaxxer.hikari.pool.HikariProxyPreparedStatement.executeQuery(HikariProxyPreparedStatement.java) ~[HikariCP-7.0.2.jar:na]
	at org.hibernate.sql.results.jdbc.internal.DeferredResultSetAccess.executeQuery(DeferredResultSetAccess.java:269) ~[hibernate-core-7.4.5.Final.jar:7.4.5.Final]
	at org.hibernate.sql.results.jdbc.internal.DeferredResultSetAccess.getResultSet(DeferredResultSetAccess.java:188) ~[hibernate-core-7.4.5.Final.jar:7.4.5.Final]
	at org.hibernate.sql.results.jdbc.internal.JdbcValuesResultSetImpl.<init>(JdbcValuesResultSetImpl.java:71) ~[hibernate-core-7.4.5.Final.jar:7.4.5.Final]
	at org.hibernate.sql.exec.internal.JdbcSelectExecutorStandardImpl.resolveJdbcValues(JdbcSelectExecutorStandardImpl.java:422) ~[hibernate-core-7.4.5.Final.jar:7.4.5.Final]
	at org.hibernate.sql.exec.internal.JdbcSelectExecutorStandardImpl.resolveJdbcValuesSource(JdbcSelectExecutorStandardImpl.java:349) ~[hibernate-core-7.4.5.Final.jar:7.4.5.Final]
	at org.hibernate.sql.exec.internal.JdbcSelectExecutorStandardImpl.doExecuteQuery(JdbcSelectExecutorStandardImpl.java:143) ~[hibernate-core-7.4.5.Final.jar:7.4.5.Final]
	at org.hibernate.sql.exec.internal.JdbcSelectExecutorStandardImpl.executeQuery(JdbcSelectExecutorStandardImpl.java:100) ~[hibernate-core-7.4.5.Final.jar:7.4.5.Final]
	at org.hibernate.sql.exec.spi.JdbcSelectExecutor.executeQuery(JdbcSelectExecutor.java:63) ~[hibernate-core-7.4.5.Final.jar:7.4.5.Final]
	at org.hibernate.sql.exec.spi.JdbcSelectExecutor.list(JdbcSelectExecutor.java:137) ~[hibernate-core-7.4.5.Final.jar:7.4.5.Final]
	at org.hibernate.query.sqm.internal.ConcreteSqmSelectQueryPlan.lambda$new$1(ConcreteSqmSelectQueryPlan.java:136) ~[hibernate-core-7.4.5.Final.jar:7.4.5.Final]
	at org.hibernate.query.sqm.internal.ConcreteSqmSelectQueryPlan.withCacheableSqmInterpretation(ConcreteSqmSelectQueryPlan.java:484) ~[hibernate-core-7.4.5.Final.jar:7.4.5.Final]
	at org.hibernate.query.sqm.internal.ConcreteSqmSelectQueryPlan.performList(ConcreteSqmSelectQueryPlan.java:411) ~[hibernate-core-7.4.5.Final.jar:7.4.5.Final]
	at org.hibernate.query.sqm.internal.SqmQueryImpl.doList(SqmQueryImpl.java:379) ~[hibernate-core-7.4.5.Final.jar:7.4.5.Final]
	at org.hibernate.query.spi.AbstractSelectionQuery.list(AbstractSelectionQuery.java:153) ~[hibernate-core-7.4.5.Final.jar:7.4.5.Final]
	at org.hibernate.query.Query.getResultList(Query.java:121) ~[hibernate-core-7.4.5.Final.jar:7.4.5.Final]
	at org.springframework.data.jpa.repository.query.JpaQueryExecution$CollectionExecution.doExecute(JpaQueryExecution.java:141) ~[spring-data-jpa-4.1.1.jar:4.1.1]
	at org.springframework.data.jpa.repository.query.JpaQueryExecution.execute(JpaQueryExecution.java:100) ~[spring-data-jpa-4.1.1.jar:4.1.1]
	at org.springframework.data.jpa.repository.query.AbstractJpaQuery.doExecute(AbstractJpaQuery.java:166) ~[spring-data-jpa-4.1.1.jar:4.1.1]
	at org.springframework.data.jpa.repository.query.AbstractJpaQuery.execute(AbstractJpaQuery.java:156) ~[spring-data-jpa-4.1.1.jar:4.1.1]
	at org.springframework.data.repository.core.support.RepositoryMethodInvoker.doInvoke(RepositoryMethodInvoker.java:169) ~[spring-data-commons-4.1.1.jar:4.1.1]
	at org.springframework.data.repository.core.support.RepositoryMethodInvoker.invoke(RepositoryMethodInvoker.java:158) ~[spring-data-commons-4.1.1.jar:4.1.1]
	at org.springframework.data.repository.core.support.QueryExecutorMethodInterceptor.doInvoke(QueryExecutorMethodInterceptor.java:167) ~[spring-data-commons-4.1.1.jar:4.1.1]
	at org.springframework.data.repository.core.support.QueryExecutorMethodInterceptor.invoke(QueryExecutorMethodInterceptor.java:146) ~[spring-data-commons-4.1.1.jar:4.1.1]
	at org.springframework.aop.framework.ReflectiveMethodInvocation.proceed(ReflectiveMethodInvocation.java:179) ~[spring-aop-7.0.9.jar:7.0.9]
	at org.springframework.data.projection.DefaultMethodInvokingMethodInterceptor.invoke(DefaultMethodInvokingMethodInterceptor.java:69) ~[spring-data-commons-4.1.1.jar:4.1.1]
	at org.springframework.aop.framework.ReflectiveMethodInvocation.proceed(ReflectiveMethodInvocation.java:179) ~[spring-aop-7.0.9.jar:7.0.9]
	at org.springframework.transaction.interceptor.TransactionInterceptor$1.proceedWithInvocation(TransactionInterceptor.java:133) ~[spring-tx-7.0.9.jar:7.0.9]
	at org.springframework.transaction.interceptor.TransactionAspectSupport.invokeWithinTransaction(TransactionAspectSupport.java:371) ~[spring-tx-7.0.9.jar:7.0.9]
	at org.springframework.transaction.interceptor.TransactionInterceptor.invoke(TransactionInterceptor.java:130) ~[spring-tx-7.0.9.jar:7.0.9]
	at org.springframework.aop.framework.ReflectiveMethodInvocation.proceed(ReflectiveMethodInvocation.java:179) ~[spring-aop-7.0.9.jar:7.0.9]
	at org.springframework.dao.support.PersistenceExceptionTranslationInterceptor.invoke(PersistenceExceptionTranslationInterceptor.java:135) ~[spring-tx-7.0.9.jar:7.0.9]
	at org.springframework.aop.framework.ReflectiveMethodInvocation.proceed(ReflectiveMethodInvocation.java:179) ~[spring-aop-7.0.9.jar:7.0.9]
	at org.springframework.data.jpa.repository.support.CrudMethodMetadataPostProcessor$CrudMethodMetadataPopulatingMethodInterceptor.invoke(CrudMethodMetadataPostProcessor.java:137) ~[spring-data-jpa-4.1.1.jar:4.1.1]
	at org.springframework.aop.framework.ReflectiveMethodInvocation.proceed(ReflectiveMethodInvocation.java:179) ~[spring-aop-7.0.9.jar:7.0.9]
	at org.springframework.aop.framework.JdkDynamicAopProxy.invoke(JdkDynamicAopProxy.java:222) ~[spring-aop-7.0.9.jar:7.0.9]
	at jdk.proxy2/jdk.proxy2.$Proxy199.findByStatusAndIdleExpiresAtBefore(Unknown Source) ~[na:na]
	at com.nomadgames.matchmaking.RoomService.lambda$closeExpiredLobbies$7(RoomService.java:151) ~[classes/:na]
	at org.springframework.transaction.support.TransactionTemplate.execute(TransactionTemplate.java:137) ~[spring-tx-7.0.9.jar:7.0.9]
	at com.nomadgames.matchmaking.RoomService.closeExpiredLobbies(RoomService.java:150) ~[classes/:na]
	at java.base/jdk.internal.reflect.DirectMethodHandleAccessor.invoke(DirectMethodHandleAccessor.java:103) ~[na:na]
	at java.base/java.lang.reflect.Method.invoke(Method.java:580) ~[na:na]
	at org.springframework.scheduling.support.ScheduledMethodRunnable.runInternal(ScheduledMethodRunnable.java:128) ~[spring-context-7.0.9.jar:7.0.9]
	at org.springframework.scheduling.support.ScheduledMethodRunnable.lambda$run$1(ScheduledMethodRunnable.java:122) ~[spring-context-7.0.9.jar:7.0.9]
	at io.micrometer.observation.Observation.observe(Observation.java:569) ~[micrometer-observation-1.17.1.jar:1.17.1]
	at org.springframework.scheduling.support.ScheduledMethodRunnable.run(ScheduledMethodRunnable.java:122) ~[spring-context-7.0.9.jar:7.0.9]
	at org.springframework.scheduling.config.Task$OutcomeTrackingRunnable.run(Task.java:88) ~[spring-context-7.0.9.jar:7.0.9]
	at org.springframework.scheduling.support.DelegatingErrorHandlingRunnable.run(DelegatingErrorHandlingRunnable.java:54) ~[spring-context-7.0.9.jar:7.0.9]
	at java.base/java.util.concurrent.Executors$RunnableAdapter.call(Executors.java:572) ~[na:na]
	at java.base/java.util.concurrent.FutureTask.runAndReset(FutureTask.java:358) ~[na:na]
	at java.base/java.util.concurrent.ScheduledThreadPoolExecutor$ScheduledFutureTask.run(ScheduledThreadPoolExecutor.java:305) ~[na:na]
	at java.base/java.util.concurrent.ThreadPoolExecutor.runWorker(ThreadPoolExecutor.java:1144) ~[na:na]
	at java.base/java.util.concurrent.ThreadPoolExecutor$Worker.run(ThreadPoolExecutor.java:642) ~[na:na]
	at java.base/java.lang.Thread.run(Thread.java:1583) ~[na:na]
Caused by: java.io.EOFException
	at org.postgresql.core.PGStream.receiveChar(PGStream.java:482) ~[postgresql-42.7.13.jar:42.7.13]
	at org.postgresql.core.v3.QueryExecutorImpl.processResults(QueryExecutorImpl.java:2383) ~[postgresql-42.7.13.jar:42.7.13]
	at org.postgresql.core.v3.QueryExecutorImpl.execute(QueryExecutorImpl.java:446) ~[postgresql-42.7.13.jar:42.7.13]
	... 59 common frames omitted

2026-09-11T15:24:03.366+05:00  WARN 29372 --- [nomad-games] [   scheduling-1] org.hibernate.orm.jdbc.error             : HHH000247: ErrorCode: 0, SQLState: 08006
2026-09-11T15:24:03.366+05:00  WARN 29372 --- [nomad-games] [   scheduling-1] org.hibernate.orm.jdbc.error             : Ошибка ввода/вывода при отправке бэкенду.
2026-09-11T15:24:03.374+05:00 ERROR 29372 --- [nomad-games] [   scheduling-1] o.s.t.support.TransactionTemplate        : Application exception overridden by rollback exception

org.springframework.dao.DataAccessResourceFailureException: JDBC exception executing SQL [Ошибка ввода/вывода при отправке бэкенду.] [select re1_0.id,re1_0.code,re1_0.created_at,re1_0.host_id,re1_0.host_ready,re1_0.idle_expires_at,re1_0.joiner_id,re1_0.joiner_ready,re1_0.match_id,re1_0.status,re1_0.version from rooms re1_0 where re1_0.status=? and re1_0.idle_expires_at<?]
	at org.springframework.orm.jpa.hibernate.HibernateExceptionTranslator.convertHibernateAccessException(HibernateExceptionTranslator.java:153) ~[spring-orm-7.0.9.jar:7.0.9]
	at org.springframework.orm.jpa.hibernate.HibernateExceptionTranslator.convertHibernateAccessException(HibernateExceptionTranslator.java:131) ~[spring-orm-7.0.9.jar:7.0.9]
	at org.springframework.orm.jpa.hibernate.HibernateExceptionTranslator.translateExceptionIfPossible(HibernateExceptionTranslator.java:105) ~[spring-orm-7.0.9.jar:7.0.9]
	at org.springframework.orm.jpa.vendor.HibernateJpaDialect.translateExceptionIfPossible(HibernateJpaDialect.java:223) ~[spring-orm-7.0.9.jar:7.0.9]
	at org.springframework.orm.jpa.AbstractEntityManagerFactoryBean.translateExceptionIfPossible(AbstractEntityManagerFactoryBean.java:577) ~[spring-orm-7.0.9.jar:7.0.9]
	at org.springframework.dao.support.ChainedPersistenceExceptionTranslator.translateExceptionIfPossible(ChainedPersistenceExceptionTranslator.java:61) ~[spring-tx-7.0.9.jar:7.0.9]
	at org.springframework.dao.support.DataAccessUtils.translateIfNecessary(DataAccessUtils.java:346) ~[spring-tx-7.0.9.jar:7.0.9]
	at org.springframework.dao.support.PersistenceExceptionTranslationInterceptor.invoke(PersistenceExceptionTranslationInterceptor.java:157) ~[spring-tx-7.0.9.jar:7.0.9]
	at org.springframework.aop.framework.ReflectiveMethodInvocation.proceed(ReflectiveMethodInvocation.java:179) ~[spring-aop-7.0.9.jar:7.0.9]
	at org.springframework.data.jpa.repository.support.CrudMethodMetadataPostProcessor$CrudMethodMetadataPopulatingMethodInterceptor.invoke(CrudMethodMetadataPostProcessor.java:137) ~[spring-data-jpa-4.1.1.jar:4.1.1]
	at org.springframework.aop.framework.ReflectiveMethodInvocation.proceed(ReflectiveMethodInvocation.java:179) ~[spring-aop-7.0.9.jar:7.0.9]
	at org.springframework.aop.framework.JdkDynamicAopProxy.invoke(JdkDynamicAopProxy.java:222) ~[spring-aop-7.0.9.jar:7.0.9]
	at jdk.proxy2/jdk.proxy2.$Proxy199.findByStatusAndIdleExpiresAtBefore(Unknown Source) ~[na:na]
	at com.nomadgames.matchmaking.RoomService.lambda$closeExpiredLobbies$7(RoomService.java:151) ~[classes/:na]
	at org.springframework.transaction.support.TransactionTemplate.execute(TransactionTemplate.java:137) ~[spring-tx-7.0.9.jar:7.0.9]
	at com.nomadgames.matchmaking.RoomService.closeExpiredLobbies(RoomService.java:150) ~[classes/:na]
	at java.base/jdk.internal.reflect.DirectMethodHandleAccessor.invoke(DirectMethodHandleAccessor.java:103) ~[na:na]
	at java.base/java.lang.reflect.Method.invoke(Method.java:580) ~[na:na]
	at org.springframework.scheduling.support.ScheduledMethodRunnable.runInternal(ScheduledMethodRunnable.java:128) ~[spring-context-7.0.9.jar:7.0.9]
	at org.springframework.scheduling.support.ScheduledMethodRunnable.lambda$run$1(ScheduledMethodRunnable.java:122) ~[spring-context-7.0.9.jar:7.0.9]
	at io.micrometer.observation.Observation.observe(Observation.java:569) ~[micrometer-observation-1.17.1.jar:1.17.1]
	at org.springframework.scheduling.support.ScheduledMethodRunnable.run(ScheduledMethodRunnable.java:122) ~[spring-context-7.0.9.jar:7.0.9]
	at org.springframework.scheduling.config.Task$OutcomeTrackingRunnable.run(Task.java:88) ~[spring-context-7.0.9.jar:7.0.9]
	at org.springframework.scheduling.support.DelegatingErrorHandlingRunnable.run(DelegatingErrorHandlingRunnable.java:54) ~[spring-context-7.0.9.jar:7.0.9]
	at java.base/java.util.concurrent.Executors$RunnableAdapter.call(Executors.java:572) ~[na:na]
	at java.base/java.util.concurrent.FutureTask.runAndReset(FutureTask.java:358) ~[na:na]
	at java.base/java.util.concurrent.ScheduledThreadPoolExecutor$ScheduledFutureTask.run(ScheduledThreadPoolExecutor.java:305) ~[na:na]
	at java.base/java.util.concurrent.ThreadPoolExecutor.runWorker(ThreadPoolExecutor.java:1144) ~[na:na]
	at java.base/java.util.concurrent.ThreadPoolExecutor$Worker.run(ThreadPoolExecutor.java:642) ~[na:na]
	at java.base/java.lang.Thread.run(Thread.java:1583) ~[na:na]
Caused by: org.hibernate.exception.JDBCConnectionException: JDBC exception executing SQL [Ошибка ввода/вывода при отправке бэкенду.] [select re1_0.id,re1_0.code,re1_0.created_at,re1_0.host_id,re1_0.host_ready,re1_0.idle_expires_at,re1_0.joiner_id,re1_0.joiner_ready,re1_0.match_id,re1_0.status,re1_0.version from rooms re1_0 where re1_0.status=? and re1_0.idle_expires_at<?]
	at org.hibernate.exception.internal.SQLStateConversionDelegate.convert(SQLStateConversionDelegate.java:80) ~[hibernate-core-7.4.5.Final.jar:7.4.5.Final]
	at org.hibernate.exception.internal.StandardSQLExceptionConverter.convert(StandardSQLExceptionConverter.java:34) ~[hibernate-core-7.4.5.Final.jar:7.4.5.Final]
	at org.hibernate.engine.jdbc.spi.SqlExceptionHelper.convert(SqlExceptionHelper.java:115) ~[hibernate-core-7.4.5.Final.jar:7.4.5.Final]
	at org.hibernate.sql.results.jdbc.internal.DeferredResultSetAccess.executeQuery(DeferredResultSetAccess.java:292) ~[hibernate-core-7.4.5.Final.jar:7.4.5.Final]
	at org.hibernate.sql.results.jdbc.internal.DeferredResultSetAccess.getResultSet(DeferredResultSetAccess.java:188) ~[hibernate-core-7.4.5.Final.jar:7.4.5.Final]
	at org.hibernate.sql.results.jdbc.internal.JdbcValuesResultSetImpl.<init>(JdbcValuesResultSetImpl.java:71) ~[hibernate-core-7.4.5.Final.jar:7.4.5.Final]
	at org.hibernate.sql.exec.internal.JdbcSelectExecutorStandardImpl.resolveJdbcValues(JdbcSelectExecutorStandardImpl.java:422) ~[hibernate-core-7.4.5.Final.jar:7.4.5.Final]
	at org.hibernate.sql.exec.internal.JdbcSelectExecutorStandardImpl.resolveJdbcValuesSource(JdbcSelectExecutorStandardImpl.java:349) ~[hibernate-core-7.4.5.Final.jar:7.4.5.Final]
	at org.hibernate.sql.exec.internal.JdbcSelectExecutorStandardImpl.doExecuteQuery(JdbcSelectExecutorStandardImpl.java:143) ~[hibernate-core-7.4.5.Final.jar:7.4.5.Final]
	at org.hibernate.sql.exec.internal.JdbcSelectExecutorStandardImpl.executeQuery(JdbcSelectExecutorStandardImpl.java:100) ~[hibernate-core-7.4.5.Final.jar:7.4.5.Final]
	at org.hibernate.sql.exec.spi.JdbcSelectExecutor.executeQuery(JdbcSelectExecutor.java:63) ~[hibernate-core-7.4.5.Final.jar:7.4.5.Final]
	at org.hibernate.sql.exec.spi.JdbcSelectExecutor.list(JdbcSelectExecutor.java:137) ~[hibernate-core-7.4.5.Final.jar:7.4.5.Final]
	at org.hibernate.query.sqm.internal.ConcreteSqmSelectQueryPlan.lambda$new$1(ConcreteSqmSelectQueryPlan.java:136) ~[hibernate-core-7.4.5.Final.jar:7.4.5.Final]
	at org.hibernate.query.sqm.internal.ConcreteSqmSelectQueryPlan.withCacheableSqmInterpretation(ConcreteSqmSelectQueryPlan.java:484) ~[hibernate-core-7.4.5.Final.jar:7.4.5.Final]
	at org.hibernate.query.sqm.internal.ConcreteSqmSelectQueryPlan.performList(ConcreteSqmSelectQueryPlan.java:411) ~[hibernate-core-7.4.5.Final.jar:7.4.5.Final]
	at org.hibernate.query.sqm.internal.SqmQueryImpl.doList(SqmQueryImpl.java:379) ~[hibernate-core-7.4.5.Final.jar:7.4.5.Final]
	at org.hibernate.query.spi.AbstractSelectionQuery.list(AbstractSelectionQuery.java:153) ~[hibernate-core-7.4.5.Final.jar:7.4.5.Final]
	at org.hibernate.query.Query.getResultList(Query.java:121) ~[hibernate-core-7.4.5.Final.jar:7.4.5.Final]
	at org.springframework.data.jpa.repository.query.JpaQueryExecution$CollectionExecution.doExecute(JpaQueryExecution.java:141) ~[spring-data-jpa-4.1.1.jar:4.1.1]
	at org.springframework.data.jpa.repository.query.JpaQueryExecution.execute(JpaQueryExecution.java:100) ~[spring-data-jpa-4.1.1.jar:4.1.1]
	at org.springframework.data.jpa.repository.query.AbstractJpaQuery.doExecute(AbstractJpaQuery.java:166) ~[spring-data-jpa-4.1.1.jar:4.1.1]
	at org.springframework.data.jpa.repository.query.AbstractJpaQuery.execute(AbstractJpaQuery.java:156) ~[spring-data-jpa-4.1.1.jar:4.1.1]
	at org.springframework.data.repository.core.support.RepositoryMethodInvoker.doInvoke(RepositoryMethodInvoker.java:169) ~[spring-data-commons-4.1.1.jar:4.1.1]
	at org.springframework.data.repository.core.support.RepositoryMethodInvoker.invoke(RepositoryMethodInvoker.java:158) ~[spring-data-commons-4.1.1.jar:4.1.1]
	at org.springframework.data.repository.core.support.QueryExecutorMethodInterceptor.doInvoke(QueryExecutorMethodInterceptor.java:167) ~[spring-data-commons-4.1.1.jar:4.1.1]
	at org.springframework.data.repository.core.support.QueryExecutorMethodInterceptor.invoke(QueryExecutorMethodInterceptor.java:146) ~[spring-data-commons-4.1.1.jar:4.1.1]
	at org.springframework.aop.framework.ReflectiveMethodInvocation.proceed(ReflectiveMethodInvocation.java:179) ~[spring-aop-7.0.9.jar:7.0.9]
	at org.springframework.data.projection.DefaultMethodInvokingMethodInterceptor.invoke(DefaultMethodInvokingMethodInterceptor.java:69) ~[spring-data-commons-4.1.1.jar:4.1.1]
	at org.springframework.aop.framework.ReflectiveMethodInvocation.proceed(ReflectiveMethodInvocation.java:179) ~[spring-aop-7.0.9.jar:7.0.9]
	at org.springframework.transaction.interceptor.TransactionInterceptor$1.proceedWithInvocation(TransactionInterceptor.java:133) ~[spring-tx-7.0.9.jar:7.0.9]
	at org.springframework.transaction.interceptor.TransactionAspectSupport.invokeWithinTransaction(TransactionAspectSupport.java:371) ~[spring-tx-7.0.9.jar:7.0.9]
	at org.springframework.transaction.interceptor.TransactionInterceptor.invoke(TransactionInterceptor.java:130) ~[spring-tx-7.0.9.jar:7.0.9]
	at org.springframework.aop.framework.ReflectiveMethodInvocation.proceed(ReflectiveMethodInvocation.java:179) ~[spring-aop-7.0.9.jar:7.0.9]
	at org.springframework.dao.support.PersistenceExceptionTranslationInterceptor.invoke(PersistenceExceptionTranslationInterceptor.java:135) ~[spring-tx-7.0.9.jar:7.0.9]
	... 22 common frames omitted
Caused by: org.postgresql.util.PSQLException: Ошибка ввода/вывода при отправке бэкенду.
	at org.postgresql.core.v3.QueryExecutorImpl.execute(QueryExecutorImpl.java:474) ~[postgresql-42.7.13.jar:42.7.13]
	at org.postgresql.jdbc.PgStatement.executeInternal(PgStatement.java:533) ~[postgresql-42.7.13.jar:42.7.13]
	at org.postgresql.jdbc.PgStatement.execute(PgStatement.java:449) ~[postgresql-42.7.13.jar:42.7.13]
	at org.postgresql.jdbc.PgPreparedStatement.executeWithFlags(PgPreparedStatement.java:197) ~[postgresql-42.7.13.jar:42.7.13]
	at org.postgresql.jdbc.PgPreparedStatement.executeQuery(PgPreparedStatement.java:140) ~[postgresql-42.7.13.jar:42.7.13]
	at com.zaxxer.hikari.pool.ProxyPreparedStatement.executeQuery(ProxyPreparedStatement.java:52) ~[HikariCP-7.0.2.jar:na]
	at com.zaxxer.hikari.pool.HikariProxyPreparedStatement.executeQuery(HikariProxyPreparedStatement.java) ~[HikariCP-7.0.2.jar:na]
	at org.hibernate.sql.results.jdbc.internal.DeferredResultSetAccess.executeQuery(DeferredResultSetAccess.java:269) ~[hibernate-core-7.4.5.Final.jar:7.4.5.Final]
	... 52 common frames omitted
Caused by: java.io.EOFException
	at org.postgresql.core.PGStream.receiveChar(PGStream.java:482) ~[postgresql-42.7.13.jar:42.7.13]
	at org.postgresql.core.v3.QueryExecutorImpl.processResults(QueryExecutorImpl.java:2383) ~[postgresql-42.7.13.jar:42.7.13]
	at org.postgresql.core.v3.QueryExecutorImpl.execute(QueryExecutorImpl.java:446) ~[postgresql-42.7.13.jar:42.7.13]
	... 59 common frames omitted

2026-09-11T15:24:03.377+05:00 ERROR 29372 --- [nomad-games] [   scheduling-1] o.s.s.s.TaskUtils$LoggingErrorHandler    : Unexpected error occurred in scheduled task

org.springframework.orm.jpa.JpaSystemException: Unable to rollback against JDBC Connection
	at org.springframework.orm.jpa.hibernate.HibernateExceptionTranslator.convertHibernateAccessException(HibernateExceptionTranslator.java:223) ~[spring-orm-7.0.9.jar:7.0.9]
	at org.springframework.orm.jpa.hibernate.HibernateExceptionTranslator.convertHibernateAccessException(HibernateExceptionTranslator.java:131) ~[spring-orm-7.0.9.jar:7.0.9]
	at org.springframework.orm.jpa.hibernate.HibernateExceptionTranslator.translateExceptionIfPossible(HibernateExceptionTranslator.java:105) ~[spring-orm-7.0.9.jar:7.0.9]
	at org.springframework.orm.jpa.vendor.HibernateJpaDialect.translateExceptionIfPossible(HibernateJpaDialect.java:223) ~[spring-orm-7.0.9.jar:7.0.9]
	at org.springframework.orm.jpa.JpaTransactionManager.doRollback(JpaTransactionManager.java:583) ~[spring-orm-7.0.9.jar:7.0.9]
	at org.springframework.transaction.support.AbstractPlatformTransactionManager.processRollback(AbstractPlatformTransactionManager.java:896) ~[spring-tx-7.0.9.jar:7.0.9]
	at org.springframework.transaction.support.AbstractPlatformTransactionManager.rollback(AbstractPlatformTransactionManager.java:865) ~[spring-tx-7.0.9.jar:7.0.9]
	at org.springframework.transaction.support.TransactionTemplate.rollbackOnException(TransactionTemplate.java:165) ~[spring-tx-7.0.9.jar:7.0.9]
	at org.springframework.transaction.support.TransactionTemplate.execute(TransactionTemplate.java:141) ~[spring-tx-7.0.9.jar:7.0.9]
	at com.nomadgames.matchmaking.RoomService.closeExpiredLobbies(RoomService.java:150) ~[classes/:na]
	at java.base/jdk.internal.reflect.DirectMethodHandleAccessor.invoke(DirectMethodHandleAccessor.java:103) ~[na:na]
	at java.base/java.lang.reflect.Method.invoke(Method.java:580) ~[na:na]
	at org.springframework.scheduling.support.ScheduledMethodRunnable.runInternal(ScheduledMethodRunnable.java:128) ~[spring-context-7.0.9.jar:7.0.9]
	at org.springframework.scheduling.support.ScheduledMethodRunnable.lambda$run$1(ScheduledMethodRunnable.java:122) ~[spring-context-7.0.9.jar:7.0.9]
	at io.micrometer.observation.Observation.observe(Observation.java:569) ~[micrometer-observation-1.17.1.jar:1.17.1]
	at org.springframework.scheduling.support.ScheduledMethodRunnable.run(ScheduledMethodRunnable.java:122) ~[spring-context-7.0.9.jar:7.0.9]
	at org.springframework.scheduling.config.Task$OutcomeTrackingRunnable.run(Task.java:88) ~[spring-context-7.0.9.jar:7.0.9]
	at org.springframework.scheduling.support.DelegatingErrorHandlingRunnable.run(DelegatingErrorHandlingRunnable.java:54) ~[spring-context-7.0.9.jar:7.0.9]
	at java.base/java.util.concurrent.Executors$RunnableAdapter.call(Executors.java:572) ~[na:na]
	at java.base/java.util.concurrent.FutureTask.runAndReset(FutureTask.java:358) ~[na:na]
	at java.base/java.util.concurrent.ScheduledThreadPoolExecutor$ScheduledFutureTask.run(ScheduledThreadPoolExecutor.java:305) ~[na:na]
	at java.base/java.util.concurrent.ThreadPoolExecutor.runWorker(ThreadPoolExecutor.java:1144) ~[na:na]
	at java.base/java.util.concurrent.ThreadPoolExecutor$Worker.run(ThreadPoolExecutor.java:642) ~[na:na]
	at java.base/java.lang.Thread.run(Thread.java:1583) ~[na:na]
Caused by: org.hibernate.TransactionException: Unable to rollback against JDBC Connection
	at org.hibernate.resource.jdbc.internal.AbstractLogicalConnectionImplementor.rollback(AbstractLogicalConnectionImplementor.java:151) ~[hibernate-core-7.4.5.Final.jar:7.4.5.Final]
	at org.hibernate.resource.transaction.backend.jdbc.internal.JdbcResourceLocalTransactionCoordinatorImpl$TransactionDriverControlImpl.rollback(JdbcResourceLocalTransactionCoordinatorImpl.java:300) ~[hibernate-core-7.4.5.Final.jar:7.4.5.Final]
	at org.hibernate.engine.transaction.internal.TransactionImpl.rollback(TransactionImpl.java:123) ~[hibernate-core-7.4.5.Final.jar:7.4.5.Final]
	at org.springframework.orm.jpa.JpaTransactionManager.doRollback(JpaTransactionManager.java:579) ~[spring-orm-7.0.9.jar:7.0.9]
	... 19 common frames omitted
Caused by: java.sql.SQLException: Connection is closed
	at com.zaxxer.hikari.pool.ProxyConnection$ClosedConnection.lambda$getClosedConnection$0(ProxyConnection.java:559) ~[HikariCP-7.0.2.jar:na]
	at jdk.proxy3/jdk.proxy3.$Proxy161.rollback(Unknown Source) ~[na:na]
	at com.zaxxer.hikari.pool.ProxyConnection.rollback(ProxyConnection.java:386) ~[HikariCP-7.0.2.jar:na]
	at com.zaxxer.hikari.pool.HikariProxyConnection.rollback(HikariProxyConnection.java) ~[HikariCP-7.0.2.jar:na]
	at org.hibernate.resource.jdbc.internal.AbstractLogicalConnectionImplementor.rollback(AbstractLogicalConnectionImplementor.java:141) ~[hibernate-core-7.4.5.Final.jar:7.4.5.Final]
	... 22 common frames omitted

[ERROR] Tests run: 6, Failures: 6, Errors: 0, Skipped: 0, Time elapsed: 16.20 s <<< FAILURE! -- in com.nomadgames.matchmaking.CasualQueueIT
[ERROR] com.nomadgames.matchmaking.CasualQueueIT.casualSettleGrantsMatchPrivatePath -- Time elapsed: 0.822 s <<< FAILURE!
java.lang.AssertionError: Status expected:<200> but was:<404>
	at org.springframework.test.util.AssertionErrors.fail(AssertionErrors.java:62)
	at org.springframework.test.util.AssertionErrors.assertEquals(AssertionErrors.java:129)
	at org.springframework.test.web.servlet.result.StatusResultMatchers.lambda$matcher$0(StatusResultMatchers.java:600)
	at org.springframework.test.web.servlet.MockMvc$1.andExpect(MockMvc.java:212)
	at com.nomadgames.matchmaking.CasualQueueIT.casualSettleGrantsMatchPrivatePath(CasualQueueIT.java:170)

[ERROR] com.nomadgames.matchmaking.CasualQueueIT.enqueueRateLimited -- Time elapsed: 0.302 s <<< FAILURE!
org.opentest4j.AssertionFailedError: flood enqueue must eventually 429 (T-5-01) ==> expected: <429> but was: <404>
	at org.junit.jupiter.api.AssertionFailureBuilder.build(AssertionFailureBuilder.java:158)
	at org.junit.jupiter.api.AssertionFailureBuilder.buildAndThrow(AssertionFailureBuilder.java:139)
	at org.junit.jupiter.api.AssertEquals.failNotEqual(AssertEquals.java:201)
	at org.junit.jupiter.api.AssertEquals.assertEquals(AssertEquals.java:152)
	at org.junit.jupiter.api.Assertions.assertEquals(Assertions.java:590)
	at com.nomadgames.matchmaking.CasualQueueIT.enqueueRateLimited(CasualQueueIT.java:155)

[ERROR] com.nomadgames.matchmaking.CasualQueueIT.singlePlayerStaysSearching -- Time elapsed: 0.053 s <<< FAILURE!
java.lang.AssertionError: Status expected:<200> but was:<404>
	at org.springframework.test.util.AssertionErrors.fail(AssertionErrors.java:62)
	at org.springframework.test.util.AssertionErrors.assertEquals(AssertionErrors.java:129)
	at org.springframework.test.web.servlet.result.StatusResultMatchers.lambda$matcher$0(StatusResultMatchers.java:600)
	at org.springframework.test.web.servlet.MockMvc$1.andExpect(MockMvc.java:212)
	at com.nomadgames.matchmaking.CasualQueueIT.singlePlayerStaysSearching(CasualQueueIT.java:97)

[ERROR] com.nomadgames.matchmaking.CasualQueueIT.twoPlayersPair -- Time elapsed: 0.080 s <<< FAILURE!
java.lang.AssertionError: Status expected:<200> but was:<404>
	at org.springframework.test.util.AssertionErrors.fail(AssertionErrors.java:62)
	at org.springframework.test.util.AssertionErrors.assertEquals(AssertionErrors.java:129)
	at org.springframework.test.web.servlet.result.StatusResultMatchers.lambda$matcher$0(StatusResultMatchers.java:600)
	at org.springframework.test.web.servlet.MockMvc$1.andExpect(MockMvc.java:212)
	at com.nomadgames.matchmaking.CasualQueueIT.twoPlayersPair(CasualQueueIT.java:61)

[ERROR] com.nomadgames.matchmaking.CasualQueueIT.rejectEnqueueWhileInPlay -- Time elapsed: 0.277 s <<< FAILURE!
java.lang.AssertionError: Status expected:<409> but was:<404>
	at org.springframework.test.util.AssertionErrors.fail(AssertionErrors.java:62)
	at org.springframework.test.util.AssertionErrors.assertEquals(AssertionErrors.java:129)
	at org.springframework.test.web.servlet.result.StatusResultMatchers.lambda$matcher$0(StatusResultMatchers.java:600)
	at org.springframework.test.web.servlet.MockMvc$1.andExpect(MockMvc.java:212)
	at com.nomadgames.matchmaking.CasualQueueIT.rejectEnqueueWhileInPlay(CasualQueueIT.java:136)

[ERROR] com.nomadgames.matchmaking.CasualQueueIT.dequeueClearsTicket -- Time elapsed: 0.045 s <<< FAILURE!
java.lang.AssertionError: Status expected:<200> but was:<404>
	at org.springframework.test.util.AssertionErrors.fail(AssertionErrors.java:62)
	at org.springframework.test.util.AssertionErrors.assertEquals(AssertionErrors.java:129)
	at org.springframework.test.web.servlet.result.StatusResultMatchers.lambda$matcher$0(StatusResultMatchers.java:600)
	at org.springframework.test.web.servlet.MockMvc$1.andExpect(MockMvc.java:212)
	at com.nomadgames.matchmaking.CasualQueueIT.dequeueClearsTicket(CasualQueueIT.java:115)

[INFO] Running com.nomadgames.profile.ProfileIT
2026-09-11T15:24:03.502+05:00  INFO 29372 --- [nomad-games] [           main] tc.postgres:18                           : Creating container for image: postgres:18
2026-09-11T15:24:03.639+05:00  INFO 29372 --- [nomad-games] [           main] tc.postgres:18                           : Container postgres:18 is starting: f610e2f8a361108d806596435833af73015f41207b3cc368c1cc2ff98c2078fe
2026-09-11T15:24:04.357+05:00  WARN 29372 --- [nomad-games] [   scheduling-1] com.zaxxer.hikari.pool.PoolBase          : HikariPool-1 - Failed to validate connection org.postgresql.jdbc.PgConnection@362138c0 (Соединение закрыто.). Possibly consider using a shorter maxLifetime value.
2026-09-11T15:24:04.358+05:00  WARN 29372 --- [nomad-games] [   scheduling-1] com.zaxxer.hikari.pool.PoolBase          : HikariPool-1 - Failed to validate connection org.postgresql.jdbc.PgConnection@166c854a (Соединение закрыто.). Possibly consider using a shorter maxLifetime value.
2026-09-11T15:24:04.359+05:00  WARN 29372 --- [nomad-games] [   scheduling-1] com.zaxxer.hikari.pool.PoolBase          : HikariPool-1 - Failed to validate connection org.postgresql.jdbc.PgConnection@6f8b7309 (Соединение закрыто.). Possibly consider using a shorter maxLifetime value.
2026-09-11T15:24:04.361+05:00  WARN 29372 --- [nomad-games] [   scheduling-1] com.zaxxer.hikari.pool.PoolBase          : HikariPool-1 - Failed to validate connection org.postgresql.jdbc.PgConnection@5f1b748e (Соединение закрыто.). Possibly consider using a shorter maxLifetime value.
2026-09-11T15:24:04.361+05:00  WARN 29372 --- [nomad-games] [   scheduling-1] com.zaxxer.hikari.pool.PoolBase          : HikariPool-1 - Failed to validate connection org.postgresql.jdbc.PgConnection@60c3b095 (Соединение закрыто.). Possibly consider using a shorter maxLifetime value.
2026-09-11T15:24:04.362+05:00  WARN 29372 --- [nomad-games] [   scheduling-1] com.zaxxer.hikari.pool.PoolBase          : HikariPool-1 - Failed to validate connection org.postgresql.jdbc.PgConnection@12773f12 (Соединение закрыто.). Possibly consider using a shorter maxLifetime value.
2026-09-11T15:24:04.363+05:00  WARN 29372 --- [nomad-games] [   scheduling-1] com.zaxxer.hikari.pool.PoolBase          : HikariPool-1 - Failed to validate connection org.postgresql.jdbc.PgConnection@26d0156e (Соединение закрыто.). Possibly consider using a shorter maxLifetime value.
2026-09-11T15:24:04.363+05:00  WARN 29372 --- [nomad-games] [   scheduling-1] com.zaxxer.hikari.pool.PoolBase          : HikariPool-1 - Failed to validate connection org.postgresql.jdbc.PgConnection@226bba3e (Соединение закрыто.). Possibly consider using a shorter maxLifetime value.
2026-09-11T15:24:05.071+05:00  INFO 29372 --- [nomad-games] [           main] tc.postgres:18                           : Container postgres:18 started in PT1.5685757S
2026-09-11T15:24:05.071+05:00  INFO 29372 --- [nomad-games] [           main] tc.postgres:18                           : Container is started (JDBC URL: jdbc:postgresql://localhost:63967/test?loggerLevel=OFF)
2026-09-11T15:24:34.363+05:00  WARN 29372 --- [nomad-games] [   scheduling-1] org.hibernate.orm.jdbc.error             : HHH000247: ErrorCode: 0, SQLState: 08001
2026-09-11T15:24:34.364+05:00  WARN 29372 --- [nomad-games] [   scheduling-1] org.hibernate.orm.jdbc.error             : HikariPool-1 - Connection is not available, request timed out after 30004ms (total=0, active=0, idle=0, waiting=0)
2026-09-11T15:24:34.364+05:00  WARN 29372 --- [nomad-games] [   scheduling-1] org.hibernate.orm.jdbc.error             : HHH000247: ErrorCode: 0, SQLState: 08001
2026-09-11T15:24:34.364+05:00  WARN 29372 --- [nomad-games] [   scheduling-1] org.hibernate.orm.jdbc.error             : HikariPool-1 - Connection is not available, request timed out after 30004ms (total=0, active=0, idle=0, waiting=0)
2026-09-11T15:24:34.364+05:00 ERROR 29372 --- [nomad-games] [   scheduling-1] o.s.s.s.TaskUtils$LoggingErrorHandler    : Unexpected error occurred in scheduled task

org.springframework.transaction.CannotCreateTransactionException: Could not open JPA EntityManager for transaction
	at org.springframework.orm.jpa.JpaTransactionManager.doBegin(JpaTransactionManager.java:457) ~[spring-orm-7.0.9.jar:7.0.9]
	at org.springframework.transaction.support.AbstractPlatformTransactionManager.startTransaction(AbstractPlatformTransactionManager.java:532) ~[spring-tx-7.0.9.jar:7.0.9]
	at org.springframework.transaction.support.AbstractPlatformTransactionManager.getTransaction(AbstractPlatformTransactionManager.java:405) ~[spring-tx-7.0.9.jar:7.0.9]
	at org.springframework.transaction.interceptor.TransactionAspectSupport.createTransactionIfNecessary(TransactionAspectSupport.java:628) ~[spring-tx-7.0.9.jar:7.0.9]
	at org.springframework.transaction.interceptor.TransactionAspectSupport.invokeWithinTransaction(TransactionAspectSupport.java:365) ~[spring-tx-7.0.9.jar:7.0.9]
	at org.springframework.transaction.interceptor.TransactionInterceptor.invoke(TransactionInterceptor.java:130) ~[spring-tx-7.0.9.jar:7.0.9]
	at org.springframework.aop.framework.ReflectiveMethodInvocation.proceed(ReflectiveMethodInvocation.java:179) ~[spring-aop-7.0.9.jar:7.0.9]
	at org.springframework.aop.framework.CglibAopProxy$DynamicAdvisedInterceptor.intercept(CglibAopProxy.java:719) ~[spring-aop-7.0.9.jar:7.0.9]
	at com.nomadgames.session.MatchService$$SpringCGLIB$$0.expireReconnectGraces(<generated>) ~[classes/:na]
	at java.base/jdk.internal.reflect.DirectMethodHandleAccessor.invoke(DirectMethodHandleAccessor.java:103) ~[na:na]
	at java.base/java.lang.reflect.Method.invoke(Method.java:580) ~[na:na]
	at org.springframework.scheduling.support.ScheduledMethodRunnable.runInternal(ScheduledMethodRunnable.java:128) ~[spring-context-7.0.9.jar:7.0.9]
	at org.springframework.scheduling.support.ScheduledMethodRunnable.lambda$run$1(ScheduledMethodRunnable.java:122) ~[spring-context-7.0.9.jar:7.0.9]
	at io.micrometer.observation.Observation.observe(Observation.java:569) ~[micrometer-observation-1.17.1.jar:1.17.1]
	at org.springframework.scheduling.support.ScheduledMethodRunnable.run(ScheduledMethodRunnable.java:122) ~[spring-context-7.0.9.jar:7.0.9]
	at org.springframework.scheduling.config.Task$OutcomeTrackingRunnable.run(Task.java:88) ~[spring-context-7.0.9.jar:7.0.9]
	at org.springframework.scheduling.support.DelegatingErrorHandlingRunnable.run(DelegatingErrorHandlingRunnable.java:54) ~[spring-context-7.0.9.jar:7.0.9]
	at java.base/java.util.concurrent.Executors$RunnableAdapter.call(Executors.java:572) ~[na:na]
	at java.base/java.util.concurrent.FutureTask.runAndReset(FutureTask.java:358) ~[na:na]
	at java.base/java.util.concurrent.ScheduledThreadPoolExecutor$ScheduledFutureTask.run(ScheduledThreadPoolExecutor.java:305) ~[na:na]
	at java.base/java.util.concurrent.ThreadPoolExecutor.runWorker(ThreadPoolExecutor.java:1144) ~[na:na]
	at java.base/java.util.concurrent.ThreadPoolExecutor$Worker.run(ThreadPoolExecutor.java:642) ~[na:na]
	at java.base/java.lang.Thread.run(Thread.java:1583) ~[na:na]
Caused by: org.hibernate.exception.JDBCConnectionException: Unable to acquire JDBC Connection [HikariPool-1 - Connection is not available, request timed out after 30004ms (total=0, active=0, idle=0, waiting=0)] [n/a]
	at org.hibernate.exception.internal.SQLExceptionTypeDelegate.convert(SQLExceptionTypeDelegate.java:49) ~[hibernate-core-7.4.5.Final.jar:7.4.5.Final]
	at org.hibernate.exception.internal.StandardSQLExceptionConverter.convert(StandardSQLExceptionConverter.java:34) ~[hibernate-core-7.4.5.Final.jar:7.4.5.Final]
	at org.hibernate.engine.jdbc.spi.SqlExceptionHelper.convert(SqlExceptionHelper.java:115) ~[hibernate-core-7.4.5.Final.jar:7.4.5.Final]
	at org.hibernate.engine.jdbc.spi.SqlExceptionHelper.convert(SqlExceptionHelper.java:101) ~[hibernate-core-7.4.5.Final.jar:7.4.5.Final]
	at org.hibernate.resource.jdbc.internal.LogicalConnectionManagedImpl.acquire(LogicalConnectionManagedImpl.java:190) ~[hibernate-core-7.4.5.Final.jar:7.4.5.Final]
	at org.hibernate.resource.jdbc.internal.LogicalConnectionManagedImpl.acquireConnectionIfNeeded(LogicalConnectionManagedImpl.java:87) ~[hibernate-core-7.4.5.Final.jar:7.4.5.Final]
	at org.hibernate.resource.jdbc.internal.LogicalConnectionManagedImpl.getPhysicalConnection(LogicalConnectionManagedImpl.java:126) ~[hibernate-core-7.4.5.Final.jar:7.4.5.Final]
	at org.hibernate.resource.jdbc.internal.LogicalConnectionManagedImpl.getConnectionForTransactionManagement(LogicalConnectionManagedImpl.java:281) ~[hibernate-core-7.4.5.Final.jar:7.4.5.Final]
	at org.hibernate.resource.jdbc.internal.LogicalConnectionManagedImpl.begin(LogicalConnectionManagedImpl.java:290) ~[hibernate-core-7.4.5.Final.jar:7.4.5.Final]
	at org.hibernate.resource.transaction.backend.jdbc.internal.JdbcResourceLocalTransactionCoordinatorImpl$TransactionDriverControlImpl.begin(JdbcResourceLocalTransactionCoordinatorImpl.java:226) ~[hibernate-core-7.4.5.Final.jar:7.4.5.Final]
	at org.hibernate.engine.transaction.internal.TransactionImpl.begin(TransactionImpl.java:75) ~[hibernate-core-7.4.5.Final.jar:7.4.5.Final]
	at org.springframework.orm.jpa.vendor.HibernateJpaDialect.beginTransaction(HibernateJpaDialect.java:147) ~[spring-orm-7.0.9.jar:7.0.9]
	at org.springframework.orm.jpa.JpaTransactionManager.doBegin(JpaTransactionManager.java:411) ~[spring-orm-7.0.9.jar:7.0.9]
	... 22 common frames omitted
Caused by: java.sql.SQLTransientConnectionException: HikariPool-1 - Connection is not available, request timed out after 30004ms (total=0, active=0, idle=0, waiting=0)
	at com.zaxxer.hikari.pool.HikariPool.createTimeoutException(HikariPool.java:714) ~[HikariCP-7.0.2.jar:na]
	at com.zaxxer.hikari.pool.HikariPool.getConnection(HikariPool.java:184) ~[HikariCP-7.0.2.jar:na]
	at com.zaxxer.hikari.pool.HikariPool.getConnection(HikariPool.java:142) ~[HikariCP-7.0.2.jar:na]
	at com.zaxxer.hikari.HikariDataSource.getConnection(HikariDataSource.java:127) ~[HikariCP-7.0.2.jar:na]
	at org.hibernate.engine.jdbc.connections.internal.DataSourceConnectionProvider.getConnection(DataSourceConnectionProvider.java:149) ~[hibernate-core-7.4.5.Final.jar:7.4.5.Final]
	at org.hibernate.internal.NonContextualJdbcConnectionAccess.obtainConnection(NonContextualJdbcConnectionAccess.java:62) ~[hibernate-core-7.4.5.Final.jar:7.4.5.Final]
	at org.hibernate.resource.jdbc.internal.LogicalConnectionManagedImpl.acquire(LogicalConnectionManagedImpl.java:187) ~[hibernate-core-7.4.5.Final.jar:7.4.5.Final]
	... 30 common frames omitted
Caused by: org.postgresql.util.PSQLException: Подключение по адресу localhost:63941 отклонено. Проверьте, что хост и порт указаны правильно и что postmaster принимает TCP/IP-соединения.
	at org.postgresql.core.v3.ConnectionFactoryImpl.openConnectionImpl(ConnectionFactoryImpl.java:427) ~[postgresql-42.7.13.jar:42.7.13]
	at org.postgresql.core.ConnectionFactory.openConnection(ConnectionFactory.java:52) ~[postgresql-42.7.13.jar:42.7.13]
	at org.postgresql.jdbc.PgConnection.<init>(PgConnection.java:295) ~[postgresql-42.7.13.jar:42.7.13]
	at org.postgresql.Driver.makeConnection(Driver.java:437) ~[postgresql-42.7.13.jar:42.7.13]
	at org.postgresql.Driver.connect(Driver.java:305) ~[postgresql-42.7.13.jar:42.7.13]
	at com.zaxxer.hikari.util.DriverDataSource.getConnection(DriverDataSource.java:144) ~[HikariCP-7.0.2.jar:na]
	at com.zaxxer.hikari.pool.PoolBase.newConnection(PoolBase.java:373) ~[HikariCP-7.0.2.jar:na]
	at com.zaxxer.hikari.pool.PoolBase.newPoolEntry(PoolBase.java:210) ~[HikariCP-7.0.2.jar:na]
	at com.zaxxer.hikari.pool.HikariPool.createPoolEntry(HikariPool.java:488) ~[HikariCP-7.0.2.jar:na]
	at com.zaxxer.hikari.pool.HikariPool$PoolEntryCreator.call(HikariPool.java:752) ~[HikariCP-7.0.2.jar:na]
	at com.zaxxer.hikari.pool.HikariPool$PoolEntryCreator.call(HikariPool.java:731) ~[HikariCP-7.0.2.jar:na]
	at java.base/java.util.concurrent.FutureTask.run(FutureTask.java:317) ~[na:na]
	... 3 common frames omitted
Caused by: java.net.ConnectException: Connection refused: getsockopt
	at java.base/sun.nio.ch.Net.pollConnect(Native Method) ~[na:na]
	at java.base/sun.nio.ch.Net.pollConnectNow(Net.java:694) ~[na:na]
	at java.base/sun.nio.ch.NioSocketImpl.timedFinishConnect(NioSocketImpl.java:542) ~[na:na]
	at java.base/sun.nio.ch.NioSocketImpl.connect(NioSocketImpl.java:592) ~[na:na]
	at java.base/java.net.SocksSocketImpl.connect(SocksSocketImpl.java:327) ~[na:na]
	at java.base/java.net.Socket.connect(Socket.java:751) ~[na:na]
	at org.postgresql.core.PGStream.createSocket(PGStream.java:270) ~[postgresql-42.7.13.jar:42.7.13]
	at org.postgresql.core.PGStream.<init>(PGStream.java:131) ~[postgresql-42.7.13.jar:42.7.13]
	at org.postgresql.core.v3.ConnectionFactoryImpl.tryConnect(ConnectionFactoryImpl.java:221) ~[postgresql-42.7.13.jar:42.7.13]
	at org.postgresql.core.v3.ConnectionFactoryImpl.openConnectionImpl(ConnectionFactoryImpl.java:367) ~[postgresql-42.7.13.jar:42.7.13]
	... 14 common frames omitted


  .   ____          _            __ _ _
 /\\ / ___'_ __ _ _(_)_ __  __ _ \ \ \ \
( ( )\___ | '_ | '_| | '_ \/ _` | \ \ \ \
 \\/  ___)| |_)| | | | | || (_| |  ) ) ) )
  '  |____| .__|_| |_|_| |_\__, | / / / /
 =========|_|==============|___/=/_/_/_/

 :: Spring Boot ::                (v4.1.1)

2026-09-11T15:24:34.397+05:00  INFO 29372 --- [nomad-games] [           main] com.nomadgames.profile.ProfileIT         : Starting ProfileIT using Java 21.0.11 with PID 29372 (started by sergei.elistratov in C:\Users\sergei.elistratov\Documents\проекты\nomad-game\backend)
2026-09-11T15:24:34.397+05:00  INFO 29372 --- [nomad-games] [           main] com.nomadgames.profile.ProfileIT         : No active profile set, falling back to 1 default profile: "default"
2026-09-11T15:24:34.682+05:00  INFO 29372 --- [nomad-games] [           main] .s.d.r.c.RepositoryConfigurationDelegate : Bootstrapping Spring Data JPA repositories in DEFAULT mode.
2026-09-11T15:24:34.711+05:00  INFO 29372 --- [nomad-games] [           main] .s.d.r.c.RepositoryConfigurationDelegate : Finished Spring Data repository scanning in 27 ms. Found 4 JPA repository interfaces.
2026-09-11T15:24:34.975+05:00  INFO 29372 --- [nomad-games] [           main] org.flywaydb.core.FlywayExecutor         : Database: jdbc:postgresql://localhost:63967/test?loggerLevel=OFF (PostgreSQL 18.6)
2026-09-11T15:24:35.011+05:00  INFO 29372 --- [nomad-games] [           main] o.f.c.i.s.JdbcTableSchemaHistory         : Schema history table "public"."flyway_schema_history" does not exist yet
2026-09-11T15:24:35.013+05:00  INFO 29372 --- [nomad-games] [           main] o.f.core.internal.command.DbValidate     : Successfully validated 8 migrations (execution time 00:00.012s)
2026-09-11T15:24:35.031+05:00  INFO 29372 --- [nomad-games] [           main] o.f.c.i.s.JdbcTableSchemaHistory         : Creating Schema History table "public"."flyway_schema_history" ...
2026-09-11T15:24:35.074+05:00  INFO 29372 --- [nomad-games] [           main] o.f.core.internal.command.DbMigrate      : Current version of schema "public": << Empty Schema >>
2026-09-11T15:24:35.081+05:00  INFO 29372 --- [nomad-games] [           main] o.f.core.internal.command.DbMigrate      : Migrating schema "public" to version "1 - identity"
2026-09-11T15:24:35.112+05:00  INFO 29372 --- [nomad-games] [           main] o.f.core.internal.command.DbMigrate      : Migrating schema "public" to version "2 - matches"
2026-09-11T15:24:35.137+05:00  INFO 29372 --- [nomad-games] [           main] o.f.core.internal.command.DbMigrate      : Migrating schema "public" to version "3 - rooms"
2026-09-11T15:24:35.160+05:00  INFO 29372 --- [nomad-games] [           main] o.f.core.internal.command.DbMigrate      : Migrating schema "public" to version "4 - match seats"
2026-09-11T15:24:35.184+05:00  INFO 29372 --- [nomad-games] [           main] o.f.core.internal.command.DbMigrate      : Migrating schema "public" to version "5 - reconnect tokens"
2026-09-11T15:24:35.208+05:00  INFO 29372 --- [nomad-games] [           main] o.f.core.internal.command.DbMigrate      : Migrating schema "public" to version "6 - room version"
2026-09-11T15:24:35.231+05:00  INFO 29372 --- [nomad-games] [           main] o.f.core.internal.command.DbMigrate      : Migrating schema "public" to version "7 - economy ledger shop"
2026-09-11T15:24:35.273+05:00  INFO 29372 --- [nomad-games] [           main] o.f.core.internal.command.DbMigrate      : Migrating schema "public" to version "8 - soft purchase sku unique"
2026-09-11T15:24:35.290+05:00  INFO 29372 --- [nomad-games] [           main] o.f.core.internal.command.DbMigrate      : Successfully applied 8 migrations to schema "public", now at version v8 (execution time 00:00.087s)
2026-09-11T15:24:35.321+05:00  INFO 29372 --- [nomad-games] [           main] org.hibernate.orm.jpa                    : HHH008540: Processing PersistenceUnitInfo [name: default]
2026-09-11T15:24:35.367+05:00  INFO 29372 --- [nomad-games] [           main] o.s.o.j.p.SpringPersistenceUnitInfo      : No LoadTimeWeaver setup: ignoring JPA class transformer
2026-09-11T15:24:35.368+05:00  INFO 29372 --- [nomad-games] [           main] com.zaxxer.hikari.HikariDataSource       : HikariPool-2 - Starting...
2026-09-11T15:24:35.385+05:00  INFO 29372 --- [nomad-games] [           main] com.zaxxer.hikari.pool.HikariPool        : HikariPool-2 - Added connection org.postgresql.jdbc.PgConnection@88d9da0
2026-09-11T15:24:35.385+05:00  INFO 29372 --- [nomad-games] [           main] com.zaxxer.hikari.HikariDataSource       : HikariPool-2 - Start completed.
2026-09-11T15:24:35.395+05:00  INFO 29372 --- [nomad-games] [           main] org.hibernate.orm.connections.pooling    : HHH10001005: Database info:
	Database JDBC URL [jdbc:postgresql://localhost:63967/test?loggerLevel=OFF]
	Database driver: PostgreSQL JDBC Driver
	Database dialect: PostgreSQLDialect
	Database version: 18.6
	Default catalog/schema: test/public
	Autocommit mode: undefined/unknown
	Isolation level: READ_COMMITTED [default READ_COMMITTED]
	JDBC fetch size: none
	Pool: DataSourceConnectionProvider
	Minimum pool size: undefined/unknown
	Maximum pool size: undefined/unknown
2026-09-11T15:24:35.481+05:00  INFO 29372 --- [nomad-games] [           main] org.hibernate.orm.core                   : HHH000489: No JTA platform available (set 'hibernate.transaction.jta.platform' to enable JTA platform integration)
2026-09-11T15:24:35.503+05:00  INFO 29372 --- [nomad-games] [           main] j.LocalContainerEntityManagerFactoryBean : Initialized JPA EntityManagerFactory for persistence unit 'default'
2026-09-11T15:24:35.845+05:00  INFO 29372 --- [nomad-games] [           main] o.s.b.t.m.w.SpringBootMockServletContext : Initializing Spring TestDispatcherServlet ''
2026-09-11T15:24:35.845+05:00  INFO 29372 --- [nomad-games] [           main] o.s.t.web.servlet.TestDispatcherServlet  : Initializing Servlet ''
2026-09-11T15:24:35.849+05:00  INFO 29372 --- [nomad-games] [           main] o.s.b.a.e.web.EndpointLinksResolver      : Exposing 1 endpoint beneath base path '/actuator'
2026-09-11T15:24:35.852+05:00  INFO 29372 --- [nomad-games] [           main] o.s.t.web.servlet.TestDispatcherServlet  : Completed initialization in 7 ms
2026-09-11T15:24:35.885+05:00  INFO 29372 --- [nomad-games] [           main] com.nomadgames.profile.ProfileIT         : Started ProfileIT in 1.517 seconds (process running for 49.467)

MockHttpServletRequest:
      HTTP Method = POST
      Request URI = /v1/identity/guest
       Parameters = {}
          Headers = [Content-Type:"application/json;charset=UTF-8", Content-Length:"2"]
             Body = {}
    Session Attrs = {}

Handler:
             Type = com.nomadgames.identity.GuestController
           Method = com.nomadgames.identity.GuestController#createGuest(HttpServletRequest)

Async:
    Async started = false
     Async result = null

Resolved Exception:
             Type = null

ModelAndView:
        View name = null
             View = null
            Model = null

FlashMap:
       Attributes = null

MockHttpServletResponse:
           Status = 201
    Error message = null
          Headers = [Content-Type:"application/json", X-Content-Type-Options:"nosniff", X-XSS-Protection:"0", Cache-Control:"no-cache, no-store, max-age=0, must-revalidate", Pragma:"no-cache", Expires:"0", X-Frame-Options:"DENY"]
     Content type = application/json
             Body = {"playerId":"c348d5eb-fd83-497f-9d6f-56a66ad697ba","accessToken":"eyJraWQiOiJKR2U3VHBLalVQZmNlWFJBdjZ3a2FERndXV3ZDR18tVjY3SFNyb2NhRU04IiwidHlwIjoiSldUIiwiYWxnIjoiSFMyNTYifQ.eyJzdWIiOiJjMzQ4ZDVlYi1mZDgzLTQ5N2YtOWQ2Zi01NmE2NmFkNjk3YmEiLCJndWVzdCI6dHJ1ZSwiZXhwIjoxNzg5MTIzMTc1LCJpYXQiOjE3ODkxMjIyNzUsImp0aSI6IjhjNzgwNjRiLTc5MzItNDM0YS05MjU1LTJkOGEwNmQyYThjOCJ9.gWKR8dC4GQTessILytAsob1H9SkPfVLwv3k8rPihsbA","refreshToken":"vtC-fkbwd5nKZ1o3urVm-tNkj1cG5wXh0VCAwaFLlRU","guest":true}
    Forwarded URL = null
   Redirected URL = null
          Cookies = []

MockHttpServletRequest:
      HTTP Method = PUT
      Request URI = /v1/profile/avatar
       Parameters = {}
          Headers = [Content-Type:"application/json;charset=UTF-8", Authorization:"Bearer eyJraWQiOiJKR2U3VHBLalVQZmNlWFJBdjZ3a2FERndXV3ZDR18tVjY3SFNyb2NhRU04IiwidHlwIjoiSldUIiwiYWxnIjoiSFMyNTYifQ.eyJzdWIiOiJjMzQ4ZDVlYi1mZDgzLTQ5N2YtOWQ2Zi01NmE2NmFkNjk3YmEiLCJndWVzdCI6dHJ1ZSwiZXhwIjoxNzg5MTIzMTc1LCJpYXQiOjE3ODkxMjIyNzUsImp0aSI6IjhjNzgwNjRiLTc5MzItNDM0YS05MjU1LTJkOGEwNmQyYThjOCJ9.gWKR8dC4GQTessILytAsob1H9SkPfVLwv3k8rPihsbA", Content-Length:"28"]
             Body = {"avatarPreset":"avatar_03"}
    Session Attrs = {}

Handler:
             Type = org.springframework.web.servlet.resource.ResourceHttpRequestHandler

Async:
    Async started = false
     Async result = null

Resolved Exception:
             Type = org.springframework.web.servlet.resource.NoResourceFoundException

ModelAndView:
        View name = null
             View = null
            Model = null

FlashMap:
       Attributes = null

MockHttpServletResponse:
           Status = 404
    Error message = No static resource v1/profile/avatar.
          Headers = [X-Content-Type-Options:"nosniff", X-XSS-Protection:"0", Cache-Control:"no-cache, no-store, max-age=0, must-revalidate", Pragma:"no-cache", Expires:"0", X-Frame-Options:"DENY"]
     Content type = null
             Body = 
    Forwarded URL = null
   Redirected URL = null
          Cookies = []

MockHttpServletRequest:
      HTTP Method = POST
      Request URI = /v1/identity/guest
       Parameters = {}
          Headers = [Content-Type:"application/json;charset=UTF-8", Content-Length:"2"]
             Body = {}
    Session Attrs = {}

Handler:
             Type = com.nomadgames.identity.GuestController
           Method = com.nomadgames.identity.GuestController#createGuest(HttpServletRequest)

Async:
    Async started = false
     Async result = null

Resolved Exception:
             Type = null

ModelAndView:
        View name = null
             View = null
            Model = null

FlashMap:
       Attributes = null

MockHttpServletResponse:
           Status = 201
    Error message = null
          Headers = [Content-Type:"application/json", X-Content-Type-Options:"nosniff", X-XSS-Protection:"0", Cache-Control:"no-cache, no-store, max-age=0, must-revalidate", Pragma:"no-cache", Expires:"0", X-Frame-Options:"DENY"]
     Content type = application/json
             Body = {"playerId":"2124660f-8e69-43de-9e46-faaaaf5e1f95","accessToken":"eyJraWQiOiJKR2U3VHBLalVQZmNlWFJBdjZ3a2FERndXV3ZDR18tVjY3SFNyb2NhRU04IiwidHlwIjoiSldUIiwiYWxnIjoiSFMyNTYifQ.eyJzdWIiOiIyMTI0NjYwZi04ZTY5LTQzZGUtOWU0Ni1mYWFhYWY1ZTFmOTUiLCJndWVzdCI6dHJ1ZSwiZXhwIjoxNzg5MTIzMTc1LCJpYXQiOjE3ODkxMjIyNzUsImp0aSI6IjM4YjU0M2VjLTBlMGYtNDcxMC1iNzgyLWVkNTJmZDU2ZGJmNSJ9.rGT0wHDd_Say3uaKZRogaXskg-Iati9oU0yUP9mydUM","refreshToken":"NSJSyJzXElo3Hw4ev2NV_MiFOcdHXz1umIZA3yb0b9M","guest":true}
    Forwarded URL = null
   Redirected URL = null
          Cookies = []

MockHttpServletRequest:
      HTTP Method = POST
      Request URI = /v1/identity/guest
       Parameters = {}
          Headers = [Content-Type:"application/json;charset=UTF-8", Content-Length:"2"]
             Body = {}
    Session Attrs = {}

Handler:
             Type = com.nomadgames.identity.GuestController
           Method = com.nomadgames.identity.GuestController#createGuest(HttpServletRequest)

Async:
    Async started = false
     Async result = null

Resolved Exception:
             Type = null

ModelAndView:
        View name = null
             View = null
            Model = null

FlashMap:
       Attributes = null

MockHttpServletResponse:
           Status = 201
    Error message = null
          Headers = [Content-Type:"application/json", X-Content-Type-Options:"nosniff", X-XSS-Protection:"0", Cache-Control:"no-cache, no-store, max-age=0, must-revalidate", Pragma:"no-cache", Expires:"0", X-Frame-Options:"DENY"]
     Content type = application/json
             Body = {"playerId":"706d639c-f3dc-47dd-a122-d7dc92bf76c4","accessToken":"eyJraWQiOiJKR2U3VHBLalVQZmNlWFJBdjZ3a2FERndXV3ZDR18tVjY3SFNyb2NhRU04IiwidHlwIjoiSldUIiwiYWxnIjoiSFMyNTYifQ.eyJzdWIiOiI3MDZkNjM5Yy1mM2RjLTQ3ZGQtYTEyMi1kN2RjOTJiZjc2YzQiLCJndWVzdCI6dHJ1ZSwiZXhwIjoxNzg5MTIzMTc2LCJpYXQiOjE3ODkxMjIyNzYsImp0aSI6ImM4ZGMwZTI3LTYxZjAtNDMwMC05ZDgzLWViOTg2ZjA1OGVlMCJ9.zfg0msMXjywSLVHYE7CCc5DlTz3158iZVgaXuf3GWxY","refreshToken":"fBCe0WxoT-PLloiU8emlTQs3wn4Aobwf7xSDagTmojg","guest":true}
    Forwarded URL = null
   Redirected URL = null
          Cookies = []

MockHttpServletRequest:
      HTTP Method = POST
      Request URI = /v1/matchmaking/casual
       Parameters = {}
          Headers = [Content-Type:"application/json;charset=UTF-8", Authorization:"Bearer eyJraWQiOiJKR2U3VHBLalVQZmNlWFJBdjZ3a2FERndXV3ZDR18tVjY3SFNyb2NhRU04IiwidHlwIjoiSldUIiwiYWxnIjoiSFMyNTYifQ.eyJzdWIiOiIyMTI0NjYwZi04ZTY5LTQzZGUtOWU0Ni1mYWFhYWY1ZTFmOTUiLCJndWVzdCI6dHJ1ZSwiZXhwIjoxNzg5MTIzMTc1LCJpYXQiOjE3ODkxMjIyNzUsImp0aSI6IjM4YjU0M2VjLTBlMGYtNDcxMC1iNzgyLWVkNTJmZDU2ZGJmNSJ9.rGT0wHDd_Say3uaKZRogaXskg-Iati9oU0yUP9mydUM", Content-Length:"2"]
             Body = {}
    Session Attrs = {}

Handler:
             Type = org.springframework.web.servlet.resource.ResourceHttpRequestHandler

Async:
    Async started = false
     Async result = null

Resolved Exception:
             Type = org.springframework.web.servlet.resource.NoResourceFoundException

ModelAndView:
        View name = null
             View = null
            Model = null

FlashMap:
       Attributes = null

MockHttpServletResponse:
           Status = 404
    Error message = No static resource v1/matchmaking/casual.
          Headers = [X-Content-Type-Options:"nosniff", X-XSS-Protection:"0", Cache-Control:"no-cache, no-store, max-age=0, must-revalidate", Pragma:"no-cache", Expires:"0", X-Frame-Options:"DENY"]
     Content type = null
             Body = 
    Forwarded URL = null
   Redirected URL = null
          Cookies = []

MockHttpServletRequest:
      HTTP Method = POST
      Request URI = /v1/identity/guest
       Parameters = {}
          Headers = [Content-Type:"application/json;charset=UTF-8", Content-Length:"2"]
             Body = {}
    Session Attrs = {}

Handler:
             Type = com.nomadgames.identity.GuestController
           Method = com.nomadgames.identity.GuestController#createGuest(HttpServletRequest)

Async:
    Async started = false
     Async result = null

Resolved Exception:
             Type = null

ModelAndView:
        View name = null
             View = null
            Model = null

FlashMap:
       Attributes = null

MockHttpServletResponse:
           Status = 201
    Error message = null
          Headers = [Content-Type:"application/json", X-Content-Type-Options:"nosniff", X-XSS-Protection:"0", Cache-Control:"no-cache, no-store, max-age=0, must-revalidate", Pragma:"no-cache", Expires:"0", X-Frame-Options:"DENY"]
     Content type = application/json
             Body = {"playerId":"b968c7dd-879b-430c-b59c-a9c77a1cd0c4","accessToken":"eyJraWQiOiJKR2U3VHBLalVQZmNlWFJBdjZ3a2FERndXV3ZDR18tVjY3SFNyb2NhRU04IiwidHlwIjoiSldUIiwiYWxnIjoiSFMyNTYifQ.eyJzdWIiOiJiOTY4YzdkZC04NzliLTQzMGMtYjU5Yy1hOWM3N2ExY2QwYzQiLCJndWVzdCI6dHJ1ZSwiZXhwIjoxNzg5MTIzMTc2LCJpYXQiOjE3ODkxMjIyNzYsImp0aSI6ImU1NTk3ZTA2LWIxMzItNDA5NS04M2VjLTlkYTc2YTMyMjg5MSJ9.f9CC5WRq6kOu4TG6kGU9CrqPG17IlCMXFDNk8hfJHhM","refreshToken":"kwPIlfXxz82fe6B_zGjt_fOpzcM_xasfaF669JZJrQc","guest":true}
    Forwarded URL = null
   Redirected URL = null
          Cookies = []

MockHttpServletRequest:
      HTTP Method = POST
      Request URI = /v1/matches
       Parameters = {}
          Headers = [Content-Type:"application/json;charset=UTF-8", Authorization:"Bearer eyJraWQiOiJKR2U3VHBLalVQZmNlWFJBdjZ3a2FERndXV3ZDR18tVjY3SFNyb2NhRU04IiwidHlwIjoiSldUIiwiYWxnIjoiSFMyNTYifQ.eyJzdWIiOiJiOTY4YzdkZC04NzliLTQzMGMtYjU5Yy1hOWM3N2ExY2QwYzQiLCJndWVzdCI6dHJ1ZSwiZXhwIjoxNzg5MTIzMTc2LCJpYXQiOjE3ODkxMjIyNzYsImp0aSI6ImU1NTk3ZTA2LWIxMzItNDA5NS04M2VjLTlkYTc2YTMyMjg5MSJ9.f9CC5WRq6kOu4TG6kGU9CrqPG17IlCMXFDNk8hfJHhM", Content-Length:"51"]
             Body = {"game":"ALCHIKI","mode":"BOT","difficulty":"EASY"}
    Session Attrs = {}

Handler:
             Type = com.nomadgames.session.MatchController
           Method = com.nomadgames.session.MatchController#create(Jwt, CreateMatchRequest)

Async:
    Async started = false
     Async result = null

Resolved Exception:
             Type = null

ModelAndView:
        View name = null
             View = null
            Model = null

FlashMap:
       Attributes = null

MockHttpServletResponse:
           Status = 201
    Error message = null
          Headers = [Content-Type:"application/json", X-Content-Type-Options:"nosniff", X-XSS-Protection:"0", Cache-Control:"no-cache, no-store, max-age=0, must-revalidate", Pragma:"no-cache", Expires:"0", X-Frame-Options:"DENY"]
     Content type = application/json
             Body = {"matchId":"41c41948-e6ab-4cb4-90a1-f76ce0a7a5c2","status":"IN_PLAY","difficulty":"EASY","boneIds":["b1","b2","b3","b4","b5"],"playerScore":0,"botScore":0,"turn":"PLAYER","turnDeadlineEpochMs":1789122296079,"matchDeadlineEpochMs":1789122516079,"hardCapEpochMs":1789122576079,"localLoadout":{"table_fx":"table_fx_default","victory":"victory_default","saka_color":"saka_color_default","stick_pull":"stick_pull_default","saka_ornament":"saka_ornament_default","saka_material":"saka_material_default","trail":"trail_default"}}
    Forwarded URL = null
   Redirected URL = null
          Cookies = []

MockHttpServletRequest:
      HTTP Method = POST
      Request URI = /v1/matches/41c41948-e6ab-4cb4-90a1-f76ce0a7a5c2/throws
       Parameters = {}
          Headers = [Content-Type:"application/json;charset=UTF-8", Authorization:"Bearer eyJraWQiOiJKR2U3VHBLalVQZmNlWFJBdjZ3a2FERndXV3ZDR18tVjY3SFNyb2NhRU04IiwidHlwIjoiSldUIiwiYWxnIjoiSFMyNTYifQ.eyJzdWIiOiJiOTY4YzdkZC04NzliLTQzMGMtYjU5Yy1hOWM3N2ExY2QwYzQiLCJndWVzdCI6dHJ1ZSwiZXhwIjoxNzg5MTIzMTc2LCJpYXQiOjE3ODkxMjIyNzYsImp0aSI6ImU1NTk3ZTA2LWIxMzItNDA5NS04M2VjLTlkYTc2YTMyMjg5MSJ9.f9CC5WRq6kOu4TG6kGU9CrqPG17IlCMXFDNk8hfJHhM", Content-Length:"140"]
             Body = {
  "schemaVersion": 1,
  "yUp": true,
  "aimAngleRad": 1.3962634015954636,
  "holdMs": 640,
  "seed": 1,
  "tableId": "alchiki-match-v1"
}

    Session Attrs = {}

Handler:
             Type = com.nomadgames.session.MatchController
           Method = com.nomadgames.session.MatchController#applyThrow(Jwt, UUID, String)

Async:
    Async started = false
     Async result = null

Resolved Exception:
             Type = null

ModelAndView:
        View name = null
             View = null
            Model = null

FlashMap:
       Attributes = null

MockHttpServletResponse:
           Status = 200
    Error message = null
          Headers = [Content-Type:"application/json", X-Content-Type-Options:"nosniff", X-XSS-Protection:"0", Cache-Control:"no-cache, no-store, max-age=0, must-revalidate", Pragma:"no-cache", Expires:"0", X-Frame-Options:"DENY"]
     Content type = application/json
             Body = {"playerThrow":{"schemaVersion":1,"yUp":true,"settled":true,"settleReason":"timeout","simMs":1200,"pocketedCount":1,"sakaOut":false,"displayedScore":1,"pocketedIds":["b1"],"keyframes":[{"tMs":0,"bodies":[{"id":"saka","x":0.0,"y":-1.15,"angle":0.0},{"id":"b1","x":0.22,"y":0.0,"angle":0.0},{"id":"b2","x":0.11,"y":0.19053,"angle":0.0},{"id":"b3","x":-0.11,"y":0.19053,"angle":0.0},{"id":"b4","x":-0.22,"y":0.0,"angle":0.0},{"id":"b5","x":-0.11,"y":-0.19053,"angle":0.0}]},{"tMs":50,"bodies":[{"id":"saka","x":0.04700120463578961,"y":-0.8834429226489147,"angle":0.0},{"id":"b1","x":0.22,"y":0.0,"angle":0.0},{"id":"b2","x":0.11,"y":0.19053,"angle":0.0},{"id":"b3","x":-0.11,"y":0.19053,"angle":0.0},{"id":"b4","x":-0.22,"y":0.0,"angle":0.0},{"id":"b5","x":-0.11,"y":-0.19053,"angle":0.0}]},{"tMs":100,"bodies":[{"id":"saka","x":0.09135130830968081,"y":-0.631920985985015,"angle":0.0},{"id":"b1","x":0.22,"y":0.0,"angle":0.0},{"id":"b2","x":0.11,"y":0.19053,"angle":0.0},{"id":"b3","x":-0.11,"y":0.19053,"angle":0.0},{"id":"b4","x":-0.22,"y":0.0,"angle":0.0},{"id":"b5","x":-0.11,"y":-0.19053,"angle":0.0}]},{"tMs":150,"bodies":[{"id":"saka","x":0.13319984625943274,"y":-0.39458613353300515,"angle":0.0},{"id":"b1","x":0.22,"y":0.0,"angle":0.0},{"id":"b2","x":0.11,"y":0.19053,"angle":0.0},{"id":"b3","x":-0.11,"y":0.19053,"angle":0.0},{"id":"b4","x":-0.22,"y":0.0,"angle":0.0},{"id":"b5","x":-0.11,"y":-0.19053,"angle":0.0}]},{"tMs":200,"bodies":[{"id":"saka","x":0.17268791919403587,"y":-0.17063814340725222,"angle":0.0},{"id":"b1","x":0.22,"y":0.0,"angle":0.0},{"id":"b2","x":0.11,"y":0.19053,"angle":0.0},{"id":"b3","x":-0.11,"y":0.19053,"angle":0.0},{"id":"b4","x":-0.22,"y":0.0,"angle":0.0},{"id":"b5","x":-0.11,"y":-0.19053,"angle":0.0}]},{"tMs":250,"bodies":[{"id":"saka","x":0.19301697710173443,"y":-0.01763372278748633,"angle":-0.09494585587799753},{"id":"b1","x":0.25694187332629065,"y":0.12722572927354847,"angle":-0.1664848518735999},{"id":"b2","x":0.11,"y":0.19053,"angle":0.0},{"id":"b3","x":-0.11,"y":0.19053,"angle":0.0},{"id":"b4","x":-0.22,"y":0.0,"angle":0.0},{"id":"b5","x":-0.11,"y":-0.19053,"angle":0.0}]},{"tMs":300,"bodies":[{"id":"saka","x":0.20397613742916595,"y":0.09842012208241904,"angle":-0.2323799353518315},{"id":"b1","x":0.3097416518725082,"y":0.309065190193461,"angle":-0.40747159270604333},{"id":"b2","x":0.11,"y":0.19053,"angle":0.0},{"id":"b3","x":-0.11,"y":0.19053,"angle":0.0},{"id":"b4","x":-0.22,"y":0.0,"angle":0.0},{"id":"b5","x":-0.11,"y":-0.19053,"angle":0.0}]},{"tMs":350,"bodies":[{"id":"saka","x":0.22147039747742944,"y":0.20070495579697523,"angle":-0.2843707062345897},{"id":"b1","x":0.3595632611403725,"y":0.48064800400206126,"angle":-0.6383608059867332},{"id":"b2","x":0.09439152327674288,"y":0.20628680495528048,"angle":0.17117098238728337},{"id":"b3","x":-0.11,"y":0.19053,"angle":0.0},{"id":"b4","x":-0.22,"y":0.0,"angle":0.0},{"id":"b5","x":-0.11,"y":-0.19053,"angle":0.0}]},{"tMs":400,"bodies":[{"id":"saka","x":0.24083216298469318,"y":0.29406151332315333,"angle":-0.29510840708410746},{"id":"b1","x":0.40657468464221536,"y":0.6425526964463669,"angle":-0.8595755857925726},{"id":"b2","x":0.07343725342050719,"y":0.22804932957782195,"angle":0.4152490316431379},{"id":"b3","x":-0.11,"y":0.19053,"angle":0.0},{"id":"b4","x":-0.22,"y":0.0,"angle":0.0},{"id":"b5","x":-0.11,"y":-0.19053,"angle":0.0}]},{"tMs":450,"bodies":[{"id":"saka","x":0.25910182892646466,"y":0.38215229816594976,"angle":-0.30539619010911767},{"id":"b1","x":0.4509344307874517,"y":0.7953251615530752,"angle":-1.0715212982371598},{"id":"b2","x":0.053664908270291585,"y":0.24858433991839485,"angle":0.6491000251754045},{"id":"b3","x":-0.11,"y":0.19053,"angle":0.0},{"id":"b4","x":-0.22,"y":0.0,"angle":0.0},{"id":"b5","x":-0.11,"y":-0.19053,"angle":0.0}]},{"tMs":500,"bodies":[{"id":"saka","x":0.27634099513259935,"y":0.465274326011116,"angle":-0.31525290720833193},{"id":"b1","x":0.4927920673253599,"y":0.9394805022193689,"angle":-1.2745863242859203},{"id":"b2","x":0.03500782141298385,"y":0.2679610738682168,"angle":0.8731524843898066},{"id":"b3","x":-0.11,"y":0.19053,"angle":0.0},{"id":"b4","x":-0.22,"y":0.0,"angle":0.0},{"id":"b5","x":-0.11,"y":-0.19053,"angle":0.0}]},{"tMs":550,"bodies":[{"id":"saka","x":0.29260778689715194,"y":0.5437078593871966,"angle":-0.32469662037158115},{"id":"b1","x":0.5322887256426386,"y":1.075504766985276,"angle":-1.4691427714467222},{"id":"b2","x":0.017403086751687016,"y":0.28624486395817644,"angle":1.087816975319561},{"id":"b3","x":-0.11,"y":0.19053,"angle":0.0},{"id":"b4","x":-0.22,"y":0.0,"angle":0.0},{"id":"b5","x":-0.11,"y":-0.19053,"angle":0.0}]},{"tMs":600,"bodies":[{"id":"saka","x":0.3079570509594216,"y":0.617717352626653,"angle":-0.33374463477759786},{"id":"b1","x":0.5695575766160823,"y":1.2038565888434576,"angle":-1.655547155640112},{"id":"b2","x":7.913464052420917E-4,"y":0.30349735764051733,"angle":1.2934868609691292},{"id":"b3","x":-0.11,"y":0.19053,"angle":0.0},{"id":"b4","x":-0.22,"y":0.0,"angle":0.0},{"id":"b5","x":-0.11,"y":-0.19053,"angle":0.0}]},{"tMs":650,"bodies":[{"id":"saka","x":0.3224405404306943,"y":0.6875523435264963,"angle":-0.34241353050497836},{"id":"b1","x":0.6047242796248053,"y":1.3249687316119987,"angle":-1.834141054498671},{"id":"b2","x":-0.01488340942873073,"y":0.3197767251455438,"angle":1.4905390221341934},{"id":"b3","x":-0.11,"y":0.19053,"angle":0.0},{"id":"b4","x":-0.22,"y":0.0,"angle":0.0},{"id":"b5","x":-0.11,"y":-0.19053,"angle":0.0}]},{"tMs":700,"bodies":[{"id":"saka","x":0.3361070892902002,"y":0.753448294714839,"angle":-0.3507191929144254},{"id":"b1","x":0.6379074062359518,"y":1.4392495490841075,"angle":-2.0052517332926323},{"id":"b2","x":-0.029674031322074176,"y":0.33513785561417714,"angle":1.679334548018729},{"id":"b3","x":-0.11,"y":0.19053,"angle":0.0},{"id":"b4","x":-0.22,"y":0.0,"angle":0.0},{"id":"b5","x":-0.11,"y":-0.19053,"angle":0.0}]},{"tMs":750,"bodies":[{"id":"saka","x":0.34900277703863414,"y":0.815627387560202,"angle":-0.358676841757959},{"id":"b1","x":0.6692188399924299,"y":1.5470843618745376,"angle":-2.1691927446287367},{"id":"b2","x":-0.04363038881235889,"y":0.3496325421676639,"angle":1.8602193979146944},{"id":"b3","x":-0.11,"y":0.19053,"angle":0.0},{"id":"b4","x":-0.22,"y":0.0,"angle":0.0},{"id":"b5","x":-0.11,"y":-0.19053,"angle":0.0}]},{"tMs":800,"bodies":[{"id":"saka","x":0.36117108406440074,"y":0.8742992713004013,"angle":-0.36630105906842475},{"id":"b1","x":0.6987641536506369,"y":1.648836756605045,"angle":-2.3262645030212545},{"id":"b2","x":-0.05679953854799559,"y":0.3633096565384346,"angle":2.033525035156843},{"id":"b3","x":-0.11,"y":0.19053,"angle":0.0},{"id":"b4","x":-0.22,"y":0.0,"angle":0.0},{"id":"b5","x":-0.11,"y":-0.19053,"angle":0.0}]},{"tMs":850,"bodies":[{"id":"saka","x":0.3726530382464336,"y":0.9296617699168501,"angle":-0.37360581588041236},{"id":"b1","x":0.7266429651401056,"y":1.7448498118093458,"angle":-2.4767548353880406},{"id":"b2","x":-0.06922588294912932,"y":0.3762153138509168,"angle":2.1995690345143433},{"id":"b3","x":-0.11,"y":0.19053,"angle":0.0},{"id":"b4","x":-0.22,"y":0.0,"angle":0.0},{"id":"b5","x":-0.11,"y":-0.19053,"angle":0.0}]},{"tMs":900,"bodies":[{"id":"saka","x":0.3834873532878883,"y":0.9819015491376474,"angle":-0.3806044978315466},{"id":"b1","x":0.7529492734452615,"y":1.835447254690955,"angle":-2.620939508480391},{"id":"b2","x":-0.08095131991927261,"y":0.3883930281078926,"angle":2.35865566413223},{"id":"b3","x":-0.11,"y":0.19053,"angle":0.0},{"id":"b4","x":-0.22,"y":0.0,"angle":0.0},{"id":"b5","x":-0.11,"y":-0.19053,"angle":0.0}]},{"tMs":950,"bodies":[{"id":"saka","x":0.3937105592471294,"y":1.0311947458183846,"angle":-0.38730992969106404},{"id":"b1","x":0.7777717755417849,"y":1.9209345526341495,"angle":-2.759082734213184},{"id":"b2","x":-0.0920153841124604,"y":0.3998838589066558,"angle":2.511076443089066},{"id":"b3","x":-0.11,"y":0.19053,"angle":0.0},{"id":"b4","x":-0.22,"y":0.0,"angle":0.0},{"id":"b5","x":-0.11,"y":-0.19053,"angle":0.0}]},{"tMs":1000,"bodies":[{"id":"saka","x":0.40335712570612264,"y":1.0777075618227538,"angle":-0.39373439886062583},{"id":"b1","x":0.8011941654561896,"y":2.001599943148301,"angle":-2.891437653821305},{"id":"b2","x":-0.10245538023223691,"y":0.4107265498796492,"angle":2.657110675592517},{"id":"b3","x":-0.11,"y":0.19053,"angle":0.0},{"id":"b4","x":-0.22,"y":0.0,"angle":0.0},{"id":"b5","x":-0.11,"y":-0.19053,"angle":0.0}]},{"tMs":1050,"bodies":[{"id":"saka","x":0.41245957799151917,"y":1.1215968244053478,"angle":-0.3998896778904273},{"id":"b1","x":0.8232954164569599,"y":2.0777154057182408,"angle":-3.0182468017295534},{"id":"b2","x":-0.11230650881191895,"y":0.42095765932636436,"angle":2.7970259627917193},{"id":"b3","x":-0.11,"y":0.19053,"angle":0.0},{"id":"b4","x":-0.22,"y":0.0,"angle":0.0},{"id":"b5","x":-0.11,"y":-0.19053,"angle":0.0}]},{"tMs":1100,"bodies":[{"id":"saka","x":0.4210486068402943,"y":1.1630105149860885,"angle":-0.4057870460518655},{"id":"b1","x":0.8441500473287072,"y":2.149537578837449,"angle":-3.139742549985998},{"id":"b2","x":-0.12160198490022858,"y":0.43061168347695455,"angle":2.931078693144328},{"id":"b3","x":-0.11,"y":0.19053,"angle":0.0},{"id":"b4","x":-0.22,"y":0.0,"angle":0.0},{"id":"b5","x":-0.11,"y":-0.19053,"angle":0.0}]},{"tMs":1150,"bodies":[{"id":"saka","x":0.42915317187970103,"y":1.2020882680991596,"angle":-0.4114373100062951},{"id":"b1","x":0.8638283736271453,"y":2.2173086253160226,"angle":3.0270377731060867},{"id":"b2","x":-0.13037315005246797,"y":0.4397211728031686,"angle":3.059514512236803},{"id":"b3","x":-0.11,"y":0.19053,"angle":0.0},{"id":"b4","x":-0.22,"y":0.0,"angle":0.0},{"id":"b5","x":-0.11,"y":-0.19053,"angle":0.0}]},{"tMs":1200,"bodies":[{"id":"saka","x":0.43680059927044035,"y":1.238961842198742,"angle":-0.41685082360774883},{"id":"b1","x":0.882396744762038,"y":2.2812570487809856,"angle":2.9155102463008165},{"id":"b2","x":-0.1386495780048364,"y":0.4483168417687712,"angle":-3.1006165342606575},{"id":"b3","x":-0.11,"y":0.19053,"angle":0.0},{"id":"b4","x":-0.22,"y":0.0,"angle":0.0},{"id":"b5","x":-0.11,"y":-0.19053,"angle":0.0}]}]},"botThrow":null,"match":{"status":"PLAYER_WIN","playerScore":6,"botScore":0,"turn":"PLAYER","bonesLeft":["b2","b3","b4","b5"],"playerTurns":1,"botTurns":0,"turnDeadlineEpochMs":1789122296143,"matchDeadlineEpochMs":1789122516079,"hardCapEpochMs":1789122576079,"mode":"BOT","difficulty":"EASY","hostId":null,"joinerId":null,"hostLabel":null,"joinerLabel":null,"reconnectSecondsLeft":null,"coinsGranted":24,"gemsGranted":0,"localLoadout":{"table_fx":"table_fx_default","victory":"victory_default","saka_color":"saka_color_default","stick_pull":"stick_pull_default","saka_ornament":"saka_ornament_default","saka_material":"saka_material_default","trail":"trail_default"},"hostLoadout":{},"joinerLoadout":{}}}
    Forwarded URL = null
   Redirected URL = null
          Cookies = []

MockHttpServletRequest:
      HTTP Method = GET
      Request URI = /v1/profile
       Parameters = {}
          Headers = [Authorization:"Bearer eyJraWQiOiJKR2U3VHBLalVQZmNlWFJBdjZ3a2FERndXV3ZDR18tVjY3SFNyb2NhRU04IiwidHlwIjoiSldUIiwiYWxnIjoiSFMyNTYifQ.eyJzdWIiOiJiOTY4YzdkZC04NzliLTQzMGMtYjU5Yy1hOWM3N2ExY2QwYzQiLCJndWVzdCI6dHJ1ZSwiZXhwIjoxNzg5MTIzMTc2LCJpYXQiOjE3ODkxMjIyNzYsImp0aSI6ImU1NTk3ZTA2LWIxMzItNDA5NS04M2VjLTlkYTc2YTMyMjg5MSJ9.f9CC5WRq6kOu4TG6kGU9CrqPG17IlCMXFDNk8hfJHhM"]
             Body = null
    Session Attrs = {}

Handler:
             Type = org.springframework.web.servlet.resource.ResourceHttpRequestHandler

Async:
    Async started = false
     Async result = null

Resolved Exception:
             Type = org.springframework.web.servlet.resource.NoResourceFoundException

ModelAndView:
        View name = null
             View = null
            Model = null

FlashMap:
       Attributes = null

MockHttpServletResponse:
           Status = 404
    Error message = No static resource v1/profile.
          Headers = [X-Content-Type-Options:"nosniff", X-XSS-Protection:"0", Cache-Control:"no-cache, no-store, max-age=0, must-revalidate", Pragma:"no-cache", Expires:"0", X-Frame-Options:"DENY"]
     Content type = null
             Body = 
    Forwarded URL = null
   Redirected URL = null
          Cookies = []

MockHttpServletRequest:
      HTTP Method = POST
      Request URI = /v1/identity/guest
       Parameters = {}
          Headers = [Content-Type:"application/json;charset=UTF-8", Content-Length:"2"]
             Body = {}
    Session Attrs = {}

Handler:
             Type = com.nomadgames.identity.GuestController
           Method = com.nomadgames.identity.GuestController#createGuest(HttpServletRequest)

Async:
    Async started = false
     Async result = null

Resolved Exception:
             Type = null

ModelAndView:
        View name = null
             View = null
            Model = null

FlashMap:
       Attributes = null

MockHttpServletResponse:
           Status = 201
    Error message = null
          Headers = [Content-Type:"application/json", X-Content-Type-Options:"nosniff", X-XSS-Protection:"0", Cache-Control:"no-cache, no-store, max-age=0, must-revalidate", Pragma:"no-cache", Expires:"0", X-Frame-Options:"DENY"]
     Content type = application/json
             Body = {"playerId":"29d13cac-4be8-4fb3-91d8-03e457f2f1a5","accessToken":"eyJraWQiOiJKR2U3VHBLalVQZmNlWFJBdjZ3a2FERndXV3ZDR18tVjY3SFNyb2NhRU04IiwidHlwIjoiSldUIiwiYWxnIjoiSFMyNTYifQ.eyJzdWIiOiIyOWQxM2NhYy00YmU4LTRmYjMtOTFkOC0wM2U0NTdmMmYxYTUiLCJndWVzdCI6dHJ1ZSwiZXhwIjoxNzg5MTIzMTc2LCJpYXQiOjE3ODkxMjIyNzYsImp0aSI6IjE5MDcwNTQ2LTBkNDctNDViNC1iYWEwLTdlMDg4NTAyNGM0ZSJ9.wx9I-lBtHISWyqCifvo9WKPI9JASFPZ5KUXWXvbGEiE","refreshToken":"zUr-goHQrCLBS3G7O-fuE4PRHyt1M8dAe2z7JWEegYQ","guest":true}
    Forwarded URL = null
   Redirected URL = null
          Cookies = []

MockHttpServletRequest:
      HTTP Method = GET
      Request URI = /v1/profile
       Parameters = {}
          Headers = [Authorization:"Bearer eyJraWQiOiJKR2U3VHBLalVQZmNlWFJBdjZ3a2FERndXV3ZDR18tVjY3SFNyb2NhRU04IiwidHlwIjoiSldUIiwiYWxnIjoiSFMyNTYifQ.eyJzdWIiOiIyOWQxM2NhYy00YmU4LTRmYjMtOTFkOC0wM2U0NTdmMmYxYTUiLCJndWVzdCI6dHJ1ZSwiZXhwIjoxNzg5MTIzMTc2LCJpYXQiOjE3ODkxMjIyNzYsImp0aSI6IjE5MDcwNTQ2LTBkNDctNDViNC1iYWEwLTdlMDg4NTAyNGM0ZSJ9.wx9I-lBtHISWyqCifvo9WKPI9JASFPZ5KUXWXvbGEiE"]
             Body = null
    Session Attrs = {}

Handler:
             Type = org.springframework.web.servlet.resource.ResourceHttpRequestHandler

Async:
    Async started = false
     Async result = null

Resolved Exception:
             Type = org.springframework.web.servlet.resource.NoResourceFoundException

ModelAndView:
        View name = null
             View = null
            Model = null

FlashMap:
       Attributes = null

MockHttpServletResponse:
           Status = 404
    Error message = No static resource v1/profile.
          Headers = [X-Content-Type-Options:"nosniff", X-XSS-Protection:"0", Cache-Control:"no-cache, no-store, max-age=0, must-revalidate", Pragma:"no-cache", Expires:"0", X-Frame-Options:"DENY"]
     Content type = null
             Body = 
    Forwarded URL = null
   Redirected URL = null
          Cookies = []

MockHttpServletRequest:
      HTTP Method = POST
      Request URI = /v1/identity/guest
       Parameters = {}
          Headers = [Content-Type:"application/json;charset=UTF-8", Content-Length:"2"]
             Body = {}
    Session Attrs = {}

Handler:
             Type = com.nomadgames.identity.GuestController
           Method = com.nomadgames.identity.GuestController#createGuest(HttpServletRequest)

Async:
    Async started = false
     Async result = null

Resolved Exception:
             Type = null

ModelAndView:
        View name = null
             View = null
            Model = null

FlashMap:
       Attributes = null

MockHttpServletResponse:
           Status = 201
    Error message = null
          Headers = [Content-Type:"application/json", X-Content-Type-Options:"nosniff", X-XSS-Protection:"0", Cache-Control:"no-cache, no-store, max-age=0, must-revalidate", Pragma:"no-cache", Expires:"0", X-Frame-Options:"DENY"]
     Content type = application/json
             Body = {"playerId":"af8c0491-5cbc-4055-aabd-6702be8c1196","accessToken":"eyJraWQiOiJKR2U3VHBLalVQZmNlWFJBdjZ3a2FERndXV3ZDR18tVjY3SFNyb2NhRU04IiwidHlwIjoiSldUIiwiYWxnIjoiSFMyNTYifQ.eyJzdWIiOiJhZjhjMDQ5MS01Y2JjLTQwNTUtYWFiZC02NzAyYmU4YzExOTYiLCJndWVzdCI6dHJ1ZSwiZXhwIjoxNzg5MTIzMTc2LCJpYXQiOjE3ODkxMjIyNzYsImp0aSI6ImIxODM3NWJlLWY3YzgtNDI4Ny05ODVjLTgyYWU0NWM5ZmJmZiJ9.E6YoQsTOOV2LAR0UiWdmQ4CTkF7dkW-7RSaSXYK8t-E","refreshToken":"t_aTmb7oYTdxU3Yar0oovAj4ZdKeqgiF8NnnN4ycNRw","guest":true}
    Forwarded URL = null
   Redirected URL = null
          Cookies = []

MockHttpServletRequest:
      HTTP Method = POST
      Request URI = /v1/identity/guest
       Parameters = {}
          Headers = [Content-Type:"application/json;charset=UTF-8", Content-Length:"2"]
             Body = {}
    Session Attrs = {}

Handler:
             Type = com.nomadgames.identity.GuestController
           Method = com.nomadgames.identity.GuestController#createGuest(HttpServletRequest)

Async:
    Async started = false
     Async result = null

Resolved Exception:
             Type = null

ModelAndView:
        View name = null
             View = null
            Model = null

FlashMap:
       Attributes = null

MockHttpServletResponse:
           Status = 201
    Error message = null
          Headers = [Content-Type:"application/json", X-Content-Type-Options:"nosniff", X-XSS-Protection:"0", Cache-Control:"no-cache, no-store, max-age=0, must-revalidate", Pragma:"no-cache", Expires:"0", X-Frame-Options:"DENY"]
     Content type = application/json
             Body = {"playerId":"62ce3514-19a1-47b1-aa79-c7289520b3d3","accessToken":"eyJraWQiOiJKR2U3VHBLalVQZmNlWFJBdjZ3a2FERndXV3ZDR18tVjY3SFNyb2NhRU04IiwidHlwIjoiSldUIiwiYWxnIjoiSFMyNTYifQ.eyJzdWIiOiI2MmNlMzUxNC0xOWExLTQ3YjEtYWE3OS1jNzI4OTUyMGIzZDMiLCJndWVzdCI6dHJ1ZSwiZXhwIjoxNzg5MTIzMTc2LCJpYXQiOjE3ODkxMjIyNzYsImp0aSI6ImVmNTMxMDIzLWRmZjItNDU1ZS1hNzU3LTg2ZDdjZmM0Y2NiZSJ9.Y61ZoB9HBWI81NsngKvWwR9TwECtkwswANWkiUzTGeI","refreshToken":"pQe5vwV7dQH8nc48tJbwAhwNN1880sdnx9jP59tEt_I","guest":true}
    Forwarded URL = null
   Redirected URL = null
          Cookies = []

MockHttpServletRequest:
      HTTP Method = GET
      Request URI = /v1/profile
       Parameters = {}
          Headers = [Authorization:"Bearer eyJraWQiOiJKR2U3VHBLalVQZmNlWFJBdjZ3a2FERndXV3ZDR18tVjY3SFNyb2NhRU04IiwidHlwIjoiSldUIiwiYWxnIjoiSFMyNTYifQ.eyJzdWIiOiJhZjhjMDQ5MS01Y2JjLTQwNTUtYWFiZC02NzAyYmU4YzExOTYiLCJndWVzdCI6dHJ1ZSwiZXhwIjoxNzg5MTIzMTc2LCJpYXQiOjE3ODkxMjIyNzYsImp0aSI6ImIxODM3NWJlLWY3YzgtNDI4Ny05ODVjLTgyYWU0NWM5ZmJmZiJ9.E6YoQsTOOV2LAR0UiWdmQ4CTkF7dkW-7RSaSXYK8t-E"]
             Body = null
    Session Attrs = {}

Handler:
             Type = org.springframework.web.servlet.resource.ResourceHttpRequestHandler

Async:
    Async started = false
     Async result = null

Resolved Exception:
             Type = org.springframework.web.servlet.resource.NoResourceFoundException

ModelAndView:
        View name = null
             View = null
            Model = null

FlashMap:
       Attributes = null

MockHttpServletResponse:
           Status = 404
    Error message = No static resource v1/profile.
          Headers = [X-Content-Type-Options:"nosniff", X-XSS-Protection:"0", Cache-Control:"no-cache, no-store, max-age=0, must-revalidate", Pragma:"no-cache", Expires:"0", X-Frame-Options:"DENY"]
     Content type = null
             Body = 
    Forwarded URL = null
   Redirected URL = null
          Cookies = []
[ERROR] Tests run: 5, Failures: 5, Errors: 0, Skipped: 0, Time elapsed: 33.32 s <<< FAILURE! -- in com.nomadgames.profile.ProfileIT
[ERROR] com.nomadgames.profile.ProfileIT.putAvatarAllowList -- Time elapsed: 0.060 s <<< FAILURE!
java.lang.AssertionError: Status expected:<200> but was:<404>
	at org.springframework.test.util.AssertionErrors.fail(AssertionErrors.java:62)
	at org.springframework.test.util.AssertionErrors.assertEquals(AssertionErrors.java:129)
	at org.springframework.test.web.servlet.result.StatusResultMatchers.lambda$matcher$0(StatusResultMatchers.java:600)
	at org.springframework.test.web.servlet.MockMvc$1.andExpect(MockMvc.java:212)
	at com.nomadgames.profile.ProfileIT.putAvatarAllowList(ProfileIT.java:91)

[ERROR] com.nomadgames.profile.ProfileIT.eloUpdatesOnCasualSettleOnly -- Time elapsed: 0.084 s <<< FAILURE!
java.lang.AssertionError: Status expected:<200> but was:<404>
	at org.springframework.test.util.AssertionErrors.fail(AssertionErrors.java:62)
	at org.springframework.test.util.AssertionErrors.assertEquals(AssertionErrors.java:129)
	at org.springframework.test.web.servlet.result.StatusResultMatchers.lambda$matcher$0(StatusResultMatchers.java:600)
	at org.springframework.test.web.servlet.MockMvc$1.andExpect(MockMvc.java:212)
	at com.nomadgames.profile.ProfileIT.eloUpdatesOnCasualSettleOnly(ProfileIT.java:131)

[ERROR] com.nomadgames.profile.ProfileIT.xpIncrementsOnBotSettleRatingUnchanged -- Time elapsed: 0.252 s <<< FAILURE!
java.lang.AssertionError: Status expected:<200> but was:<404>
	at org.springframework.test.util.AssertionErrors.fail(AssertionErrors.java:62)
	at org.springframework.test.util.AssertionErrors.assertEquals(AssertionErrors.java:129)
	at org.springframework.test.web.servlet.result.StatusResultMatchers.lambda$matcher$0(StatusResultMatchers.java:600)
	at org.springframework.test.web.servlet.MockMvc$1.andExpect(MockMvc.java:212)
	at com.nomadgames.profile.ProfileIT.xpIncrementsOnBotSettleRatingUnchanged(ProfileIT.java:117)

[ERROR] com.nomadgames.profile.ProfileIT.profileReturnsGuestDefaults -- Time elapsed: 0.039 s <<< FAILURE!
java.lang.AssertionError: Status expected:<200> but was:<404>
	at org.springframework.test.util.AssertionErrors.fail(AssertionErrors.java:62)
	at org.springframework.test.util.AssertionErrors.assertEquals(AssertionErrors.java:129)
	at org.springframework.test.web.servlet.result.StatusResultMatchers.lambda$matcher$0(StatusResultMatchers.java:600)
	at org.springframework.test.web.servlet.MockMvc$1.andExpect(MockMvc.java:212)
	at com.nomadgames.profile.ProfileIT.profileReturnsGuestDefaults(ProfileIT.java:70)

[ERROR] com.nomadgames.profile.ProfileIT.profileSelfOnly -- Time elapsed: 0.069 s <<< FAILURE!
java.lang.AssertionError: Status expected:<200> but was:<404>
	at org.springframework.test.util.AssertionErrors.fail(AssertionErrors.java:62)
	at org.springframework.test.util.AssertionErrors.assertEquals(AssertionErrors.java:129)
	at org.springframework.test.web.servlet.result.StatusResultMatchers.lambda$matcher$0(StatusResultMatchers.java:600)
	at org.springframework.test.web.servlet.MockMvc$1.andExpect(MockMvc.java:212)
	at com.nomadgames.profile.ProfileIT.profileSelfOnly(ProfileIT.java:173)

[INFO] Running com.nomadgames.session.CasualRematchIT
2026-09-11T15:24:36.816+05:00  INFO 29372 --- [nomad-games] [           main] tc.postgres:18                           : Creating container for image: postgres:18
2026-09-11T15:24:36.892+05:00  WARN 29372 --- [nomad-games] [   scheduling-1] com.zaxxer.hikari.pool.ProxyConnection   : HikariPool-2 - Connection org.postgresql.jdbc.PgConnection@88d9da0 marked as broken because of SQLSTATE(08006), ErrorCode(0)

org.postgresql.util.PSQLException: Ошибка ввода/вывода при отправке бэкенду.
	at org.postgresql.core.v3.QueryExecutorImpl.execute(QueryExecutorImpl.java:474) ~[postgresql-42.7.13.jar:42.7.13]
	at org.postgresql.jdbc.PgStatement.executeInternal(PgStatement.java:533) ~[postgresql-42.7.13.jar:42.7.13]
	at org.postgresql.jdbc.PgStatement.execute(PgStatement.java:449) ~[postgresql-42.7.13.jar:42.7.13]
	at org.postgresql.jdbc.PgPreparedStatement.executeWithFlags(PgPreparedStatement.java:197) ~[postgresql-42.7.13.jar:42.7.13]
	at org.postgresql.jdbc.PgPreparedStatement.executeQuery(PgPreparedStatement.java:140) ~[postgresql-42.7.13.jar:42.7.13]
	at com.zaxxer.hikari.pool.ProxyPreparedStatement.executeQuery(ProxyPreparedStatement.java:52) ~[HikariCP-7.0.2.jar:na]
	at com.zaxxer.hikari.pool.HikariProxyPreparedStatement.executeQuery(HikariProxyPreparedStatement.java) ~[HikariCP-7.0.2.jar:na]
	at org.hibernate.sql.results.jdbc.internal.DeferredResultSetAccess.executeQuery(DeferredResultSetAccess.java:269) ~[hibernate-core-7.4.5.Final.jar:7.4.5.Final]
	at org.hibernate.sql.results.jdbc.internal.DeferredResultSetAccess.getResultSet(DeferredResultSetAccess.java:188) ~[hibernate-core-7.4.5.Final.jar:7.4.5.Final]
	at org.hibernate.sql.results.jdbc.internal.JdbcValuesResultSetImpl.<init>(JdbcValuesResultSetImpl.java:71) ~[hibernate-core-7.4.5.Final.jar:7.4.5.Final]
	at org.hibernate.sql.exec.internal.JdbcSelectExecutorStandardImpl.resolveJdbcValues(JdbcSelectExecutorStandardImpl.java:422) ~[hibernate-core-7.4.5.Final.jar:7.4.5.Final]
	at org.hibernate.sql.exec.internal.JdbcSelectExecutorStandardImpl.resolveJdbcValuesSource(JdbcSelectExecutorStandardImpl.java:349) ~[hibernate-core-7.4.5.Final.jar:7.4.5.Final]
	at org.hibernate.sql.exec.internal.JdbcSelectExecutorStandardImpl.doExecuteQuery(JdbcSelectExecutorStandardImpl.java:143) ~[hibernate-core-7.4.5.Final.jar:7.4.5.Final]
	at org.hibernate.sql.exec.internal.JdbcSelectExecutorStandardImpl.executeQuery(JdbcSelectExecutorStandardImpl.java:100) ~[hibernate-core-7.4.5.Final.jar:7.4.5.Final]
	at org.hibernate.sql.exec.spi.JdbcSelectExecutor.executeQuery(JdbcSelectExecutor.java:63) ~[hibernate-core-7.4.5.Final.jar:7.4.5.Final]
	at org.hibernate.sql.exec.spi.JdbcSelectExecutor.list(JdbcSelectExecutor.java:137) ~[hibernate-core-7.4.5.Final.jar:7.4.5.Final]
	at org.hibernate.query.sqm.internal.ConcreteSqmSelectQueryPlan.lambda$new$1(ConcreteSqmSelectQueryPlan.java:136) ~[hibernate-core-7.4.5.Final.jar:7.4.5.Final]
	at org.hibernate.query.sqm.internal.ConcreteSqmSelectQueryPlan.withCacheableSqmInterpretation(ConcreteSqmSelectQueryPlan.java:484) ~[hibernate-core-7.4.5.Final.jar:7.4.5.Final]
	at org.hibernate.query.sqm.internal.ConcreteSqmSelectQueryPlan.performList(ConcreteSqmSelectQueryPlan.java:411) ~[hibernate-core-7.4.5.Final.jar:7.4.5.Final]
	at org.hibernate.query.sqm.internal.SqmQueryImpl.doList(SqmQueryImpl.java:379) ~[hibernate-core-7.4.5.Final.jar:7.4.5.Final]
	at org.hibernate.query.spi.AbstractSelectionQuery.list(AbstractSelectionQuery.java:153) ~[hibernate-core-7.4.5.Final.jar:7.4.5.Final]
	at org.hibernate.query.Query.getResultList(Query.java:121) ~[hibernate-core-7.4.5.Final.jar:7.4.5.Final]
	at org.springframework.data.jpa.repository.query.JpaQueryExecution$CollectionExecution.doExecute(JpaQueryExecution.java:141) ~[spring-data-jpa-4.1.1.jar:4.1.1]
	at org.springframework.data.jpa.repository.query.JpaQueryExecution.execute(JpaQueryExecution.java:100) ~[spring-data-jpa-4.1.1.jar:4.1.1]
	at org.springframework.data.jpa.repository.query.AbstractJpaQuery.doExecute(AbstractJpaQuery.java:166) ~[spring-data-jpa-4.1.1.jar:4.1.1]
	at org.springframework.data.jpa.repository.query.AbstractJpaQuery.execute(AbstractJpaQuery.java:156) ~[spring-data-jpa-4.1.1.jar:4.1.1]
	at org.springframework.data.repository.core.support.RepositoryMethodInvoker.doInvoke(RepositoryMethodInvoker.java:169) ~[spring-data-commons-4.1.1.jar:4.1.1]
	at org.springframework.data.repository.core.support.RepositoryMethodInvoker.invoke(RepositoryMethodInvoker.java:158) ~[spring-data-commons-4.1.1.jar:4.1.1]
	at org.springframework.data.repository.core.support.QueryExecutorMethodInterceptor.doInvoke(QueryExecutorMethodInterceptor.java:167) ~[spring-data-commons-4.1.1.jar:4.1.1]
	at org.springframework.data.repository.core.support.QueryExecutorMethodInterceptor.invoke(QueryExecutorMethodInterceptor.java:146) ~[spring-data-commons-4.1.1.jar:4.1.1]
	at org.springframework.aop.framework.ReflectiveMethodInvocation.proceed(ReflectiveMethodInvocation.java:179) ~[spring-aop-7.0.9.jar:7.0.9]
	at org.springframework.data.projection.DefaultMethodInvokingMethodInterceptor.invoke(DefaultMethodInvokingMethodInterceptor.java:69) ~[spring-data-commons-4.1.1.jar:4.1.1]
	at org.springframework.aop.framework.ReflectiveMethodInvocation.proceed(ReflectiveMethodInvocation.java:179) ~[spring-aop-7.0.9.jar:7.0.9]
	at org.springframework.transaction.interceptor.TransactionInterceptor$1.proceedWithInvocation(TransactionInterceptor.java:133) ~[spring-tx-7.0.9.jar:7.0.9]
	at org.springframework.transaction.interceptor.TransactionAspectSupport.invokeWithinTransaction(TransactionAspectSupport.java:371) ~[spring-tx-7.0.9.jar:7.0.9]
	at org.springframework.transaction.interceptor.TransactionInterceptor.invoke(TransactionInterceptor.java:130) ~[spring-tx-7.0.9.jar:7.0.9]
	at org.springframework.aop.framework.ReflectiveMethodInvocation.proceed(ReflectiveMethodInvocation.java:179) ~[spring-aop-7.0.9.jar:7.0.9]
	at org.springframework.dao.support.PersistenceExceptionTranslationInterceptor.invoke(PersistenceExceptionTranslationInterceptor.java:135) ~[spring-tx-7.0.9.jar:7.0.9]
	at org.springframework.aop.framework.ReflectiveMethodInvocation.proceed(ReflectiveMethodInvocation.java:179) ~[spring-aop-7.0.9.jar:7.0.9]
	at org.springframework.data.jpa.repository.support.CrudMethodMetadataPostProcessor$CrudMethodMetadataPopulatingMethodInterceptor.invoke(CrudMethodMetadataPostProcessor.java:137) ~[spring-data-jpa-4.1.1.jar:4.1.1]
	at org.springframework.aop.framework.ReflectiveMethodInvocation.proceed(ReflectiveMethodInvocation.java:179) ~[spring-aop-7.0.9.jar:7.0.9]
	at org.springframework.aop.framework.JdkDynamicAopProxy.invoke(JdkDynamicAopProxy.java:222) ~[spring-aop-7.0.9.jar:7.0.9]
	at jdk.proxy2/jdk.proxy2.$Proxy199.findByStatusAndIdleExpiresAtBefore(Unknown Source) ~[na:na]
	at com.nomadgames.matchmaking.RoomService.lambda$closeExpiredLobbies$7(RoomService.java:151) ~[classes/:na]
	at org.springframework.transaction.support.TransactionTemplate.execute(TransactionTemplate.java:137) ~[spring-tx-7.0.9.jar:7.0.9]
	at com.nomadgames.matchmaking.RoomService.closeExpiredLobbies(RoomService.java:150) ~[classes/:na]
	at java.base/jdk.internal.reflect.DirectMethodHandleAccessor.invoke(DirectMethodHandleAccessor.java:103) ~[na:na]
	at java.base/java.lang.reflect.Method.invoke(Method.java:580) ~[na:na]
	at org.springframework.scheduling.support.ScheduledMethodRunnable.runInternal(ScheduledMethodRunnable.java:128) ~[spring-context-7.0.9.jar:7.0.9]
	at org.springframework.scheduling.support.ScheduledMethodRunnable.lambda$run$1(ScheduledMethodRunnable.java:122) ~[spring-context-7.0.9.jar:7.0.9]
	at io.micrometer.observation.Observation.observe(Observation.java:569) ~[micrometer-observation-1.17.1.jar:1.17.1]
	at org.springframework.scheduling.support.ScheduledMethodRunnable.run(ScheduledMethodRunnable.java:122) ~[spring-context-7.0.9.jar:7.0.9]
	at org.springframework.scheduling.config.Task$OutcomeTrackingRunnable.run(Task.java:88) ~[spring-context-7.0.9.jar:7.0.9]
	at org.springframework.scheduling.support.DelegatingErrorHandlingRunnable.run(DelegatingErrorHandlingRunnable.java:54) ~[spring-context-7.0.9.jar:7.0.9]
	at java.base/java.util.concurrent.Executors$RunnableAdapter.call(Executors.java:572) ~[na:na]
	at java.base/java.util.concurrent.FutureTask.runAndReset(FutureTask.java:358) ~[na:na]
	at java.base/java.util.concurrent.ScheduledThreadPoolExecutor$ScheduledFutureTask.run(ScheduledThreadPoolExecutor.java:305) ~[na:na]
	at java.base/java.util.concurrent.ThreadPoolExecutor.runWorker(ThreadPoolExecutor.java:1144) ~[na:na]
	at java.base/java.util.concurrent.ThreadPoolExecutor$Worker.run(ThreadPoolExecutor.java:642) ~[na:na]
	at java.base/java.lang.Thread.run(Thread.java:1583) ~[na:na]
Caused by: java.net.SocketException: Программа на вашем хост-компьютере разорвала установленное подключение
	at java.base/sun.nio.ch.SocketDispatcher.read0(Native Method) ~[na:na]
	at java.base/sun.nio.ch.SocketDispatcher.read(SocketDispatcher.java:47) ~[na:na]
	at java.base/sun.nio.ch.NioSocketImpl.tryRead(NioSocketImpl.java:256) ~[na:na]
	at java.base/sun.nio.ch.NioSocketImpl.implRead(NioSocketImpl.java:307) ~[na:na]
	at java.base/sun.nio.ch.NioSocketImpl.read(NioSocketImpl.java:346) ~[na:na]
	at java.base/sun.nio.ch.NioSocketImpl$1.read(NioSocketImpl.java:796) ~[na:na]
	at java.base/java.net.Socket$SocketInputStream.read(Socket.java:1099) ~[na:na]
	at org.postgresql.core.VisibleBufferedInputStream.readMore(VisibleBufferedInputStream.java:192) ~[postgresql-42.7.13.jar:42.7.13]
	at org.postgresql.core.VisibleBufferedInputStream.ensureBytes(VisibleBufferedInputStream.java:159) ~[postgresql-42.7.13.jar:42.7.13]
	at org.postgresql.core.VisibleBufferedInputStream.ensureBytes(VisibleBufferedInputStream.java:144) ~[postgresql-42.7.13.jar:42.7.13]
	at org.postgresql.core.VisibleBufferedInputStream.read(VisibleBufferedInputStream.java:76) ~[postgresql-42.7.13.jar:42.7.13]
	at org.postgresql.core.PGStream.receiveChar(PGStream.java:480) ~[postgresql-42.7.13.jar:42.7.13]
	at org.postgresql.core.v3.QueryExecutorImpl.processResults(QueryExecutorImpl.java:2383) ~[postgresql-42.7.13.jar:42.7.13]
	at org.postgresql.core.v3.QueryExecutorImpl.execute(QueryExecutorImpl.java:446) ~[postgresql-42.7.13.jar:42.7.13]
	... 59 common frames omitted

2026-09-11T15:24:36.895+05:00  WARN 29372 --- [nomad-games] [   scheduling-1] org.hibernate.orm.jdbc.error             : HHH000247: ErrorCode: 0, SQLState: 08006
2026-09-11T15:24:36.895+05:00  WARN 29372 --- [nomad-games] [   scheduling-1] org.hibernate.orm.jdbc.error             : Ошибка ввода/вывода при отправке бэкенду.
2026-09-11T15:24:36.897+05:00 ERROR 29372 --- [nomad-games] [   scheduling-1] o.s.t.support.TransactionTemplate        : Application exception overridden by rollback exception

org.springframework.dao.DataAccessResourceFailureException: JDBC exception executing SQL [Ошибка ввода/вывода при отправке бэкенду.] [select re1_0.id,re1_0.code,re1_0.created_at,re1_0.host_id,re1_0.host_ready,re1_0.idle_expires_at,re1_0.joiner_id,re1_0.joiner_ready,re1_0.match_id,re1_0.status,re1_0.version from rooms re1_0 where re1_0.status=? and re1_0.idle_expires_at<?]
	at org.springframework.orm.jpa.hibernate.HibernateExceptionTranslator.convertHibernateAccessException(HibernateExceptionTranslator.java:153) ~[spring-orm-7.0.9.jar:7.0.9]
	at org.springframework.orm.jpa.hibernate.HibernateExceptionTranslator.convertHibernateAccessException(HibernateExceptionTranslator.java:131) ~[spring-orm-7.0.9.jar:7.0.9]
	at org.springframework.orm.jpa.hibernate.HibernateExceptionTranslator.translateExceptionIfPossible(HibernateExceptionTranslator.java:105) ~[spring-orm-7.0.9.jar:7.0.9]
	at org.springframework.orm.jpa.vendor.HibernateJpaDialect.translateExceptionIfPossible(HibernateJpaDialect.java:223) ~[spring-orm-7.0.9.jar:7.0.9]
	at org.springframework.orm.jpa.AbstractEntityManagerFactoryBean.translateExceptionIfPossible(AbstractEntityManagerFactoryBean.java:577) ~[spring-orm-7.0.9.jar:7.0.9]
	at org.springframework.dao.support.ChainedPersistenceExceptionTranslator.translateExceptionIfPossible(ChainedPersistenceExceptionTranslator.java:61) ~[spring-tx-7.0.9.jar:7.0.9]
	at org.springframework.dao.support.DataAccessUtils.translateIfNecessary(DataAccessUtils.java:346) ~[spring-tx-7.0.9.jar:7.0.9]
	at org.springframework.dao.support.PersistenceExceptionTranslationInterceptor.invoke(PersistenceExceptionTranslationInterceptor.java:157) ~[spring-tx-7.0.9.jar:7.0.9]
	at org.springframework.aop.framework.ReflectiveMethodInvocation.proceed(ReflectiveMethodInvocation.java:179) ~[spring-aop-7.0.9.jar:7.0.9]
	at org.springframework.data.jpa.repository.support.CrudMethodMetadataPostProcessor$CrudMethodMetadataPopulatingMethodInterceptor.invoke(CrudMethodMetadataPostProcessor.java:137) ~[spring-data-jpa-4.1.1.jar:4.1.1]
	at org.springframework.aop.framework.ReflectiveMethodInvocation.proceed(ReflectiveMethodInvocation.java:179) ~[spring-aop-7.0.9.jar:7.0.9]
	at org.springframework.aop.framework.JdkDynamicAopProxy.invoke(JdkDynamicAopProxy.java:222) ~[spring-aop-7.0.9.jar:7.0.9]
	at jdk.proxy2/jdk.proxy2.$Proxy199.findByStatusAndIdleExpiresAtBefore(Unknown Source) ~[na:na]
	at com.nomadgames.matchmaking.RoomService.lambda$closeExpiredLobbies$7(RoomService.java:151) ~[classes/:na]
	at org.springframework.transaction.support.TransactionTemplate.execute(TransactionTemplate.java:137) ~[spring-tx-7.0.9.jar:7.0.9]
	at com.nomadgames.matchmaking.RoomService.closeExpiredLobbies(RoomService.java:150) ~[classes/:na]
	at java.base/jdk.internal.reflect.DirectMethodHandleAccessor.invoke(DirectMethodHandleAccessor.java:103) ~[na:na]
	at java.base/java.lang.reflect.Method.invoke(Method.java:580) ~[na:na]
	at org.springframework.scheduling.support.ScheduledMethodRunnable.runInternal(ScheduledMethodRunnable.java:128) ~[spring-context-7.0.9.jar:7.0.9]
	at org.springframework.scheduling.support.ScheduledMethodRunnable.lambda$run$1(ScheduledMethodRunnable.java:122) ~[spring-context-7.0.9.jar:7.0.9]
	at io.micrometer.observation.Observation.observe(Observation.java:569) ~[micrometer-observation-1.17.1.jar:1.17.1]
	at org.springframework.scheduling.support.ScheduledMethodRunnable.run(ScheduledMethodRunnable.java:122) ~[spring-context-7.0.9.jar:7.0.9]
	at org.springframework.scheduling.config.Task$OutcomeTrackingRunnable.run(Task.java:88) ~[spring-context-7.0.9.jar:7.0.9]
	at org.springframework.scheduling.support.DelegatingErrorHandlingRunnable.run(DelegatingErrorHandlingRunnable.java:54) ~[spring-context-7.0.9.jar:7.0.9]
	at java.base/java.util.concurrent.Executors$RunnableAdapter.call(Executors.java:572) ~[na:na]
	at java.base/java.util.concurrent.FutureTask.runAndReset(FutureTask.java:358) ~[na:na]
	at java.base/java.util.concurrent.ScheduledThreadPoolExecutor$ScheduledFutureTask.run(ScheduledThreadPoolExecutor.java:305) ~[na:na]
	at java.base/java.util.concurrent.ThreadPoolExecutor.runWorker(ThreadPoolExecutor.java:1144) ~[na:na]
	at java.base/java.util.concurrent.ThreadPoolExecutor$Worker.run(ThreadPoolExecutor.java:642) ~[na:na]
	at java.base/java.lang.Thread.run(Thread.java:1583) ~[na:na]
Caused by: org.hibernate.exception.JDBCConnectionException: JDBC exception executing SQL [Ошибка ввода/вывода при отправке бэкенду.] [select re1_0.id,re1_0.code,re1_0.created_at,re1_0.host_id,re1_0.host_ready,re1_0.idle_expires_at,re1_0.joiner_id,re1_0.joiner_ready,re1_0.match_id,re1_0.status,re1_0.version from rooms re1_0 where re1_0.status=? and re1_0.idle_expires_at<?]
	at org.hibernate.exception.internal.SQLStateConversionDelegate.convert(SQLStateConversionDelegate.java:80) ~[hibernate-core-7.4.5.Final.jar:7.4.5.Final]
	at org.hibernate.exception.internal.StandardSQLExceptionConverter.convert(StandardSQLExceptionConverter.java:34) ~[hibernate-core-7.4.5.Final.jar:7.4.5.Final]
	at org.hibernate.engine.jdbc.spi.SqlExceptionHelper.convert(SqlExceptionHelper.java:115) ~[hibernate-core-7.4.5.Final.jar:7.4.5.Final]
	at org.hibernate.sql.results.jdbc.internal.DeferredResultSetAccess.executeQuery(DeferredResultSetAccess.java:292) ~[hibernate-core-7.4.5.Final.jar:7.4.5.Final]
	at org.hibernate.sql.results.jdbc.internal.DeferredResultSetAccess.getResultSet(DeferredResultSetAccess.java:188) ~[hibernate-core-7.4.5.Final.jar:7.4.5.Final]
	at org.hibernate.sql.results.jdbc.internal.JdbcValuesResultSetImpl.<init>(JdbcValuesResultSetImpl.java:71) ~[hibernate-core-7.4.5.Final.jar:7.4.5.Final]
	at org.hibernate.sql.exec.internal.JdbcSelectExecutorStandardImpl.resolveJdbcValues(JdbcSelectExecutorStandardImpl.java:422) ~[hibernate-core-7.4.5.Final.jar:7.4.5.Final]
	at org.hibernate.sql.exec.internal.JdbcSelectExecutorStandardImpl.resolveJdbcValuesSource(JdbcSelectExecutorStandardImpl.java:349) ~[hibernate-core-7.4.5.Final.jar:7.4.5.Final]
	at org.hibernate.sql.exec.internal.JdbcSelectExecutorStandardImpl.doExecuteQuery(JdbcSelectExecutorStandardImpl.java:143) ~[hibernate-core-7.4.5.Final.jar:7.4.5.Final]
	at org.hibernate.sql.exec.internal.JdbcSelectExecutorStandardImpl.executeQuery(JdbcSelectExecutorStandardImpl.java:100) ~[hibernate-core-7.4.5.Final.jar:7.4.5.Final]
	at org.hibernate.sql.exec.spi.JdbcSelectExecutor.executeQuery(JdbcSelectExecutor.java:63) ~[hibernate-core-7.4.5.Final.jar:7.4.5.Final]
	at org.hibernate.sql.exec.spi.JdbcSelectExecutor.list(JdbcSelectExecutor.java:137) ~[hibernate-core-7.4.5.Final.jar:7.4.5.Final]
	at org.hibernate.query.sqm.internal.ConcreteSqmSelectQueryPlan.lambda$new$1(ConcreteSqmSelectQueryPlan.java:136) ~[hibernate-core-7.4.5.Final.jar:7.4.5.Final]
	at org.hibernate.query.sqm.internal.ConcreteSqmSelectQueryPlan.withCacheableSqmInterpretation(ConcreteSqmSelectQueryPlan.java:484) ~[hibernate-core-7.4.5.Final.jar:7.4.5.Final]
	at org.hibernate.query.sqm.internal.ConcreteSqmSelectQueryPlan.performList(ConcreteSqmSelectQueryPlan.java:411) ~[hibernate-core-7.4.5.Final.jar:7.4.5.Final]
	at org.hibernate.query.sqm.internal.SqmQueryImpl.doList(SqmQueryImpl.java:379) ~[hibernate-core-7.4.5.Final.jar:7.4.5.Final]
	at org.hibernate.query.spi.AbstractSelectionQuery.list(AbstractSelectionQuery.java:153) ~[hibernate-core-7.4.5.Final.jar:7.4.5.Final]
	at org.hibernate.query.Query.getResultList(Query.java:121) ~[hibernate-core-7.4.5.Final.jar:7.4.5.Final]
	at org.springframework.data.jpa.repository.query.JpaQueryExecution$CollectionExecution.doExecute(JpaQueryExecution.java:141) ~[spring-data-jpa-4.1.1.jar:4.1.1]
	at org.springframework.data.jpa.repository.query.JpaQueryExecution.execute(JpaQueryExecution.java:100) ~[spring-data-jpa-4.1.1.jar:4.1.1]
	at org.springframework.data.jpa.repository.query.AbstractJpaQuery.doExecute(AbstractJpaQuery.java:166) ~[spring-data-jpa-4.1.1.jar:4.1.1]
	at org.springframework.data.jpa.repository.query.AbstractJpaQuery.execute(AbstractJpaQuery.java:156) ~[spring-data-jpa-4.1.1.jar:4.1.1]
	at org.springframework.data.repository.core.support.RepositoryMethodInvoker.doInvoke(RepositoryMethodInvoker.java:169) ~[spring-data-commons-4.1.1.jar:4.1.1]
	at org.springframework.data.repository.core.support.RepositoryMethodInvoker.invoke(RepositoryMethodInvoker.java:158) ~[spring-data-commons-4.1.1.jar:4.1.1]
	at org.springframework.data.repository.core.support.QueryExecutorMethodInterceptor.doInvoke(QueryExecutorMethodInterceptor.java:167) ~[spring-data-commons-4.1.1.jar:4.1.1]
	at org.springframework.data.repository.core.support.QueryExecutorMethodInterceptor.invoke(QueryExecutorMethodInterceptor.java:146) ~[spring-data-commons-4.1.1.jar:4.1.1]
	at org.springframework.aop.framework.ReflectiveMethodInvocation.proceed(ReflectiveMethodInvocation.java:179) ~[spring-aop-7.0.9.jar:7.0.9]
	at org.springframework.data.projection.DefaultMethodInvokingMethodInterceptor.invoke(DefaultMethodInvokingMethodInterceptor.java:69) ~[spring-data-commons-4.1.1.jar:4.1.1]
	at org.springframework.aop.framework.ReflectiveMethodInvocation.proceed(ReflectiveMethodInvocation.java:179) ~[spring-aop-7.0.9.jar:7.0.9]
	at org.springframework.transaction.interceptor.TransactionInterceptor$1.proceedWithInvocation(TransactionInterceptor.java:133) ~[spring-tx-7.0.9.jar:7.0.9]
	at org.springframework.transaction.interceptor.TransactionAspectSupport.invokeWithinTransaction(TransactionAspectSupport.java:371) ~[spring-tx-7.0.9.jar:7.0.9]
	at org.springframework.transaction.interceptor.TransactionInterceptor.invoke(TransactionInterceptor.java:130) ~[spring-tx-7.0.9.jar:7.0.9]
	at org.springframework.aop.framework.ReflectiveMethodInvocation.proceed(ReflectiveMethodInvocation.java:179) ~[spring-aop-7.0.9.jar:7.0.9]
	at org.springframework.dao.support.PersistenceExceptionTranslationInterceptor.invoke(PersistenceExceptionTranslationInterceptor.java:135) ~[spring-tx-7.0.9.jar:7.0.9]
	... 22 common frames omitted
Caused by: org.postgresql.util.PSQLException: Ошибка ввода/вывода при отправке бэкенду.
	at org.postgresql.core.v3.QueryExecutorImpl.execute(QueryExecutorImpl.java:474) ~[postgresql-42.7.13.jar:42.7.13]
	at org.postgresql.jdbc.PgStatement.executeInternal(PgStatement.java:533) ~[postgresql-42.7.13.jar:42.7.13]
	at org.postgresql.jdbc.PgStatement.execute(PgStatement.java:449) ~[postgresql-42.7.13.jar:42.7.13]
	at org.postgresql.jdbc.PgPreparedStatement.executeWithFlags(PgPreparedStatement.java:197) ~[postgresql-42.7.13.jar:42.7.13]
	at org.postgresql.jdbc.PgPreparedStatement.executeQuery(PgPreparedStatement.java:140) ~[postgresql-42.7.13.jar:42.7.13]
	at com.zaxxer.hikari.pool.ProxyPreparedStatement.executeQuery(ProxyPreparedStatement.java:52) ~[HikariCP-7.0.2.jar:na]
	at com.zaxxer.hikari.pool.HikariProxyPreparedStatement.executeQuery(HikariProxyPreparedStatement.java) ~[HikariCP-7.0.2.jar:na]
	at org.hibernate.sql.results.jdbc.internal.DeferredResultSetAccess.executeQuery(DeferredResultSetAccess.java:269) ~[hibernate-core-7.4.5.Final.jar:7.4.5.Final]
	... 52 common frames omitted
Caused by: java.net.SocketException: Программа на вашем хост-компьютере разорвала установленное подключение
	at java.base/sun.nio.ch.SocketDispatcher.read0(Native Method) ~[na:na]
	at java.base/sun.nio.ch.SocketDispatcher.read(SocketDispatcher.java:47) ~[na:na]
	at java.base/sun.nio.ch.NioSocketImpl.tryRead(NioSocketImpl.java:256) ~[na:na]
	at java.base/sun.nio.ch.NioSocketImpl.implRead(NioSocketImpl.java:307) ~[na:na]
	at java.base/sun.nio.ch.NioSocketImpl.read(NioSocketImpl.java:346) ~[na:na]
	at java.base/sun.nio.ch.NioSocketImpl$1.read(NioSocketImpl.java:796) ~[na:na]
	at java.base/java.net.Socket$SocketInputStream.read(Socket.java:1099) ~[na:na]
	at org.postgresql.core.VisibleBufferedInputStream.readMore(VisibleBufferedInputStream.java:192) ~[postgresql-42.7.13.jar:42.7.13]
	at org.postgresql.core.VisibleBufferedInputStream.ensureBytes(VisibleBufferedInputStream.java:159) ~[postgresql-42.7.13.jar:42.7.13]
	at org.postgresql.core.VisibleBufferedInputStream.ensureBytes(VisibleBufferedInputStream.java:144) ~[postgresql-42.7.13.jar:42.7.13]
	at org.postgresql.core.VisibleBufferedInputStream.read(VisibleBufferedInputStream.java:76) ~[postgresql-42.7.13.jar:42.7.13]
	at org.postgresql.core.PGStream.receiveChar(PGStream.java:480) ~[postgresql-42.7.13.jar:42.7.13]
	at org.postgresql.core.v3.QueryExecutorImpl.processResults(QueryExecutorImpl.java:2383) ~[postgresql-42.7.13.jar:42.7.13]
	at org.postgresql.core.v3.QueryExecutorImpl.execute(QueryExecutorImpl.java:446) ~[postgresql-42.7.13.jar:42.7.13]
	... 59 common frames omitted

2026-09-11T15:24:36.899+05:00 ERROR 29372 --- [nomad-games] [   scheduling-1] o.s.s.s.TaskUtils$LoggingErrorHandler    : Unexpected error occurred in scheduled task

org.springframework.orm.jpa.JpaSystemException: Unable to rollback against JDBC Connection
	at org.springframework.orm.jpa.hibernate.HibernateExceptionTranslator.convertHibernateAccessException(HibernateExceptionTranslator.java:223) ~[spring-orm-7.0.9.jar:7.0.9]
	at org.springframework.orm.jpa.hibernate.HibernateExceptionTranslator.convertHibernateAccessException(HibernateExceptionTranslator.java:131) ~[spring-orm-7.0.9.jar:7.0.9]
	at org.springframework.orm.jpa.hibernate.HibernateExceptionTranslator.translateExceptionIfPossible(HibernateExceptionTranslator.java:105) ~[spring-orm-7.0.9.jar:7.0.9]
	at org.springframework.orm.jpa.vendor.HibernateJpaDialect.translateExceptionIfPossible(HibernateJpaDialect.java:223) ~[spring-orm-7.0.9.jar:7.0.9]
	at org.springframework.orm.jpa.JpaTransactionManager.doRollback(JpaTransactionManager.java:583) ~[spring-orm-7.0.9.jar:7.0.9]
	at org.springframework.transaction.support.AbstractPlatformTransactionManager.processRollback(AbstractPlatformTransactionManager.java:896) ~[spring-tx-7.0.9.jar:7.0.9]
	at org.springframework.transaction.support.AbstractPlatformTransactionManager.rollback(AbstractPlatformTransactionManager.java:865) ~[spring-tx-7.0.9.jar:7.0.9]
	at org.springframework.transaction.support.TransactionTemplate.rollbackOnException(TransactionTemplate.java:165) ~[spring-tx-7.0.9.jar:7.0.9]
	at org.springframework.transaction.support.TransactionTemplate.execute(TransactionTemplate.java:141) ~[spring-tx-7.0.9.jar:7.0.9]
	at com.nomadgames.matchmaking.RoomService.closeExpiredLobbies(RoomService.java:150) ~[classes/:na]
	at java.base/jdk.internal.reflect.DirectMethodHandleAccessor.invoke(DirectMethodHandleAccessor.java:103) ~[na:na]
	at java.base/java.lang.reflect.Method.invoke(Method.java:580) ~[na:na]
	at org.springframework.scheduling.support.ScheduledMethodRunnable.runInternal(ScheduledMethodRunnable.java:128) ~[spring-context-7.0.9.jar:7.0.9]
	at org.springframework.scheduling.support.ScheduledMethodRunnable.lambda$run$1(ScheduledMethodRunnable.java:122) ~[spring-context-7.0.9.jar:7.0.9]
	at io.micrometer.observation.Observation.observe(Observation.java:569) ~[micrometer-observation-1.17.1.jar:1.17.1]
	at org.springframework.scheduling.support.ScheduledMethodRunnable.run(ScheduledMethodRunnable.java:122) ~[spring-context-7.0.9.jar:7.0.9]
	at org.springframework.scheduling.config.Task$OutcomeTrackingRunnable.run(Task.java:88) ~[spring-context-7.0.9.jar:7.0.9]
	at org.springframework.scheduling.support.DelegatingErrorHandlingRunnable.run(DelegatingErrorHandlingRunnable.java:54) ~[spring-context-7.0.9.jar:7.0.9]
	at java.base/java.util.concurrent.Executors$RunnableAdapter.call(Executors.java:572) ~[na:na]
	at java.base/java.util.concurrent.FutureTask.runAndReset(FutureTask.java:358) ~[na:na]
	at java.base/java.util.concurrent.ScheduledThreadPoolExecutor$ScheduledFutureTask.run(ScheduledThreadPoolExecutor.java:305) ~[na:na]
	at java.base/java.util.concurrent.ThreadPoolExecutor.runWorker(ThreadPoolExecutor.java:1144) ~[na:na]
	at java.base/java.util.concurrent.ThreadPoolExecutor$Worker.run(ThreadPoolExecutor.java:642) ~[na:na]
	at java.base/java.lang.Thread.run(Thread.java:1583) ~[na:na]
Caused by: org.hibernate.TransactionException: Unable to rollback against JDBC Connection
	at org.hibernate.resource.jdbc.internal.AbstractLogicalConnectionImplementor.rollback(AbstractLogicalConnectionImplementor.java:151) ~[hibernate-core-7.4.5.Final.jar:7.4.5.Final]
	at org.hibernate.resource.transaction.backend.jdbc.internal.JdbcResourceLocalTransactionCoordinatorImpl$TransactionDriverControlImpl.rollback(JdbcResourceLocalTransactionCoordinatorImpl.java:300) ~[hibernate-core-7.4.5.Final.jar:7.4.5.Final]
	at org.hibernate.engine.transaction.internal.TransactionImpl.rollback(TransactionImpl.java:123) ~[hibernate-core-7.4.5.Final.jar:7.4.5.Final]
	at org.springframework.orm.jpa.JpaTransactionManager.doRollback(JpaTransactionManager.java:579) ~[spring-orm-7.0.9.jar:7.0.9]
	... 19 common frames omitted
Caused by: java.sql.SQLException: Connection is closed
	at com.zaxxer.hikari.pool.ProxyConnection$ClosedConnection.lambda$getClosedConnection$0(ProxyConnection.java:559) ~[HikariCP-7.0.2.jar:na]
	at jdk.proxy3/jdk.proxy3.$Proxy161.rollback(Unknown Source) ~[na:na]
	at com.zaxxer.hikari.pool.ProxyConnection.rollback(ProxyConnection.java:386) ~[HikariCP-7.0.2.jar:na]
	at com.zaxxer.hikari.pool.HikariProxyConnection.rollback(HikariProxyConnection.java) ~[HikariCP-7.0.2.jar:na]
	at org.hibernate.resource.jdbc.internal.AbstractLogicalConnectionImplementor.rollback(AbstractLogicalConnectionImplementor.java:141) ~[hibernate-core-7.4.5.Final.jar:7.4.5.Final]
	... 22 common frames omitted

2026-09-11T15:24:36.925+05:00  INFO 29372 --- [nomad-games] [           main] tc.postgres:18                           : Container postgres:18 is starting: e73e2938b242db4c1dcd153e98e97961be37e4d2731fc89d0fe796779f831e91
2026-09-11T15:24:37.898+05:00  WARN 29372 --- [nomad-games] [   scheduling-1] com.zaxxer.hikari.pool.PoolBase          : HikariPool-2 - Failed to validate connection org.postgresql.jdbc.PgConnection@64ce4254 (Соединение закрыто.). Possibly consider using a shorter maxLifetime value.
2026-09-11T15:24:37.899+05:00  WARN 29372 --- [nomad-games] [   scheduling-1] com.zaxxer.hikari.pool.PoolBase          : HikariPool-2 - Failed to validate connection org.postgresql.jdbc.PgConnection@66305929 (Соединение закрыто.). Possibly consider using a shorter maxLifetime value.
2026-09-11T15:24:37.900+05:00  WARN 29372 --- [nomad-games] [   scheduling-1] com.zaxxer.hikari.pool.PoolBase          : HikariPool-2 - Failed to validate connection org.postgresql.jdbc.PgConnection@4f3300ba (Соединение закрыто.). Possibly consider using a shorter maxLifetime value.
2026-09-11T15:24:37.901+05:00  WARN 29372 --- [nomad-games] [   scheduling-1] com.zaxxer.hikari.pool.PoolBase          : HikariPool-2 - Failed to validate connection org.postgresql.jdbc.PgConnection@165bfb52 (Соединение закрыто.). Possibly consider using a shorter maxLifetime value.
2026-09-11T15:24:37.901+05:00  WARN 29372 --- [nomad-games] [   scheduling-1] com.zaxxer.hikari.pool.PoolBase          : HikariPool-2 - Failed to validate connection org.postgresql.jdbc.PgConnection@11d72f (Соединение закрыто.). Possibly consider using a shorter maxLifetime value.
2026-09-11T15:24:37.902+05:00  WARN 29372 --- [nomad-games] [   scheduling-1] com.zaxxer.hikari.pool.PoolBase          : HikariPool-2 - Failed to validate connection org.postgresql.jdbc.PgConnection@640c3f15 (Соединение закрыто.). Possibly consider using a shorter maxLifetime value.
2026-09-11T15:24:37.902+05:00  WARN 29372 --- [nomad-games] [   scheduling-1] com.zaxxer.hikari.pool.PoolBase          : HikariPool-2 - Failed to validate connection org.postgresql.jdbc.PgConnection@336dc5fe (Соединение закрыто.). Possibly consider using a shorter maxLifetime value.
2026-09-11T15:24:37.902+05:00  WARN 29372 --- [nomad-games] [   scheduling-1] com.zaxxer.hikari.pool.PoolBase          : HikariPool-2 - Failed to validate connection org.postgresql.jdbc.PgConnection@7aa539aa (Соединение закрыто.). Possibly consider using a shorter maxLifetime value.
2026-09-11T15:24:37.903+05:00  WARN 29372 --- [nomad-games] [   scheduling-1] com.zaxxer.hikari.pool.PoolBase          : HikariPool-2 - Failed to validate connection org.postgresql.jdbc.PgConnection@7483217e (Соединение закрыто.). Possibly consider using a shorter maxLifetime value.
2026-09-11T15:24:38.331+05:00  INFO 29372 --- [nomad-games] [           main] tc.postgres:18                           : Container postgres:18 started in PT1.5158631S
2026-09-11T15:24:38.331+05:00  INFO 29372 --- [nomad-games] [           main] tc.postgres:18                           : Container is started (JDBC URL: jdbc:postgresql://localhost:64003/test?loggerLevel=OFF)
2026-09-11T15:25:03.744+05:00  WARN 29372 --- [nomad-games] [onnection-adder] com.zaxxer.hikari.pool.PoolBase          : HikariPool-1 - Pool is empty, failed to create/setup connection (b600d24a-e82f-4ad9-8bd6-771a2539e51d)

org.postgresql.util.PSQLException: Подключение по адресу localhost:63941 отклонено. Проверьте, что хост и порт указаны правильно и что postmaster принимает TCP/IP-соединения.
	at org.postgresql.core.v3.ConnectionFactoryImpl.openConnectionImpl(ConnectionFactoryImpl.java:427) ~[postgresql-42.7.13.jar:42.7.13]
	at org.postgresql.core.ConnectionFactory.openConnection(ConnectionFactory.java:52) ~[postgresql-42.7.13.jar:42.7.13]
	at org.postgresql.jdbc.PgConnection.<init>(PgConnection.java:295) ~[postgresql-42.7.13.jar:42.7.13]
	at org.postgresql.Driver.makeConnection(Driver.java:437) ~[postgresql-42.7.13.jar:42.7.13]
	at org.postgresql.Driver.connect(Driver.java:305) ~[postgresql-42.7.13.jar:42.7.13]
	at com.zaxxer.hikari.util.DriverDataSource.getConnection(DriverDataSource.java:144) ~[HikariCP-7.0.2.jar:na]
	at com.zaxxer.hikari.pool.PoolBase.newConnection(PoolBase.java:373) ~[HikariCP-7.0.2.jar:na]
	at com.zaxxer.hikari.pool.PoolBase.newPoolEntry(PoolBase.java:210) ~[HikariCP-7.0.2.jar:na]
	at com.zaxxer.hikari.pool.HikariPool.createPoolEntry(HikariPool.java:488) ~[HikariCP-7.0.2.jar:na]
	at com.zaxxer.hikari.pool.HikariPool$PoolEntryCreator.call(HikariPool.java:752) ~[HikariCP-7.0.2.jar:na]
	at com.zaxxer.hikari.pool.HikariPool$PoolEntryCreator.call(HikariPool.java:731) ~[HikariCP-7.0.2.jar:na]
	at java.base/java.util.concurrent.FutureTask.run(FutureTask.java:317) ~[na:na]
	at java.base/java.util.concurrent.ThreadPoolExecutor.runWorker(ThreadPoolExecutor.java:1144) ~[na:na]
	at java.base/java.util.concurrent.ThreadPoolExecutor$Worker.run(ThreadPoolExecutor.java:642) ~[na:na]
	at java.base/java.lang.Thread.run(Thread.java:1583) ~[na:na]
Caused by: java.net.ConnectException: Connection refused: getsockopt
	at java.base/sun.nio.ch.Net.pollConnect(Native Method) ~[na:na]
	at java.base/sun.nio.ch.Net.pollConnectNow(Net.java:694) ~[na:na]
	at java.base/sun.nio.ch.NioSocketImpl.timedFinishConnect(NioSocketImpl.java:542) ~[na:na]
	at java.base/sun.nio.ch.NioSocketImpl.connect(NioSocketImpl.java:592) ~[na:na]
	at java.base/java.net.SocksSocketImpl.connect(SocksSocketImpl.java:327) ~[na:na]
	at java.base/java.net.Socket.connect(Socket.java:751) ~[na:na]
	at org.postgresql.core.PGStream.createSocket(PGStream.java:270) ~[postgresql-42.7.13.jar:42.7.13]
	at org.postgresql.core.PGStream.<init>(PGStream.java:131) ~[postgresql-42.7.13.jar:42.7.13]
	at org.postgresql.core.v3.ConnectionFactoryImpl.tryConnect(ConnectionFactoryImpl.java:221) ~[postgresql-42.7.13.jar:42.7.13]
	at org.postgresql.core.v3.ConnectionFactoryImpl.openConnectionImpl(ConnectionFactoryImpl.java:367) ~[postgresql-42.7.13.jar:42.7.13]
	... 14 common frames omitted

2026-09-11T15:25:07.912+05:00  WARN 29372 --- [nomad-games] [   scheduling-1] org.hibernate.orm.jdbc.error             : HHH000247: ErrorCode: 0, SQLState: 08001
2026-09-11T15:25:07.912+05:00  WARN 29372 --- [nomad-games] [   scheduling-1] org.hibernate.orm.jdbc.error             : HikariPool-2 - Connection is not available, request timed out after 30014ms (total=0, active=0, idle=0, waiting=0)
2026-09-11T15:25:07.912+05:00  WARN 29372 --- [nomad-games] [   scheduling-1] org.hibernate.orm.jdbc.error             : HHH000247: ErrorCode: 0, SQLState: 08001
2026-09-11T15:25:07.912+05:00  WARN 29372 --- [nomad-games] [   scheduling-1] org.hibernate.orm.jdbc.error             : HikariPool-2 - Connection is not available, request timed out after 30014ms (total=0, active=0, idle=0, waiting=0)
2026-09-11T15:25:07.912+05:00 ERROR 29372 --- [nomad-games] [   scheduling-1] o.s.s.s.TaskUtils$LoggingErrorHandler    : Unexpected error occurred in scheduled task

org.springframework.transaction.CannotCreateTransactionException: Could not open JPA EntityManager for transaction
	at org.springframework.orm.jpa.JpaTransactionManager.doBegin(JpaTransactionManager.java:457) ~[spring-orm-7.0.9.jar:7.0.9]
	at org.springframework.transaction.support.AbstractPlatformTransactionManager.startTransaction(AbstractPlatformTransactionManager.java:532) ~[spring-tx-7.0.9.jar:7.0.9]
	at org.springframework.transaction.support.AbstractPlatformTransactionManager.getTransaction(AbstractPlatformTransactionManager.java:405) ~[spring-tx-7.0.9.jar:7.0.9]
	at org.springframework.transaction.interceptor.TransactionAspectSupport.createTransactionIfNecessary(TransactionAspectSupport.java:628) ~[spring-tx-7.0.9.jar:7.0.9]
	at org.springframework.transaction.interceptor.TransactionAspectSupport.invokeWithinTransaction(TransactionAspectSupport.java:365) ~[spring-tx-7.0.9.jar:7.0.9]
	at org.springframework.transaction.interceptor.TransactionInterceptor.invoke(TransactionInterceptor.java:130) ~[spring-tx-7.0.9.jar:7.0.9]
	at org.springframework.aop.framework.ReflectiveMethodInvocation.proceed(ReflectiveMethodInvocation.java:179) ~[spring-aop-7.0.9.jar:7.0.9]
	at org.springframework.aop.framework.CglibAopProxy$DynamicAdvisedInterceptor.intercept(CglibAopProxy.java:719) ~[spring-aop-7.0.9.jar:7.0.9]
	at com.nomadgames.session.MatchService$$SpringCGLIB$$0.expireReconnectGraces(<generated>) ~[classes/:na]
	at java.base/jdk.internal.reflect.DirectMethodHandleAccessor.invoke(DirectMethodHandleAccessor.java:103) ~[na:na]
	at java.base/java.lang.reflect.Method.invoke(Method.java:580) ~[na:na]
	at org.springframework.scheduling.support.ScheduledMethodRunnable.runInternal(ScheduledMethodRunnable.java:128) ~[spring-context-7.0.9.jar:7.0.9]
	at org.springframework.scheduling.support.ScheduledMethodRunnable.lambda$run$1(ScheduledMethodRunnable.java:122) ~[spring-context-7.0.9.jar:7.0.9]
	at io.micrometer.observation.Observation.observe(Observation.java:569) ~[micrometer-observation-1.17.1.jar:1.17.1]
	at org.springframework.scheduling.support.ScheduledMethodRunnable.run(ScheduledMethodRunnable.java:122) ~[spring-context-7.0.9.jar:7.0.9]
	at org.springframework.scheduling.config.Task$OutcomeTrackingRunnable.run(Task.java:88) ~[spring-context-7.0.9.jar:7.0.9]
	at org.springframework.scheduling.support.DelegatingErrorHandlingRunnable.run(DelegatingErrorHandlingRunnable.java:54) ~[spring-context-7.0.9.jar:7.0.9]
	at java.base/java.util.concurrent.Executors$RunnableAdapter.call(Executors.java:572) ~[na:na]
	at java.base/java.util.concurrent.FutureTask.runAndReset(FutureTask.java:358) ~[na:na]
	at java.base/java.util.concurrent.ScheduledThreadPoolExecutor$ScheduledFutureTask.run(ScheduledThreadPoolExecutor.java:305) ~[na:na]
	at java.base/java.util.concurrent.ThreadPoolExecutor.runWorker(ThreadPoolExecutor.java:1144) ~[na:na]
	at java.base/java.util.concurrent.ThreadPoolExecutor$Worker.run(ThreadPoolExecutor.java:642) ~[na:na]
	at java.base/java.lang.Thread.run(Thread.java:1583) ~[na:na]
Caused by: org.hibernate.exception.JDBCConnectionException: Unable to acquire JDBC Connection [HikariPool-2 - Connection is not available, request timed out after 30014ms (total=0, active=0, idle=0, waiting=0)] [n/a]
	at org.hibernate.exception.internal.SQLExceptionTypeDelegate.convert(SQLExceptionTypeDelegate.java:49) ~[hibernate-core-7.4.5.Final.jar:7.4.5.Final]
	at org.hibernate.exception.internal.StandardSQLExceptionConverter.convert(StandardSQLExceptionConverter.java:34) ~[hibernate-core-7.4.5.Final.jar:7.4.5.Final]
	at org.hibernate.engine.jdbc.spi.SqlExceptionHelper.convert(SqlExceptionHelper.java:115) ~[hibernate-core-7.4.5.Final.jar:7.4.5.Final]
	at org.hibernate.engine.jdbc.spi.SqlExceptionHelper.convert(SqlExceptionHelper.java:101) ~[hibernate-core-7.4.5.Final.jar:7.4.5.Final]
	at org.hibernate.resource.jdbc.internal.LogicalConnectionManagedImpl.acquire(LogicalConnectionManagedImpl.java:190) ~[hibernate-core-7.4.5.Final.jar:7.4.5.Final]
	at org.hibernate.resource.jdbc.internal.LogicalConnectionManagedImpl.acquireConnectionIfNeeded(LogicalConnectionManagedImpl.java:87) ~[hibernate-core-7.4.5.Final.jar:7.4.5.Final]
	at org.hibernate.resource.jdbc.internal.LogicalConnectionManagedImpl.getPhysicalConnection(LogicalConnectionManagedImpl.java:126) ~[hibernate-core-7.4.5.Final.jar:7.4.5.Final]
	at org.hibernate.resource.jdbc.internal.LogicalConnectionManagedImpl.getConnectionForTransactionManagement(LogicalConnectionManagedImpl.java:281) ~[hibernate-core-7.4.5.Final.jar:7.4.5.Final]
	at org.hibernate.resource.jdbc.internal.LogicalConnectionManagedImpl.begin(LogicalConnectionManagedImpl.java:290) ~[hibernate-core-7.4.5.Final.jar:7.4.5.Final]
	at org.hibernate.resource.transaction.backend.jdbc.internal.JdbcResourceLocalTransactionCoordinatorImpl$TransactionDriverControlImpl.begin(JdbcResourceLocalTransactionCoordinatorImpl.java:226) ~[hibernate-core-7.4.5.Final.jar:7.4.5.Final]
	at org.hibernate.engine.transaction.internal.TransactionImpl.begin(TransactionImpl.java:75) ~[hibernate-core-7.4.5.Final.jar:7.4.5.Final]
	at org.springframework.orm.jpa.vendor.HibernateJpaDialect.beginTransaction(HibernateJpaDialect.java:147) ~[spring-orm-7.0.9.jar:7.0.9]
	at org.springframework.orm.jpa.JpaTransactionManager.doBegin(JpaTransactionManager.java:411) ~[spring-orm-7.0.9.jar:7.0.9]
	... 22 common frames omitted
Caused by: java.sql.SQLTransientConnectionException: HikariPool-2 - Connection is not available, request timed out after 30014ms (total=0, active=0, idle=0, waiting=0)
	at com.zaxxer.hikari.pool.HikariPool.createTimeoutException(HikariPool.java:714) ~[HikariCP-7.0.2.jar:na]
	at com.zaxxer.hikari.pool.HikariPool.getConnection(HikariPool.java:184) ~[HikariCP-7.0.2.jar:na]
	at com.zaxxer.hikari.pool.HikariPool.getConnection(HikariPool.java:142) ~[HikariCP-7.0.2.jar:na]
	at com.zaxxer.hikari.HikariDataSource.getConnection(HikariDataSource.java:127) ~[HikariCP-7.0.2.jar:na]
	at org.hibernate.engine.jdbc.connections.internal.DataSourceConnectionProvider.getConnection(DataSourceConnectionProvider.java:149) ~[hibernate-core-7.4.5.Final.jar:7.4.5.Final]
	at org.hibernate.internal.NonContextualJdbcConnectionAccess.obtainConnection(NonContextualJdbcConnectionAccess.java:62) ~[hibernate-core-7.4.5.Final.jar:7.4.5.Final]
	at org.hibernate.resource.jdbc.internal.LogicalConnectionManagedImpl.acquire(LogicalConnectionManagedImpl.java:187) ~[hibernate-core-7.4.5.Final.jar:7.4.5.Final]
	... 30 common frames omitted
Caused by: org.postgresql.util.PSQLException: Подключение по адресу localhost:63967 отклонено. Проверьте, что хост и порт указаны правильно и что postmaster принимает TCP/IP-соединения.
	at org.postgresql.core.v3.ConnectionFactoryImpl.openConnectionImpl(ConnectionFactoryImpl.java:427) ~[postgresql-42.7.13.jar:42.7.13]
	at org.postgresql.core.ConnectionFactory.openConnection(ConnectionFactory.java:52) ~[postgresql-42.7.13.jar:42.7.13]
	at org.postgresql.jdbc.PgConnection.<init>(PgConnection.java:295) ~[postgresql-42.7.13.jar:42.7.13]
	at org.postgresql.Driver.makeConnection(Driver.java:437) ~[postgresql-42.7.13.jar:42.7.13]
	at org.postgresql.Driver.connect(Driver.java:305) ~[postgresql-42.7.13.jar:42.7.13]
	at com.zaxxer.hikari.util.DriverDataSource.getConnection(DriverDataSource.java:144) ~[HikariCP-7.0.2.jar:na]
	at com.zaxxer.hikari.pool.PoolBase.newConnection(PoolBase.java:373) ~[HikariCP-7.0.2.jar:na]
	at com.zaxxer.hikari.pool.PoolBase.newPoolEntry(PoolBase.java:210) ~[HikariCP-7.0.2.jar:na]
	at com.zaxxer.hikari.pool.HikariPool.createPoolEntry(HikariPool.java:488) ~[HikariCP-7.0.2.jar:na]
	at com.zaxxer.hikari.pool.HikariPool$PoolEntryCreator.call(HikariPool.java:752) ~[HikariCP-7.0.2.jar:na]
	at com.zaxxer.hikari.pool.HikariPool$PoolEntryCreator.call(HikariPool.java:731) ~[HikariCP-7.0.2.jar:na]
	at java.base/java.util.concurrent.FutureTask.run(FutureTask.java:317) ~[na:na]
	... 3 common frames omitted
Caused by: java.net.ConnectException: Connection refused: getsockopt
	at java.base/sun.nio.ch.Net.pollConnect(Native Method) ~[na:na]
	at java.base/sun.nio.ch.Net.pollConnectNow(Net.java:694) ~[na:na]
	at java.base/sun.nio.ch.NioSocketImpl.timedFinishConnect(NioSocketImpl.java:542) ~[na:na]
	at java.base/sun.nio.ch.NioSocketImpl.connect(NioSocketImpl.java:592) ~[na:na]
	at java.base/java.net.SocksSocketImpl.connect(SocksSocketImpl.java:327) ~[na:na]
	at java.base/java.net.Socket.connect(Socket.java:751) ~[na:na]
	at org.postgresql.core.PGStream.createSocket(PGStream.java:270) ~[postgresql-42.7.13.jar:42.7.13]
	at org.postgresql.core.PGStream.<init>(PGStream.java:131) ~[postgresql-42.7.13.jar:42.7.13]
	at org.postgresql.core.v3.ConnectionFactoryImpl.tryConnect(ConnectionFactoryImpl.java:221) ~[postgresql-42.7.13.jar:42.7.13]
	at org.postgresql.core.v3.ConnectionFactoryImpl.openConnectionImpl(ConnectionFactoryImpl.java:367) ~[postgresql-42.7.13.jar:42.7.13]
	... 14 common frames omitted


  .   ____          _            __ _ _
 /\\ / ___'_ __ _ _(_)_ __  __ _ \ \ \ \
( ( )\___ | '_ | '_| | '_ \/ _` | \ \ \ \
 \\/  ___)| |_)| | | | | || (_| |  ) ) ) )
  '  |____| .__|_| |_|_| |_\__, | / / / /
 =========|_|==============|___/=/_/_/_/

 :: Spring Boot ::                (v4.1.1)

2026-09-11T15:25:07.941+05:00  INFO 29372 --- [nomad-games] [           main] com.nomadgames.session.CasualRematchIT   : Starting CasualRematchIT using Java 21.0.11 with PID 29372 (started by sergei.elistratov in C:\Users\sergei.elistratov\Documents\проекты\nomad-game\backend)
2026-09-11T15:25:07.942+05:00  INFO 29372 --- [nomad-games] [           main] com.nomadgames.session.CasualRematchIT   : No active profile set, falling back to 1 default profile: "default"
2026-09-11T15:25:08.252+05:00  INFO 29372 --- [nomad-games] [           main] .s.d.r.c.RepositoryConfigurationDelegate : Bootstrapping Spring Data JPA repositories in DEFAULT mode.
2026-09-11T15:25:08.287+05:00  INFO 29372 --- [nomad-games] [           main] .s.d.r.c.RepositoryConfigurationDelegate : Finished Spring Data repository scanning in 32 ms. Found 4 JPA repository interfaces.
2026-09-11T15:25:08.532+05:00  INFO 29372 --- [nomad-games] [           main] org.flywaydb.core.FlywayExecutor         : Database: jdbc:postgresql://localhost:64003/test?loggerLevel=OFF (PostgreSQL 18.6)
2026-09-11T15:25:08.566+05:00  INFO 29372 --- [nomad-games] [           main] o.f.c.i.s.JdbcTableSchemaHistory         : Schema history table "public"."flyway_schema_history" does not exist yet
2026-09-11T15:25:08.568+05:00  INFO 29372 --- [nomad-games] [           main] o.f.core.internal.command.DbValidate     : Successfully validated 8 migrations (execution time 00:00.013s)
2026-09-11T15:25:08.585+05:00  INFO 29372 --- [nomad-games] [           main] o.f.c.i.s.JdbcTableSchemaHistory         : Creating Schema History table "public"."flyway_schema_history" ...
2026-09-11T15:25:08.626+05:00  INFO 29372 --- [nomad-games] [           main] o.f.core.internal.command.DbMigrate      : Current version of schema "public": << Empty Schema >>
2026-09-11T15:25:08.632+05:00  INFO 29372 --- [nomad-games] [           main] o.f.core.internal.command.DbMigrate      : Migrating schema "public" to version "1 - identity"
2026-09-11T15:25:08.663+05:00  INFO 29372 --- [nomad-games] [           main] o.f.core.internal.command.DbMigrate      : Migrating schema "public" to version "2 - matches"
2026-09-11T15:25:08.684+05:00  INFO 29372 --- [nomad-games] [           main] o.f.core.internal.command.DbMigrate      : Migrating schema "public" to version "3 - rooms"
2026-09-11T15:25:08.705+05:00  INFO 29372 --- [nomad-games] [           main] o.f.core.internal.command.DbMigrate      : Migrating schema "public" to version "4 - match seats"
2026-09-11T15:25:08.726+05:00  INFO 29372 --- [nomad-games] [           main] o.f.core.internal.command.DbMigrate      : Migrating schema "public" to version "5 - reconnect tokens"
2026-09-11T15:25:08.748+05:00  INFO 29372 --- [nomad-games] [           main] o.f.core.internal.command.DbMigrate      : Migrating schema "public" to version "6 - room version"
2026-09-11T15:25:08.770+05:00  INFO 29372 --- [nomad-games] [           main] o.f.core.internal.command.DbMigrate      : Migrating schema "public" to version "7 - economy ledger shop"
2026-09-11T15:25:08.817+05:00  INFO 29372 --- [nomad-games] [           main] o.f.core.internal.command.DbMigrate      : Migrating schema "public" to version "8 - soft purchase sku unique"
2026-09-11T15:25:08.835+05:00  INFO 29372 --- [nomad-games] [           main] o.f.core.internal.command.DbMigrate      : Successfully applied 8 migrations to schema "public", now at version v8 (execution time 00:00.085s)
2026-09-11T15:25:08.864+05:00  INFO 29372 --- [nomad-games] [           main] org.hibernate.orm.jpa                    : HHH008540: Processing PersistenceUnitInfo [name: default]
2026-09-11T15:25:08.897+05:00  INFO 29372 --- [nomad-games] [           main] o.s.o.j.p.SpringPersistenceUnitInfo      : No LoadTimeWeaver setup: ignoring JPA class transformer
2026-09-11T15:25:08.899+05:00  INFO 29372 --- [nomad-games] [           main] com.zaxxer.hikari.HikariDataSource       : HikariPool-3 - Starting...
2026-09-11T15:25:08.916+05:00  INFO 29372 --- [nomad-games] [           main] com.zaxxer.hikari.pool.HikariPool        : HikariPool-3 - Added connection org.postgresql.jdbc.PgConnection@1dd53a93
2026-09-11T15:25:08.916+05:00  INFO 29372 --- [nomad-games] [           main] com.zaxxer.hikari.HikariDataSource       : HikariPool-3 - Start completed.
2026-09-11T15:25:08.926+05:00  INFO 29372 --- [nomad-games] [           main] org.hibernate.orm.connections.pooling    : HHH10001005: Database info:
	Database JDBC URL [jdbc:postgresql://localhost:64003/test?loggerLevel=OFF]
	Database driver: PostgreSQL JDBC Driver
	Database dialect: PostgreSQLDialect
	Database version: 18.6
	Default catalog/schema: test/public
	Autocommit mode: undefined/unknown
	Isolation level: READ_COMMITTED [default READ_COMMITTED]
	JDBC fetch size: none
	Pool: DataSourceConnectionProvider
	Minimum pool size: undefined/unknown
	Maximum pool size: undefined/unknown
2026-09-11T15:25:09.011+05:00  INFO 29372 --- [nomad-games] [           main] org.hibernate.orm.core                   : HHH000489: No JTA platform available (set 'hibernate.transaction.jta.platform' to enable JTA platform integration)
2026-09-11T15:25:09.033+05:00  INFO 29372 --- [nomad-games] [           main] j.LocalContainerEntityManagerFactoryBean : Initialized JPA EntityManagerFactory for persistence unit 'default'
2026-09-11T15:25:09.307+05:00  INFO 29372 --- [nomad-games] [           main] o.s.b.t.m.w.SpringBootMockServletContext : Initializing Spring TestDispatcherServlet ''
2026-09-11T15:25:09.308+05:00  INFO 29372 --- [nomad-games] [           main] o.s.t.web.servlet.TestDispatcherServlet  : Initializing Servlet ''
2026-09-11T15:25:09.312+05:00  INFO 29372 --- [nomad-games] [           main] o.s.b.a.e.web.EndpointLinksResolver      : Exposing 1 endpoint beneath base path '/actuator'
2026-09-11T15:25:09.325+05:00  INFO 29372 --- [nomad-games] [           main] o.s.t.web.servlet.TestDispatcherServlet  : Completed initialization in 17 ms
2026-09-11T15:25:09.357+05:00  INFO 29372 --- [nomad-games] [           main] com.nomadgames.session.CasualRematchIT   : Started CasualRematchIT in 1.441 seconds (process running for 82.941)

MockHttpServletRequest:
      HTTP Method = POST
      Request URI = /v1/identity/guest
       Parameters = {}
          Headers = [Content-Type:"application/json;charset=UTF-8", Content-Length:"2"]
             Body = {}
    Session Attrs = {}

Handler:
             Type = com.nomadgames.identity.GuestController
           Method = com.nomadgames.identity.GuestController#createGuest(HttpServletRequest)

Async:
    Async started = false
     Async result = null

Resolved Exception:
             Type = null

ModelAndView:
        View name = null
             View = null
            Model = null

FlashMap:
       Attributes = null

MockHttpServletResponse:
           Status = 201
    Error message = null
          Headers = [Content-Type:"application/json", X-Content-Type-Options:"nosniff", X-XSS-Protection:"0", Cache-Control:"no-cache, no-store, max-age=0, must-revalidate", Pragma:"no-cache", Expires:"0", X-Frame-Options:"DENY"]
     Content type = application/json
             Body = {"playerId":"c8f82edb-1fa0-4a46-8775-04210a0ecb83","accessToken":"eyJraWQiOiJKR2U3VHBLalVQZmNlWFJBdjZ3a2FERndXV3ZDR18tVjY3SFNyb2NhRU04IiwidHlwIjoiSldUIiwiYWxnIjoiSFMyNTYifQ.eyJzdWIiOiJjOGY4MmVkYi0xZmEwLTRhNDYtODc3NS0wNDIxMGEwZWNiODMiLCJndWVzdCI6dHJ1ZSwiZXhwIjoxNzg5MTIzMjA5LCJpYXQiOjE3ODkxMjIzMDksImp0aSI6IjRlNzJmMDMyLWE3YmQtNDIyNS04MDFhLTBiMmY3MjZiM2FjNSJ9.PHrGJWmqL9P3X3WQNHl0InV7LBObj1TvQMldAd8RtN4","refreshToken":"nvh6h9QsJXuYhlCBgxH7JBxMyqPR2NvA6Oh0qCPARYg","guest":true}
    Forwarded URL = null
   Redirected URL = null
          Cookies = []

MockHttpServletRequest:
      HTTP Method = POST
      Request URI = /v1/identity/guest
       Parameters = {}
          Headers = [Content-Type:"application/json;charset=UTF-8", Content-Length:"2"]
             Body = {}
    Session Attrs = {}

Handler:
             Type = com.nomadgames.identity.GuestController
           Method = com.nomadgames.identity.GuestController#createGuest(HttpServletRequest)

Async:
    Async started = false
     Async result = null

Resolved Exception:
             Type = null

ModelAndView:
        View name = null
             View = null
            Model = null

FlashMap:
       Attributes = null

MockHttpServletResponse:
           Status = 201
    Error message = null
          Headers = [Content-Type:"application/json", X-Content-Type-Options:"nosniff", X-XSS-Protection:"0", Cache-Control:"no-cache, no-store, max-age=0, must-revalidate", Pragma:"no-cache", Expires:"0", X-Frame-Options:"DENY"]
     Content type = application/json
             Body = {"playerId":"b758165f-75b8-418e-a7b7-590f002274dd","accessToken":"eyJraWQiOiJKR2U3VHBLalVQZmNlWFJBdjZ3a2FERndXV3ZDR18tVjY3SFNyb2NhRU04IiwidHlwIjoiSldUIiwiYWxnIjoiSFMyNTYifQ.eyJzdWIiOiJiNzU4MTY1Zi03NWI4LTQxOGUtYTdiNy01OTBmMDAyMjc0ZGQiLCJndWVzdCI6dHJ1ZSwiZXhwIjoxNzg5MTIzMjA5LCJpYXQiOjE3ODkxMjIzMDksImp0aSI6IjY0NmEzMGNiLTMyNzgtNDI2MC1iODFkLTQ3NTNhM2MzNDVkZSJ9.jGc5sgTyohoVD0a8YxF-6wvMJw6ST30vqU06f0LrxHA","refreshToken":"KAUy00fDq3upXdURoRv2f-1TBtdV6f7fvIyw3GKviBY","guest":true}
    Forwarded URL = null
   Redirected URL = null
          Cookies = []

MockHttpServletRequest:
      HTTP Method = POST
      Request URI = /v1/matchmaking/casual
       Parameters = {}
          Headers = [Content-Type:"application/json;charset=UTF-8", Authorization:"Bearer eyJraWQiOiJKR2U3VHBLalVQZmNlWFJBdjZ3a2FERndXV3ZDR18tVjY3SFNyb2NhRU04IiwidHlwIjoiSldUIiwiYWxnIjoiSFMyNTYifQ.eyJzdWIiOiJjOGY4MmVkYi0xZmEwLTRhNDYtODc3NS0wNDIxMGEwZWNiODMiLCJndWVzdCI6dHJ1ZSwiZXhwIjoxNzg5MTIzMjA5LCJpYXQiOjE3ODkxMjIzMDksImp0aSI6IjRlNzJmMDMyLWE3YmQtNDIyNS04MDFhLTBiMmY3MjZiM2FjNSJ9.PHrGJWmqL9P3X3WQNHl0InV7LBObj1TvQMldAd8RtN4", Content-Length:"2"]
             Body = {}
    Session Attrs = {}

Handler:
             Type = org.springframework.web.servlet.resource.ResourceHttpRequestHandler

Async:
    Async started = false
     Async result = null

Resolved Exception:
             Type = org.springframework.web.servlet.resource.NoResourceFoundException

ModelAndView:
        View name = null
             View = null
            Model = null

FlashMap:
       Attributes = null

MockHttpServletResponse:
           Status = 404
    Error message = No static resource v1/matchmaking/casual.
          Headers = [X-Content-Type-Options:"nosniff", X-XSS-Protection:"0", Cache-Control:"no-cache, no-store, max-age=0, must-revalidate", Pragma:"no-cache", Expires:"0", X-Frame-Options:"DENY"]
     Content type = null
             Body = 
    Forwarded URL = null
   Redirected URL = null
          Cookies = []

MockHttpServletRequest:
      HTTP Method = POST
      Request URI = /v1/identity/guest
       Parameters = {}
          Headers = [Content-Type:"application/json;charset=UTF-8", Content-Length:"2"]
             Body = {}
    Session Attrs = {}

Handler:
             Type = com.nomadgames.identity.GuestController
           Method = com.nomadgames.identity.GuestController#createGuest(HttpServletRequest)

Async:
    Async started = false
     Async result = null

Resolved Exception:
             Type = null

ModelAndView:
        View name = null
             View = null
            Model = null

FlashMap:
       Attributes = null

MockHttpServletResponse:
           Status = 201
    Error message = null
          Headers = [Content-Type:"application/json", X-Content-Type-Options:"nosniff", X-XSS-Protection:"0", Cache-Control:"no-cache, no-store, max-age=0, must-revalidate", Pragma:"no-cache", Expires:"0", X-Frame-Options:"DENY"]
     Content type = application/json
             Body = {"playerId":"dc2ebd51-76d5-4e9a-80d8-b6b237be79d2","accessToken":"eyJraWQiOiJKR2U3VHBLalVQZmNlWFJBdjZ3a2FERndXV3ZDR18tVjY3SFNyb2NhRU04IiwidHlwIjoiSldUIiwiYWxnIjoiSFMyNTYifQ.eyJzdWIiOiJkYzJlYmQ1MS03NmQ1LTRlOWEtODBkOC1iNmIyMzdiZTc5ZDIiLCJndWVzdCI6dHJ1ZSwiZXhwIjoxNzg5MTIzMjA5LCJpYXQiOjE3ODkxMjIzMDksImp0aSI6Ijg1ZTRiMWUyLWMzYmQtNDE1OC05ZDYxLTAxODAxNzMzMDU1MCJ9.t3x1_AHUbVTtx1WwrFTxv56VPXa7edz0re23WCjcUuQ","refreshToken":"Q73hBzPTcaCObn7P1F3Pw2AT-CEbJwfeAWn0v3tng6o","guest":true}
    Forwarded URL = null
   Redirected URL = null
          Cookies = []

MockHttpServletRequest:
      HTTP Method = POST
      Request URI = /v1/identity/guest
       Parameters = {}
          Headers = [Content-Type:"application/json;charset=UTF-8", Content-Length:"2"]
             Body = {}
    Session Attrs = {}

Handler:
             Type = com.nomadgames.identity.GuestController
           Method = com.nomadgames.identity.GuestController#createGuest(HttpServletRequest)

Async:
    Async started = false
     Async result = null

Resolved Exception:
             Type = null

ModelAndView:
        View name = null
             View = null
            Model = null

FlashMap:
       Attributes = null

MockHttpServletResponse:
           Status = 201
    Error message = null
          Headers = [Content-Type:"application/json", X-Content-Type-Options:"nosniff", X-XSS-Protection:"0", Cache-Control:"no-cache, no-store, max-age=0, must-revalidate", Pragma:"no-cache", Expires:"0", X-Frame-Options:"DENY"]
     Content type = application/json
             Body = {"playerId":"3d64e671-ecd4-46bc-953c-5b73ab462e69","accessToken":"eyJraWQiOiJKR2U3VHBLalVQZmNlWFJBdjZ3a2FERndXV3ZDR18tVjY3SFNyb2NhRU04IiwidHlwIjoiSldUIiwiYWxnIjoiSFMyNTYifQ.eyJzdWIiOiIzZDY0ZTY3MS1lY2Q0LTQ2YmMtOTUzYy01YjczYWI0NjJlNjkiLCJndWVzdCI6dHJ1ZSwiZXhwIjoxNzg5MTIzMjA5LCJpYXQiOjE3ODkxMjIzMDksImp0aSI6ImJlNzk2YTVhLTY1N2QtNGJiMi1hNDVjLThhNGVkOWZiODE5ZSJ9.pnFkpahHzbOER2k2_E1WzMO9TAGTV7fn9e7ubEiyffg","refreshToken":"uBj65v1c9wavYYsUPkQhyNhMVGlEIxd1qlWx3D_sDj4","guest":true}
    Forwarded URL = null
   Redirected URL = null
          Cookies = []

MockHttpServletRequest:
      HTTP Method = POST
      Request URI = /v1/matchmaking/casual
       Parameters = {}
          Headers = [Content-Type:"application/json;charset=UTF-8", Authorization:"Bearer eyJraWQiOiJKR2U3VHBLalVQZmNlWFJBdjZ3a2FERndXV3ZDR18tVjY3SFNyb2NhRU04IiwidHlwIjoiSldUIiwiYWxnIjoiSFMyNTYifQ.eyJzdWIiOiJkYzJlYmQ1MS03NmQ1LTRlOWEtODBkOC1iNmIyMzdiZTc5ZDIiLCJndWVzdCI6dHJ1ZSwiZXhwIjoxNzg5MTIzMjA5LCJpYXQiOjE3ODkxMjIzMDksImp0aSI6Ijg1ZTRiMWUyLWMzYmQtNDE1OC05ZDYxLTAxODAxNzMzMDU1MCJ9.t3x1_AHUbVTtx1WwrFTxv56VPXa7edz0re23WCjcUuQ", Content-Length:"2"]
             Body = {}
    Session Attrs = {}

Handler:
             Type = org.springframework.web.servlet.resource.ResourceHttpRequestHandler

Async:
    Async started = false
     Async result = null

Resolved Exception:
             Type = org.springframework.web.servlet.resource.NoResourceFoundException

ModelAndView:
        View name = null
             View = null
            Model = null

FlashMap:
       Attributes = null

MockHttpServletResponse:
           Status = 404
    Error message = No static resource v1/matchmaking/casual.
          Headers = [X-Content-Type-Options:"nosniff", X-XSS-Protection:"0", Cache-Control:"no-cache, no-store, max-age=0, must-revalidate", Pragma:"no-cache", Expires:"0", X-Frame-Options:"DENY"]
     Content type = null
             Body = 
    Forwarded URL = null
   Redirected URL = null
          Cookies = []
[ERROR] Tests run: 2, Failures: 2, Errors: 0, Skipped: 0, Time elapsed: 33.19 s <<< FAILURE! -- in com.nomadgames.session.CasualRematchIT
[ERROR] com.nomadgames.session.CasualRematchIT.casualRematchRequiresSeat -- Time elapsed: 0.094 s <<< FAILURE!
java.lang.AssertionError: Status expected:<200> but was:<404>
	at org.springframework.test.util.AssertionErrors.fail(AssertionErrors.java:62)
	at org.springframework.test.util.AssertionErrors.assertEquals(AssertionErrors.java:129)
	at org.springframework.test.web.servlet.result.StatusResultMatchers.lambda$matcher$0(StatusResultMatchers.java:600)
	at org.springframework.test.web.servlet.MockMvc$1.andExpect(MockMvc.java:212)
	at com.nomadgames.session.CasualRematchIT.finishCasualViaLeave(CasualRematchIT.java:92)
	at com.nomadgames.session.CasualRematchIT.casualRematchRequiresSeat(CasualRematchIT.java:73)

[ERROR] com.nomadgames.session.CasualRematchIT.casualRematchCreatesCasualMatch -- Time elapsed: 0.072 s <<< FAILURE!
java.lang.AssertionError: Status expected:<200> but was:<404>
	at org.springframework.test.util.AssertionErrors.fail(AssertionErrors.java:62)
	at org.springframework.test.util.AssertionErrors.assertEquals(AssertionErrors.java:129)
	at org.springframework.test.web.servlet.result.StatusResultMatchers.lambda$matcher$0(StatusResultMatchers.java:600)
	at org.springframework.test.web.servlet.MockMvc$1.andExpect(MockMvc.java:212)
	at com.nomadgames.session.CasualRematchIT.finishCasualViaLeave(CasualRematchIT.java:92)
	at com.nomadgames.session.CasualRematchIT.casualRematchCreatesCasualMatch(CasualRematchIT.java:44)

[INFO] Running com.nomadgames.session.ReconnectIT
2026-09-11T15:25:10.011+05:00  INFO 29372 --- [nomad-games] [           main] tc.postgres:18                           : Creating container for image: postgres:18
2026-09-11T15:25:10.133+05:00  INFO 29372 --- [nomad-games] [           main] tc.postgres:18                           : Container postgres:18 is starting: 02d85620e28e58b9a859a499c9407cac46f7457696b071e1e390a2796894a44d
2026-09-11T15:25:10.369+05:00  WARN 29372 --- [nomad-games] [   scheduling-1] com.zaxxer.hikari.pool.PoolBase          : HikariPool-3 - Failed to validate connection org.postgresql.jdbc.PgConnection@1dd53a93 (Соединение закрыто.). Possibly consider using a shorter maxLifetime value.
2026-09-11T15:25:10.372+05:00  WARN 29372 --- [nomad-games] [   scheduling-1] com.zaxxer.hikari.pool.PoolBase          : HikariPool-3 - Failed to validate connection org.postgresql.jdbc.PgConnection@49bde2fd (Соединение закрыто.). Possibly consider using a shorter maxLifetime value.
2026-09-11T15:25:10.373+05:00  WARN 29372 --- [nomad-games] [   scheduling-1] com.zaxxer.hikari.pool.PoolBase          : HikariPool-3 - Failed to validate connection org.postgresql.jdbc.PgConnection@6d75228f (Соединение закрыто.). Possibly consider using a shorter maxLifetime value.
2026-09-11T15:25:10.374+05:00  WARN 29372 --- [nomad-games] [   scheduling-1] com.zaxxer.hikari.pool.PoolBase          : HikariPool-3 - Failed to validate connection org.postgresql.jdbc.PgConnection@40c49bb (Соединение закрыто.). Possibly consider using a shorter maxLifetime value.
2026-09-11T15:25:10.375+05:00  WARN 29372 --- [nomad-games] [   scheduling-1] com.zaxxer.hikari.pool.PoolBase          : HikariPool-3 - Failed to validate connection org.postgresql.jdbc.PgConnection@4266b5 (Соединение закрыто.). Possibly consider using a shorter maxLifetime value.
2026-09-11T15:25:10.376+05:00  WARN 29372 --- [nomad-games] [   scheduling-1] com.zaxxer.hikari.pool.PoolBase          : HikariPool-3 - Failed to validate connection org.postgresql.jdbc.PgConnection@26ced64a (Соединение закрыто.). Possibly consider using a shorter maxLifetime value.
2026-09-11T15:25:10.377+05:00  WARN 29372 --- [nomad-games] [   scheduling-1] com.zaxxer.hikari.pool.PoolBase          : HikariPool-3 - Failed to validate connection org.postgresql.jdbc.PgConnection@626bf946 (Соединение закрыто.). Possibly consider using a shorter maxLifetime value.
2026-09-11T15:25:10.378+05:00  WARN 29372 --- [nomad-games] [   scheduling-1] com.zaxxer.hikari.pool.PoolBase          : HikariPool-3 - Failed to validate connection org.postgresql.jdbc.PgConnection@44c2521 (Соединение закрыто.). Possibly consider using a shorter maxLifetime value.
2026-09-11T15:25:10.379+05:00  WARN 29372 --- [nomad-games] [   scheduling-1] com.zaxxer.hikari.pool.PoolBase          : HikariPool-3 - Failed to validate connection org.postgresql.jdbc.PgConnection@17a89cd3 (Соединение закрыто.). Possibly consider using a shorter maxLifetime value.
2026-09-11T15:25:10.380+05:00  WARN 29372 --- [nomad-games] [   scheduling-1] com.zaxxer.hikari.pool.PoolBase          : HikariPool-3 - Failed to validate connection org.postgresql.jdbc.PgConnection@470474ea (Соединение закрыто.). Possibly consider using a shorter maxLifetime value.
2026-09-11T15:25:11.824+05:00  INFO 29372 --- [nomad-games] [           main] tc.postgres:18                           : Container postgres:18 started in PT1.8127771S
2026-09-11T15:25:11.825+05:00  INFO 29372 --- [nomad-games] [           main] tc.postgres:18                           : Container is started (JDBC URL: jdbc:postgresql://localhost:64051/test?loggerLevel=OFF)
2026-09-11T15:25:37.223+05:00  WARN 29372 --- [nomad-games] [onnection-adder] com.zaxxer.hikari.pool.PoolBase          : HikariPool-2 - Pool is empty, failed to create/setup connection (8f412db5-baeb-44ed-adda-67dad4f11a89)

org.postgresql.util.PSQLException: Подключение по адресу localhost:63967 отклонено. Проверьте, что хост и порт указаны правильно и что postmaster принимает TCP/IP-соединения.
	at org.postgresql.core.v3.ConnectionFactoryImpl.openConnectionImpl(ConnectionFactoryImpl.java:427) ~[postgresql-42.7.13.jar:42.7.13]
	at org.postgresql.core.ConnectionFactory.openConnection(ConnectionFactory.java:52) ~[postgresql-42.7.13.jar:42.7.13]
	at org.postgresql.jdbc.PgConnection.<init>(PgConnection.java:295) ~[postgresql-42.7.13.jar:42.7.13]
	at org.postgresql.Driver.makeConnection(Driver.java:437) ~[postgresql-42.7.13.jar:42.7.13]
	at org.postgresql.Driver.connect(Driver.java:305) ~[postgresql-42.7.13.jar:42.7.13]
	at com.zaxxer.hikari.util.DriverDataSource.getConnection(DriverDataSource.java:144) ~[HikariCP-7.0.2.jar:na]
	at com.zaxxer.hikari.pool.PoolBase.newConnection(PoolBase.java:373) ~[HikariCP-7.0.2.jar:na]
	at com.zaxxer.hikari.pool.PoolBase.newPoolEntry(PoolBase.java:210) ~[HikariCP-7.0.2.jar:na]
	at com.zaxxer.hikari.pool.HikariPool.createPoolEntry(HikariPool.java:488) ~[HikariCP-7.0.2.jar:na]
	at com.zaxxer.hikari.pool.HikariPool$PoolEntryCreator.call(HikariPool.java:752) ~[HikariCP-7.0.2.jar:na]
	at com.zaxxer.hikari.pool.HikariPool$PoolEntryCreator.call(HikariPool.java:731) ~[HikariCP-7.0.2.jar:na]
	at java.base/java.util.concurrent.FutureTask.run(FutureTask.java:317) ~[na:na]
	at java.base/java.util.concurrent.ThreadPoolExecutor.runWorker(ThreadPoolExecutor.java:1144) ~[na:na]
	at java.base/java.util.concurrent.ThreadPoolExecutor$Worker.run(ThreadPoolExecutor.java:642) ~[na:na]
	at java.base/java.lang.Thread.run(Thread.java:1583) ~[na:na]
Caused by: java.net.ConnectException: Connection refused: getsockopt
	at java.base/sun.nio.ch.Net.pollConnect(Native Method) ~[na:na]
	at java.base/sun.nio.ch.Net.pollConnectNow(Net.java:694) ~[na:na]
	at java.base/sun.nio.ch.NioSocketImpl.timedFinishConnect(NioSocketImpl.java:542) ~[na:na]
	at java.base/sun.nio.ch.NioSocketImpl.connect(NioSocketImpl.java:592) ~[na:na]
	at java.base/java.net.SocksSocketImpl.connect(SocksSocketImpl.java:327) ~[na:na]
	at java.base/java.net.Socket.connect(Socket.java:751) ~[na:na]
	at org.postgresql.core.PGStream.createSocket(PGStream.java:270) ~[postgresql-42.7.13.jar:42.7.13]
	at org.postgresql.core.PGStream.<init>(PGStream.java:131) ~[postgresql-42.7.13.jar:42.7.13]
	at org.postgresql.core.v3.ConnectionFactoryImpl.tryConnect(ConnectionFactoryImpl.java:221) ~[postgresql-42.7.13.jar:42.7.13]
	at org.postgresql.core.v3.ConnectionFactoryImpl.openConnectionImpl(ConnectionFactoryImpl.java:367) ~[postgresql-42.7.13.jar:42.7.13]
	... 14 common frames omitted

2026-09-11T15:25:40.375+05:00  WARN 29372 --- [nomad-games] [   scheduling-1] org.hibernate.orm.jdbc.error             : HHH000247: ErrorCode: 0, SQLState: 08001
2026-09-11T15:25:40.375+05:00  WARN 29372 --- [nomad-games] [   scheduling-1] org.hibernate.orm.jdbc.error             : HikariPool-3 - Connection is not available, request timed out after 30007ms (total=0, active=0, idle=0, waiting=0)
2026-09-11T15:25:40.376+05:00  WARN 29372 --- [nomad-games] [   scheduling-1] org.hibernate.orm.jdbc.error             : HHH000247: ErrorCode: 0, SQLState: 08001
2026-09-11T15:25:40.376+05:00  WARN 29372 --- [nomad-games] [   scheduling-1] org.hibernate.orm.jdbc.error             : HikariPool-3 - Connection is not available, request timed out after 30007ms (total=0, active=0, idle=0, waiting=0)
2026-09-11T15:25:40.376+05:00 ERROR 29372 --- [nomad-games] [   scheduling-1] o.s.s.s.TaskUtils$LoggingErrorHandler    : Unexpected error occurred in scheduled task

org.springframework.transaction.CannotCreateTransactionException: Could not open JPA EntityManager for transaction
	at org.springframework.orm.jpa.JpaTransactionManager.doBegin(JpaTransactionManager.java:457) ~[spring-orm-7.0.9.jar:7.0.9]
	at org.springframework.transaction.support.AbstractPlatformTransactionManager.startTransaction(AbstractPlatformTransactionManager.java:532) ~[spring-tx-7.0.9.jar:7.0.9]
	at org.springframework.transaction.support.AbstractPlatformTransactionManager.getTransaction(AbstractPlatformTransactionManager.java:405) ~[spring-tx-7.0.9.jar:7.0.9]
	at org.springframework.transaction.interceptor.TransactionAspectSupport.createTransactionIfNecessary(TransactionAspectSupport.java:628) ~[spring-tx-7.0.9.jar:7.0.9]
	at org.springframework.transaction.interceptor.TransactionAspectSupport.invokeWithinTransaction(TransactionAspectSupport.java:365) ~[spring-tx-7.0.9.jar:7.0.9]
	at org.springframework.transaction.interceptor.TransactionInterceptor.invoke(TransactionInterceptor.java:130) ~[spring-tx-7.0.9.jar:7.0.9]
	at org.springframework.aop.framework.ReflectiveMethodInvocation.proceed(ReflectiveMethodInvocation.java:179) ~[spring-aop-7.0.9.jar:7.0.9]
	at org.springframework.aop.framework.CglibAopProxy$DynamicAdvisedInterceptor.intercept(CglibAopProxy.java:719) ~[spring-aop-7.0.9.jar:7.0.9]
	at com.nomadgames.session.MatchService$$SpringCGLIB$$0.expireReconnectGraces(<generated>) ~[classes/:na]
	at java.base/jdk.internal.reflect.DirectMethodHandleAccessor.invoke(DirectMethodHandleAccessor.java:103) ~[na:na]
	at java.base/java.lang.reflect.Method.invoke(Method.java:580) ~[na:na]
	at org.springframework.scheduling.support.ScheduledMethodRunnable.runInternal(ScheduledMethodRunnable.java:128) ~[spring-context-7.0.9.jar:7.0.9]
	at org.springframework.scheduling.support.ScheduledMethodRunnable.lambda$run$1(ScheduledMethodRunnable.java:122) ~[spring-context-7.0.9.jar:7.0.9]
	at io.micrometer.observation.Observation.observe(Observation.java:569) ~[micrometer-observation-1.17.1.jar:1.17.1]
	at org.springframework.scheduling.support.ScheduledMethodRunnable.run(ScheduledMethodRunnable.java:122) ~[spring-context-7.0.9.jar:7.0.9]
	at org.springframework.scheduling.config.Task$OutcomeTrackingRunnable.run(Task.java:88) ~[spring-context-7.0.9.jar:7.0.9]
	at org.springframework.scheduling.support.DelegatingErrorHandlingRunnable.run(DelegatingErrorHandlingRunnable.java:54) ~[spring-context-7.0.9.jar:7.0.9]
	at java.base/java.util.concurrent.Executors$RunnableAdapter.call(Executors.java:572) ~[na:na]
	at java.base/java.util.concurrent.FutureTask.runAndReset(FutureTask.java:358) ~[na:na]
	at java.base/java.util.concurrent.ScheduledThreadPoolExecutor$ScheduledFutureTask.run(ScheduledThreadPoolExecutor.java:305) ~[na:na]
	at java.base/java.util.concurrent.ThreadPoolExecutor.runWorker(ThreadPoolExecutor.java:1144) ~[na:na]
	at java.base/java.util.concurrent.ThreadPoolExecutor$Worker.run(ThreadPoolExecutor.java:642) ~[na:na]
	at java.base/java.lang.Thread.run(Thread.java:1583) ~[na:na]
Caused by: org.hibernate.exception.JDBCConnectionException: Unable to acquire JDBC Connection [HikariPool-3 - Connection is not available, request timed out after 30007ms (total=0, active=0, idle=0, waiting=0)] [n/a]
	at org.hibernate.exception.internal.SQLExceptionTypeDelegate.convert(SQLExceptionTypeDelegate.java:49) ~[hibernate-core-7.4.5.Final.jar:7.4.5.Final]
	at org.hibernate.exception.internal.StandardSQLExceptionConverter.convert(StandardSQLExceptionConverter.java:34) ~[hibernate-core-7.4.5.Final.jar:7.4.5.Final]
	at org.hibernate.engine.jdbc.spi.SqlExceptionHelper.convert(SqlExceptionHelper.java:115) ~[hibernate-core-7.4.5.Final.jar:7.4.5.Final]
	at org.hibernate.engine.jdbc.spi.SqlExceptionHelper.convert(SqlExceptionHelper.java:101) ~[hibernate-core-7.4.5.Final.jar:7.4.5.Final]
	at org.hibernate.resource.jdbc.internal.LogicalConnectionManagedImpl.acquire(LogicalConnectionManagedImpl.java:190) ~[hibernate-core-7.4.5.Final.jar:7.4.5.Final]
	at org.hibernate.resource.jdbc.internal.LogicalConnectionManagedImpl.acquireConnectionIfNeeded(LogicalConnectionManagedImpl.java:87) ~[hibernate-core-7.4.5.Final.jar:7.4.5.Final]
	at org.hibernate.resource.jdbc.internal.LogicalConnectionManagedImpl.getPhysicalConnection(LogicalConnectionManagedImpl.java:126) ~[hibernate-core-7.4.5.Final.jar:7.4.5.Final]
	at org.hibernate.resource.jdbc.internal.LogicalConnectionManagedImpl.getConnectionForTransactionManagement(LogicalConnectionManagedImpl.java:281) ~[hibernate-core-7.4.5.Final.jar:7.4.5.Final]
	at org.hibernate.resource.jdbc.internal.LogicalConnectionManagedImpl.begin(LogicalConnectionManagedImpl.java:290) ~[hibernate-core-7.4.5.Final.jar:7.4.5.Final]
	at org.hibernate.resource.transaction.backend.jdbc.internal.JdbcResourceLocalTransactionCoordinatorImpl$TransactionDriverControlImpl.begin(JdbcResourceLocalTransactionCoordinatorImpl.java:226) ~[hibernate-core-7.4.5.Final.jar:7.4.5.Final]
	at org.hibernate.engine.transaction.internal.TransactionImpl.begin(TransactionImpl.java:75) ~[hibernate-core-7.4.5.Final.jar:7.4.5.Final]
	at org.springframework.orm.jpa.vendor.HibernateJpaDialect.beginTransaction(HibernateJpaDialect.java:147) ~[spring-orm-7.0.9.jar:7.0.9]
	at org.springframework.orm.jpa.JpaTransactionManager.doBegin(JpaTransactionManager.java:411) ~[spring-orm-7.0.9.jar:7.0.9]
	... 22 common frames omitted
Caused by: java.sql.SQLTransientConnectionException: HikariPool-3 - Connection is not available, request timed out after 30007ms (total=0, active=0, idle=0, waiting=0)
	at com.zaxxer.hikari.pool.HikariPool.createTimeoutException(HikariPool.java:714) ~[HikariCP-7.0.2.jar:na]
	at com.zaxxer.hikari.pool.HikariPool.getConnection(HikariPool.java:184) ~[HikariCP-7.0.2.jar:na]
	at com.zaxxer.hikari.pool.HikariPool.getConnection(HikariPool.java:142) ~[HikariCP-7.0.2.jar:na]
	at com.zaxxer.hikari.HikariDataSource.getConnection(HikariDataSource.java:127) ~[HikariCP-7.0.2.jar:na]
	at org.hibernate.engine.jdbc.connections.internal.DataSourceConnectionProvider.getConnection(DataSourceConnectionProvider.java:149) ~[hibernate-core-7.4.5.Final.jar:7.4.5.Final]
	at org.hibernate.internal.NonContextualJdbcConnectionAccess.obtainConnection(NonContextualJdbcConnectionAccess.java:62) ~[hibernate-core-7.4.5.Final.jar:7.4.5.Final]
	at org.hibernate.resource.jdbc.internal.LogicalConnectionManagedImpl.acquire(LogicalConnectionManagedImpl.java:187) ~[hibernate-core-7.4.5.Final.jar:7.4.5.Final]
	... 30 common frames omitted
Caused by: org.postgresql.util.PSQLException: Подключение по адресу localhost:64003 отклонено. Проверьте, что хост и порт указаны правильно и что postmaster принимает TCP/IP-соединения.
	at org.postgresql.core.v3.ConnectionFactoryImpl.openConnectionImpl(ConnectionFactoryImpl.java:427) ~[postgresql-42.7.13.jar:42.7.13]
	at org.postgresql.core.ConnectionFactory.openConnection(ConnectionFactory.java:52) ~[postgresql-42.7.13.jar:42.7.13]
	at org.postgresql.jdbc.PgConnection.<init>(PgConnection.java:295) ~[postgresql-42.7.13.jar:42.7.13]
	at org.postgresql.Driver.makeConnection(Driver.java:437) ~[postgresql-42.7.13.jar:42.7.13]
	at org.postgresql.Driver.connect(Driver.java:305) ~[postgresql-42.7.13.jar:42.7.13]
	at com.zaxxer.hikari.util.DriverDataSource.getConnection(DriverDataSource.java:144) ~[HikariCP-7.0.2.jar:na]
	at com.zaxxer.hikari.pool.PoolBase.newConnection(PoolBase.java:373) ~[HikariCP-7.0.2.jar:na]
	at com.zaxxer.hikari.pool.PoolBase.newPoolEntry(PoolBase.java:210) ~[HikariCP-7.0.2.jar:na]
	at com.zaxxer.hikari.pool.HikariPool.createPoolEntry(HikariPool.java:488) ~[HikariCP-7.0.2.jar:na]
	at com.zaxxer.hikari.pool.HikariPool$PoolEntryCreator.call(HikariPool.java:752) ~[HikariCP-7.0.2.jar:na]
	at com.zaxxer.hikari.pool.HikariPool$PoolEntryCreator.call(HikariPool.java:731) ~[HikariCP-7.0.2.jar:na]
	at java.base/java.util.concurrent.FutureTask.run(FutureTask.java:317) ~[na:na]
	... 3 common frames omitted
Caused by: java.net.ConnectException: Connection refused: getsockopt
	at java.base/sun.nio.ch.Net.pollConnect(Native Method) ~[na:na]
	at java.base/sun.nio.ch.Net.pollConnectNow(Net.java:694) ~[na:na]
	at java.base/sun.nio.ch.NioSocketImpl.timedFinishConnect(NioSocketImpl.java:542) ~[na:na]
	at java.base/sun.nio.ch.NioSocketImpl.connect(NioSocketImpl.java:592) ~[na:na]
	at java.base/java.net.SocksSocketImpl.connect(SocksSocketImpl.java:327) ~[na:na]
	at java.base/java.net.Socket.connect(Socket.java:751) ~[na:na]
	at org.postgresql.core.PGStream.createSocket(PGStream.java:270) ~[postgresql-42.7.13.jar:42.7.13]
	at org.postgresql.core.PGStream.<init>(PGStream.java:131) ~[postgresql-42.7.13.jar:42.7.13]
	at org.postgresql.core.v3.ConnectionFactoryImpl.tryConnect(ConnectionFactoryImpl.java:221) ~[postgresql-42.7.13.jar:42.7.13]
	at org.postgresql.core.v3.ConnectionFactoryImpl.openConnectionImpl(ConnectionFactoryImpl.java:367) ~[postgresql-42.7.13.jar:42.7.13]
	... 14 common frames omitted


  .   ____          _            __ _ _
 /\\ / ___'_ __ _ _(_)_ __  __ _ \ \ \ \
( ( )\___ | '_ | '_| | '_ \/ _` | \ \ \ \
 \\/  ___)| |_)| | | | | || (_| |  ) ) ) )
  '  |____| .__|_| |_|_| |_\__, | / / / /
 =========|_|==============|___/=/_/_/_/

 :: Spring Boot ::                (v4.1.1)

2026-09-11T15:25:40.419+05:00  INFO 29372 --- [nomad-games] [           main] com.nomadgames.session.ReconnectIT       : Starting ReconnectIT using Java 21.0.11 with PID 29372 (started by sergei.elistratov in C:\Users\sergei.elistratov\Documents\проекты\nomad-game\backend)
2026-09-11T15:25:40.419+05:00  INFO 29372 --- [nomad-games] [           main] com.nomadgames.session.ReconnectIT       : No active profile set, falling back to 1 default profile: "default"
2026-09-11T15:25:40.771+05:00  INFO 29372 --- [nomad-games] [           main] .s.d.r.c.RepositoryConfigurationDelegate : Bootstrapping Spring Data JPA repositories in DEFAULT mode.
2026-09-11T15:25:40.815+05:00  INFO 29372 --- [nomad-games] [           main] .s.d.r.c.RepositoryConfigurationDelegate : Finished Spring Data repository scanning in 40 ms. Found 4 JPA repository interfaces.
2026-09-11T15:25:41.236+05:00  INFO 29372 --- [nomad-games] [           main] o.s.boot.tomcat.TomcatWebServer          : Tomcat initialized with port 0 (http)
2026-09-11T15:25:41.270+05:00  INFO 29372 --- [nomad-games] [           main] o.apache.catalina.core.StandardService   : Starting service [Tomcat]
2026-09-11T15:25:41.270+05:00  INFO 29372 --- [nomad-games] [           main] o.apache.catalina.core.StandardEngine    : Starting Servlet engine: [Apache Tomcat/11.0.24]
2026-09-11T15:25:41.397+05:00  INFO 29372 --- [nomad-games] [           main] b.w.c.s.WebApplicationContextInitializer : Root WebApplicationContext: initialization completed in 974 ms
2026-09-11T15:25:41.657+05:00  INFO 29372 --- [nomad-games] [           main] org.flywaydb.core.FlywayExecutor         : Database: jdbc:postgresql://localhost:64051/test?loggerLevel=OFF (PostgreSQL 18.6)
2026-09-11T15:25:41.690+05:00  INFO 29372 --- [nomad-games] [           main] o.f.c.i.s.JdbcTableSchemaHistory         : Schema history table "public"."flyway_schema_history" does not exist yet
2026-09-11T15:25:41.692+05:00  INFO 29372 --- [nomad-games] [           main] o.f.core.internal.command.DbValidate     : Successfully validated 8 migrations (execution time 00:00.012s)
2026-09-11T15:25:41.710+05:00  INFO 29372 --- [nomad-games] [           main] o.f.c.i.s.JdbcTableSchemaHistory         : Creating Schema History table "public"."flyway_schema_history" ...
2026-09-11T15:25:41.751+05:00  INFO 29372 --- [nomad-games] [           main] o.f.core.internal.command.DbMigrate      : Current version of schema "public": << Empty Schema >>
2026-09-11T15:25:41.756+05:00  INFO 29372 --- [nomad-games] [           main] o.f.core.internal.command.DbMigrate      : Migrating schema "public" to version "1 - identity"
2026-09-11T15:25:41.789+05:00  INFO 29372 --- [nomad-games] [           main] o.f.core.internal.command.DbMigrate      : Migrating schema "public" to version "2 - matches"
2026-09-11T15:25:41.812+05:00  INFO 29372 --- [nomad-games] [           main] o.f.core.internal.command.DbMigrate      : Migrating schema "public" to version "3 - rooms"
2026-09-11T15:25:41.835+05:00  INFO 29372 --- [nomad-games] [           main] o.f.core.internal.command.DbMigrate      : Migrating schema "public" to version "4 - match seats"
2026-09-11T15:25:41.857+05:00  INFO 29372 --- [nomad-games] [           main] o.f.core.internal.command.DbMigrate      : Migrating schema "public" to version "5 - reconnect tokens"
2026-09-11T15:25:41.880+05:00  INFO 29372 --- [nomad-games] [           main] o.f.core.internal.command.DbMigrate      : Migrating schema "public" to version "6 - room version"
2026-09-11T15:25:41.904+05:00  INFO 29372 --- [nomad-games] [           main] o.f.core.internal.command.DbMigrate      : Migrating schema "public" to version "7 - economy ledger shop"
2026-09-11T15:25:41.944+05:00  INFO 29372 --- [nomad-games] [           main] o.f.core.internal.command.DbMigrate      : Migrating schema "public" to version "8 - soft purchase sku unique"
2026-09-11T15:25:41.961+05:00  INFO 29372 --- [nomad-games] [           main] o.f.core.internal.command.DbMigrate      : Successfully applied 8 migrations to schema "public", now at version v8 (execution time 00:00.084s)
2026-09-11T15:25:41.987+05:00  INFO 29372 --- [nomad-games] [           main] org.hibernate.orm.jpa                    : HHH008540: Processing PersistenceUnitInfo [name: default]
2026-09-11T15:25:42.021+05:00  INFO 29372 --- [nomad-games] [           main] o.s.o.j.p.SpringPersistenceUnitInfo      : No LoadTimeWeaver setup: ignoring JPA class transformer
2026-09-11T15:25:42.023+05:00  INFO 29372 --- [nomad-games] [           main] com.zaxxer.hikari.HikariDataSource       : HikariPool-4 - Starting...
2026-09-11T15:25:42.040+05:00  INFO 29372 --- [nomad-games] [           main] com.zaxxer.hikari.pool.HikariPool        : HikariPool-4 - Added connection org.postgresql.jdbc.PgConnection@4405a00e
2026-09-11T15:25:42.040+05:00  INFO 29372 --- [nomad-games] [           main] com.zaxxer.hikari.HikariDataSource       : HikariPool-4 - Start completed.
2026-09-11T15:25:42.051+05:00  INFO 29372 --- [nomad-games] [           main] org.hibernate.orm.connections.pooling    : HHH10001005: Database info:
	Database JDBC URL [jdbc:postgresql://localhost:64051/test?loggerLevel=OFF]
	Database driver: PostgreSQL JDBC Driver
	Database dialect: PostgreSQLDialect
	Database version: 18.6
	Default catalog/schema: test/public
	Autocommit mode: undefined/unknown
	Isolation level: READ_COMMITTED [default READ_COMMITTED]
	JDBC fetch size: none
	Pool: DataSourceConnectionProvider
	Minimum pool size: undefined/unknown
	Maximum pool size: undefined/unknown
2026-09-11T15:25:42.144+05:00  INFO 29372 --- [nomad-games] [           main] org.hibernate.orm.core                   : HHH000489: No JTA platform available (set 'hibernate.transaction.jta.platform' to enable JTA platform integration)
2026-09-11T15:25:42.167+05:00  INFO 29372 --- [nomad-games] [           main] j.LocalContainerEntityManagerFactoryBean : Initialized JPA EntityManagerFactory for persistence unit 'default'
2026-09-11T15:25:42.480+05:00  INFO 29372 --- [nomad-games] [           main] o.a.c.c.C.[Tomcat].[localhost].[/]       : Initializing Spring TestDispatcherServlet ''
2026-09-11T15:25:42.480+05:00  INFO 29372 --- [nomad-games] [           main] o.s.t.web.servlet.TestDispatcherServlet  : Initializing Servlet ''
2026-09-11T15:25:42.487+05:00  INFO 29372 --- [nomad-games] [           main] o.s.b.a.e.web.EndpointLinksResolver      : Exposing 1 endpoint beneath base path '/actuator'
2026-09-11T15:25:42.495+05:00  INFO 29372 --- [nomad-games] [           main] o.s.t.web.servlet.TestDispatcherServlet  : Completed initialization in 15 ms
2026-09-11T15:25:42.581+05:00  INFO 29372 --- [nomad-games] [           main] o.s.boot.tomcat.TomcatWebServer          : Tomcat started on port 64092 (http) with context path '/'
2026-09-11T15:25:42.594+05:00  INFO 29372 --- [nomad-games] [           main] com.nomadgames.session.ReconnectIT       : Started ReconnectIT in 2.214 seconds (process running for 116.177)
2026-09-11T15:25:43.143+05:00  INFO 29372 --- [nomad-games] [o-auto-1-exec-1] o.a.c.c.C.[Tomcat].[localhost].[/]       : Initializing Spring DispatcherServlet 'dispatcherServlet'
2026-09-11T15:25:43.143+05:00  INFO 29372 --- [nomad-games] [o-auto-1-exec-1] o.s.web.servlet.DispatcherServlet        : Initializing Servlet 'dispatcherServlet'
2026-09-11T15:25:43.145+05:00  INFO 29372 --- [nomad-games] [o-auto-1-exec-1] o.s.web.servlet.DispatcherServlet        : Completed initialization in 2 ms

MockHttpServletRequest:
      HTTP Method = POST
      Request URI = /v1/identity/guest
       Parameters = {}
          Headers = [Content-Type:"application/json;charset=UTF-8", Content-Length:"2"]
             Body = {}
    Session Attrs = {}

Handler:
             Type = com.nomadgames.identity.GuestController
           Method = com.nomadgames.identity.GuestController#createGuest(HttpServletRequest)

Async:
    Async started = false
     Async result = null

Resolved Exception:
             Type = null

ModelAndView:
        View name = null
             View = null
            Model = null

FlashMap:
       Attributes = null

MockHttpServletResponse:
           Status = 201
    Error message = null
          Headers = [Content-Type:"application/json", X-Content-Type-Options:"nosniff", X-XSS-Protection:"0", Cache-Control:"no-cache, no-store, max-age=0, must-revalidate", Pragma:"no-cache", Expires:"0", X-Frame-Options:"DENY"]
     Content type = application/json
             Body = {"playerId":"d3ab93ed-7be2-4d75-bb19-7d6080afc0cb","accessToken":"eyJraWQiOiJKR2U3VHBLalVQZmNlWFJBdjZ3a2FERndXV3ZDR18tVjY3SFNyb2NhRU04IiwidHlwIjoiSldUIiwiYWxnIjoiSFMyNTYifQ.eyJzdWIiOiJkM2FiOTNlZC03YmUyLTRkNzUtYmIxOS03ZDYwODBhZmMwY2IiLCJndWVzdCI6dHJ1ZSwiZXhwIjoxNzg5MTIzMjQ2LCJpYXQiOjE3ODkxMjIzNDYsImp0aSI6ImY1MDNjYTFhLTZkZTYtNGI4Yi04ZjdjLWYyNTE3MWE2NmRiOCJ9.KXk6UiW1Pz-OV1B17UB4SipJ2Ou0CXGoSn9GQJIOkgM","refreshToken":"NdRgMMmb7FdVsLGg41rO5p-c7qoKzKjdfoANLk3lxDE","guest":true}
    Forwarded URL = null
   Redirected URL = null
          Cookies = []

MockHttpServletRequest:
      HTTP Method = POST
      Request URI = /v1/identity/guest
       Parameters = {}
          Headers = [Content-Type:"application/json;charset=UTF-8", Content-Length:"2"]
             Body = {}
    Session Attrs = {}

Handler:
             Type = com.nomadgames.identity.GuestController
           Method = com.nomadgames.identity.GuestController#createGuest(HttpServletRequest)

Async:
    Async started = false
     Async result = null

Resolved Exception:
             Type = null

ModelAndView:
        View name = null
             View = null
            Model = null

FlashMap:
       Attributes = null

MockHttpServletResponse:
           Status = 201
    Error message = null
          Headers = [Content-Type:"application/json", X-Content-Type-Options:"nosniff", X-XSS-Protection:"0", Cache-Control:"no-cache, no-store, max-age=0, must-revalidate", Pragma:"no-cache", Expires:"0", X-Frame-Options:"DENY"]
     Content type = application/json
             Body = {"playerId":"897be99f-3f72-4d0c-9f13-995a6b697cc6","accessToken":"eyJraWQiOiJKR2U3VHBLalVQZmNlWFJBdjZ3a2FERndXV3ZDR18tVjY3SFNyb2NhRU04IiwidHlwIjoiSldUIiwiYWxnIjoiSFMyNTYifQ.eyJzdWIiOiI4OTdiZTk5Zi0zZjcyLTRkMGMtOWYxMy05OTVhNmI2OTdjYzYiLCJndWVzdCI6dHJ1ZSwiZXhwIjoxNzg5MTIzMjQ2LCJpYXQiOjE3ODkxMjIzNDYsImp0aSI6IjExZTlmMDhkLTk1OTItNGJjMi1hZWVjLTkzMmM3YmY4MmNhNyJ9.PE9jv8olMK8YJsVQcIUJ5WMs0EYl6-mMXXaboR6_Mxk","refreshToken":"T77lxC6KGKgtuovH145OmUvnj-aWXLbbBN9LUCaw6LA","guest":true}
    Forwarded URL = null
   Redirected URL = null
          Cookies = []

MockHttpServletRequest:
      HTTP Method = POST
      Request URI = /v1/matchmaking/casual
       Parameters = {}
          Headers = [Content-Type:"application/json;charset=UTF-8", Authorization:"Bearer eyJraWQiOiJKR2U3VHBLalVQZmNlWFJBdjZ3a2FERndXV3ZDR18tVjY3SFNyb2NhRU04IiwidHlwIjoiSldUIiwiYWxnIjoiSFMyNTYifQ.eyJzdWIiOiJkM2FiOTNlZC03YmUyLTRkNzUtYmIxOS03ZDYwODBhZmMwY2IiLCJndWVzdCI6dHJ1ZSwiZXhwIjoxNzg5MTIzMjQ2LCJpYXQiOjE3ODkxMjIzNDYsImp0aSI6ImY1MDNjYTFhLTZkZTYtNGI4Yi04ZjdjLWYyNTE3MWE2NmRiOCJ9.KXk6UiW1Pz-OV1B17UB4SipJ2Ou0CXGoSn9GQJIOkgM", Content-Length:"2"]
             Body = {}
    Session Attrs = {}

Handler:
             Type = org.springframework.web.servlet.resource.ResourceHttpRequestHandler

Async:
    Async started = false
     Async result = null

Resolved Exception:
             Type = org.springframework.web.servlet.resource.NoResourceFoundException

ModelAndView:
        View name = null
             View = null
            Model = null

FlashMap:
       Attributes = null

MockHttpServletResponse:
           Status = 404
    Error message = No static resource v1/matchmaking/casual.
          Headers = [X-Content-Type-Options:"nosniff", X-XSS-Protection:"0", Cache-Control:"no-cache, no-store, max-age=0, must-revalidate", Pragma:"no-cache", Expires:"0", X-Frame-Options:"DENY"]
     Content type = null
             Body = 
    Forwarded URL = null
   Redirected URL = null
          Cookies = []
2026-09-11T15:26:08.883+05:00  WARN 29372 --- [nomad-games] [onnection-adder] com.zaxxer.hikari.pool.PoolBase          : HikariPool-1 - Pool is empty, failed to create/setup connection (57b88b47-fb48-4482-978a-e229ac170718)

org.postgresql.util.PSQLException: Подключение по адресу localhost:63941 отклонено. Проверьте, что хост и порт указаны правильно и что postmaster принимает TCP/IP-соединения.
	at org.postgresql.core.v3.ConnectionFactoryImpl.openConnectionImpl(ConnectionFactoryImpl.java:427) ~[postgresql-42.7.13.jar:42.7.13]
	at org.postgresql.core.ConnectionFactory.openConnection(ConnectionFactory.java:52) ~[postgresql-42.7.13.jar:42.7.13]
	at org.postgresql.jdbc.PgConnection.<init>(PgConnection.java:295) ~[postgresql-42.7.13.jar:42.7.13]
	at org.postgresql.Driver.makeConnection(Driver.java:437) ~[postgresql-42.7.13.jar:42.7.13]
	at org.postgresql.Driver.connect(Driver.java:305) ~[postgresql-42.7.13.jar:42.7.13]
	at com.zaxxer.hikari.util.DriverDataSource.getConnection(DriverDataSource.java:144) ~[HikariCP-7.0.2.jar:na]
	at com.zaxxer.hikari.pool.PoolBase.newConnection(PoolBase.java:373) ~[HikariCP-7.0.2.jar:na]
	at com.zaxxer.hikari.pool.PoolBase.newPoolEntry(PoolBase.java:210) ~[HikariCP-7.0.2.jar:na]
	at com.zaxxer.hikari.pool.HikariPool.createPoolEntry(HikariPool.java:488) ~[HikariCP-7.0.2.jar:na]
	at com.zaxxer.hikari.pool.HikariPool$PoolEntryCreator.call(HikariPool.java:752) ~[HikariCP-7.0.2.jar:na]
	at com.zaxxer.hikari.pool.HikariPool$PoolEntryCreator.call(HikariPool.java:731) ~[HikariCP-7.0.2.jar:na]
	at java.base/java.util.concurrent.FutureTask.run(FutureTask.java:317) ~[na:na]
	at java.base/java.util.concurrent.ThreadPoolExecutor.runWorker(ThreadPoolExecutor.java:1144) ~[na:na]
	at java.base/java.util.concurrent.ThreadPoolExecutor$Worker.run(ThreadPoolExecutor.java:642) ~[na:na]
	at java.base/java.lang.Thread.run(Thread.java:1583) ~[na:na]
Caused by: java.net.ConnectException: Connection refused: getsockopt
	at java.base/sun.nio.ch.Net.pollConnect(Native Method) ~[na:na]
	at java.base/sun.nio.ch.Net.pollConnectNow(Net.java:694) ~[na:na]
	at java.base/sun.nio.ch.NioSocketImpl.timedFinishConnect(NioSocketImpl.java:542) ~[na:na]
	at java.base/sun.nio.ch.NioSocketImpl.connect(NioSocketImpl.java:592) ~[na:na]
	at java.base/java.net.SocksSocketImpl.connect(SocksSocketImpl.java:327) ~[na:na]
	at java.base/java.net.Socket.connect(Socket.java:751) ~[na:na]
	at org.postgresql.core.PGStream.createSocket(PGStream.java:270) ~[postgresql-42.7.13.jar:42.7.13]
	at org.postgresql.core.PGStream.<init>(PGStream.java:131) ~[postgresql-42.7.13.jar:42.7.13]
	at org.postgresql.core.v3.ConnectionFactoryImpl.tryConnect(ConnectionFactoryImpl.java:221) ~[postgresql-42.7.13.jar:42.7.13]
	at org.postgresql.core.v3.ConnectionFactoryImpl.openConnectionImpl(ConnectionFactoryImpl.java:367) ~[postgresql-42.7.13.jar:42.7.13]
	... 14 common frames omitted

2026-09-11T15:26:10.671+05:00  WARN 29372 --- [nomad-games] [onnection-adder] com.zaxxer.hikari.pool.PoolBase          : HikariPool-3 - Pool is empty, failed to create/setup connection (f38fbdb0-e709-4045-aad5-6e8c95bf31f1)

org.postgresql.util.PSQLException: Подключение по адресу localhost:64003 отклонено. Проверьте, что хост и порт указаны правильно и что postmaster принимает TCP/IP-соединения.
	at org.postgresql.core.v3.ConnectionFactoryImpl.openConnectionImpl(ConnectionFactoryImpl.java:427) ~[postgresql-42.7.13.jar:42.7.13]
	at org.postgresql.core.ConnectionFactory.openConnection(ConnectionFactory.java:52) ~[postgresql-42.7.13.jar:42.7.13]
	at org.postgresql.jdbc.PgConnection.<init>(PgConnection.java:295) ~[postgresql-42.7.13.jar:42.7.13]
	at org.postgresql.Driver.makeConnection(Driver.java:437) ~[postgresql-42.7.13.jar:42.7.13]
	at org.postgresql.Driver.connect(Driver.java:305) ~[postgresql-42.7.13.jar:42.7.13]
	at com.zaxxer.hikari.util.DriverDataSource.getConnection(DriverDataSource.java:144) ~[HikariCP-7.0.2.jar:na]
	at com.zaxxer.hikari.pool.PoolBase.newConnection(PoolBase.java:373) ~[HikariCP-7.0.2.jar:na]
	at com.zaxxer.hikari.pool.PoolBase.newPoolEntry(PoolBase.java:210) ~[HikariCP-7.0.2.jar:na]
	at com.zaxxer.hikari.pool.HikariPool.createPoolEntry(HikariPool.java:488) ~[HikariCP-7.0.2.jar:na]
	at com.zaxxer.hikari.pool.HikariPool$PoolEntryCreator.call(HikariPool.java:752) ~[HikariCP-7.0.2.jar:na]
	at com.zaxxer.hikari.pool.HikariPool$PoolEntryCreator.call(HikariPool.java:731) ~[HikariCP-7.0.2.jar:na]
	at java.base/java.util.concurrent.FutureTask.run(FutureTask.java:317) ~[na:na]
	at java.base/java.util.concurrent.ThreadPoolExecutor.runWorker(ThreadPoolExecutor.java:1144) ~[na:na]
	at java.base/java.util.concurrent.ThreadPoolExecutor$Worker.run(ThreadPoolExecutor.java:642) ~[na:na]
	at java.base/java.lang.Thread.run(Thread.java:1583) ~[na:na]
Caused by: java.net.ConnectException: Connection refused: getsockopt
	at java.base/sun.nio.ch.Net.pollConnect(Native Method) ~[na:na]
	at java.base/sun.nio.ch.Net.pollConnectNow(Net.java:694) ~[na:na]
	at java.base/sun.nio.ch.NioSocketImpl.timedFinishConnect(NioSocketImpl.java:542) ~[na:na]
	at java.base/sun.nio.ch.NioSocketImpl.connect(NioSocketImpl.java:592) ~[na:na]
	at java.base/java.net.SocksSocketImpl.connect(SocksSocketImpl.java:327) ~[na:na]
	at java.base/java.net.Socket.connect(Socket.java:751) ~[na:na]
	at org.postgresql.core.PGStream.createSocket(PGStream.java:270) ~[postgresql-42.7.13.jar:42.7.13]
	at org.postgresql.core.PGStream.<init>(PGStream.java:131) ~[postgresql-42.7.13.jar:42.7.13]
	at org.postgresql.core.v3.ConnectionFactoryImpl.tryConnect(ConnectionFactoryImpl.java:221) ~[postgresql-42.7.13.jar:42.7.13]
	at org.postgresql.core.v3.ConnectionFactoryImpl.openConnectionImpl(ConnectionFactoryImpl.java:367) ~[postgresql-42.7.13.jar:42.7.13]
	... 14 common frames omitted

2026-09-11T15:26:22.601+05:00  WARN 29372 --- [nomad-games] [   scheduling-1] com.zaxxer.hikari.pool.ProxyConnection   : HikariPool-4 - Connection org.postgresql.jdbc.PgConnection@4405a00e marked as broken because of SQLSTATE(08006), ErrorCode(0)

org.postgresql.util.PSQLException: Ошибка ввода/вывода при отправке бэкенду.
	at org.postgresql.core.v3.QueryExecutorImpl.execute(QueryExecutorImpl.java:474) ~[postgresql-42.7.13.jar:42.7.13]
	at org.postgresql.jdbc.PgStatement.executeInternal(PgStatement.java:533) ~[postgresql-42.7.13.jar:42.7.13]
	at org.postgresql.jdbc.PgStatement.execute(PgStatement.java:449) ~[postgresql-42.7.13.jar:42.7.13]
	at org.postgresql.jdbc.PgPreparedStatement.executeWithFlags(PgPreparedStatement.java:197) ~[postgresql-42.7.13.jar:42.7.13]
	at org.postgresql.jdbc.PgPreparedStatement.executeQuery(PgPreparedStatement.java:140) ~[postgresql-42.7.13.jar:42.7.13]
	at com.zaxxer.hikari.pool.ProxyPreparedStatement.executeQuery(ProxyPreparedStatement.java:52) ~[HikariCP-7.0.2.jar:na]
	at com.zaxxer.hikari.pool.HikariProxyPreparedStatement.executeQuery(HikariProxyPreparedStatement.java) ~[HikariCP-7.0.2.jar:na]
	at org.hibernate.sql.results.jdbc.internal.DeferredResultSetAccess.executeQuery(DeferredResultSetAccess.java:269) ~[hibernate-core-7.4.5.Final.jar:7.4.5.Final]
	at org.hibernate.sql.results.jdbc.internal.DeferredResultSetAccess.getResultSet(DeferredResultSetAccess.java:188) ~[hibernate-core-7.4.5.Final.jar:7.4.5.Final]
	at org.hibernate.sql.results.jdbc.internal.JdbcValuesResultSetImpl.<init>(JdbcValuesResultSetImpl.java:71) ~[hibernate-core-7.4.5.Final.jar:7.4.5.Final]
	at org.hibernate.sql.exec.internal.JdbcSelectExecutorStandardImpl.resolveJdbcValues(JdbcSelectExecutorStandardImpl.java:422) ~[hibernate-core-7.4.5.Final.jar:7.4.5.Final]
	at org.hibernate.sql.exec.internal.JdbcSelectExecutorStandardImpl.resolveJdbcValuesSource(JdbcSelectExecutorStandardImpl.java:349) ~[hibernate-core-7.4.5.Final.jar:7.4.5.Final]
	at org.hibernate.sql.exec.internal.JdbcSelectExecutorStandardImpl.doExecuteQuery(JdbcSelectExecutorStandardImpl.java:143) ~[hibernate-core-7.4.5.Final.jar:7.4.5.Final]
	at org.hibernate.sql.exec.internal.JdbcSelectExecutorStandardImpl.executeQuery(JdbcSelectExecutorStandardImpl.java:100) ~[hibernate-core-7.4.5.Final.jar:7.4.5.Final]
	at org.hibernate.sql.exec.spi.JdbcSelectExecutor.executeQuery(JdbcSelectExecutor.java:63) ~[hibernate-core-7.4.5.Final.jar:7.4.5.Final]
	at org.hibernate.sql.exec.spi.JdbcSelectExecutor.list(JdbcSelectExecutor.java:137) ~[hibernate-core-7.4.5.Final.jar:7.4.5.Final]
	at org.hibernate.query.sqm.internal.ConcreteSqmSelectQueryPlan.lambda$new$1(ConcreteSqmSelectQueryPlan.java:136) ~[hibernate-core-7.4.5.Final.jar:7.4.5.Final]
	at org.hibernate.query.sqm.internal.ConcreteSqmSelectQueryPlan.withCacheableSqmInterpretation(ConcreteSqmSelectQueryPlan.java:484) ~[hibernate-core-7.4.5.Final.jar:7.4.5.Final]
	at org.hibernate.query.sqm.internal.ConcreteSqmSelectQueryPlan.performList(ConcreteSqmSelectQueryPlan.java:411) ~[hibernate-core-7.4.5.Final.jar:7.4.5.Final]
	at org.hibernate.query.sqm.internal.SqmQueryImpl.doList(SqmQueryImpl.java:379) ~[hibernate-core-7.4.5.Final.jar:7.4.5.Final]
	at org.hibernate.query.spi.AbstractSelectionQuery.list(AbstractSelectionQuery.java:153) ~[hibernate-core-7.4.5.Final.jar:7.4.5.Final]
	at org.hibernate.query.Query.getResultList(Query.java:121) ~[hibernate-core-7.4.5.Final.jar:7.4.5.Final]
	at org.springframework.data.jpa.repository.query.JpaQueryExecution$CollectionExecution.doExecute(JpaQueryExecution.java:141) ~[spring-data-jpa-4.1.1.jar:4.1.1]
	at org.springframework.data.jpa.repository.query.JpaQueryExecution.execute(JpaQueryExecution.java:100) ~[spring-data-jpa-4.1.1.jar:4.1.1]
	at org.springframework.data.jpa.repository.query.AbstractJpaQuery.doExecute(AbstractJpaQuery.java:166) ~[spring-data-jpa-4.1.1.jar:4.1.1]
	at org.springframework.data.jpa.repository.query.AbstractJpaQuery.execute(AbstractJpaQuery.java:156) ~[spring-data-jpa-4.1.1.jar:4.1.1]
	at org.springframework.data.repository.core.support.RepositoryMethodInvoker.doInvoke(RepositoryMethodInvoker.java:169) ~[spring-data-commons-4.1.1.jar:4.1.1]
	at org.springframework.data.repository.core.support.RepositoryMethodInvoker.invoke(RepositoryMethodInvoker.java:158) ~[spring-data-commons-4.1.1.jar:4.1.1]
	at org.springframework.data.repository.core.support.QueryExecutorMethodInterceptor.doInvoke(QueryExecutorMethodInterceptor.java:167) ~[spring-data-commons-4.1.1.jar:4.1.1]
	at org.springframework.data.repository.core.support.QueryExecutorMethodInterceptor.invoke(QueryExecutorMethodInterceptor.java:146) ~[spring-data-commons-4.1.1.jar:4.1.1]
	at org.springframework.aop.framework.ReflectiveMethodInvocation.proceed(ReflectiveMethodInvocation.java:179) ~[spring-aop-7.0.9.jar:7.0.9]
	at org.springframework.data.projection.DefaultMethodInvokingMethodInterceptor.invoke(DefaultMethodInvokingMethodInterceptor.java:69) ~[spring-data-commons-4.1.1.jar:4.1.1]
	at org.springframework.aop.framework.ReflectiveMethodInvocation.proceed(ReflectiveMethodInvocation.java:179) ~[spring-aop-7.0.9.jar:7.0.9]
	at org.springframework.transaction.interceptor.TransactionInterceptor$1.proceedWithInvocation(TransactionInterceptor.java:133) ~[spring-tx-7.0.9.jar:7.0.9]
	at org.springframework.transaction.interceptor.TransactionAspectSupport.invokeWithinTransaction(TransactionAspectSupport.java:371) ~[spring-tx-7.0.9.jar:7.0.9]
	at org.springframework.transaction.interceptor.TransactionInterceptor.invoke(TransactionInterceptor.java:130) ~[spring-tx-7.0.9.jar:7.0.9]
	at org.springframework.aop.framework.ReflectiveMethodInvocation.proceed(ReflectiveMethodInvocation.java:179) ~[spring-aop-7.0.9.jar:7.0.9]
	at org.springframework.dao.support.PersistenceExceptionTranslationInterceptor.invoke(PersistenceExceptionTranslationInterceptor.java:135) ~[spring-tx-7.0.9.jar:7.0.9]
	at org.springframework.aop.framework.ReflectiveMethodInvocation.proceed(ReflectiveMethodInvocation.java:179) ~[spring-aop-7.0.9.jar:7.0.9]
	at org.springframework.data.jpa.repository.support.CrudMethodMetadataPostProcessor$CrudMethodMetadataPopulatingMethodInterceptor.invoke(CrudMethodMetadataPostProcessor.java:137) ~[spring-data-jpa-4.1.1.jar:4.1.1]
	at org.springframework.aop.framework.ReflectiveMethodInvocation.proceed(ReflectiveMethodInvocation.java:179) ~[spring-aop-7.0.9.jar:7.0.9]
	at org.springframework.aop.framework.JdkDynamicAopProxy.invoke(JdkDynamicAopProxy.java:222) ~[spring-aop-7.0.9.jar:7.0.9]
	at jdk.proxy2/jdk.proxy2.$Proxy199.findByStatusAndIdleExpiresAtBefore(Unknown Source) ~[na:na]
	at com.nomadgames.matchmaking.RoomService.lambda$closeExpiredLobbies$7(RoomService.java:151) ~[classes/:na]
	at org.springframework.transaction.support.TransactionTemplate.execute(TransactionTemplate.java:137) ~[spring-tx-7.0.9.jar:7.0.9]
	at com.nomadgames.matchmaking.RoomService.closeExpiredLobbies(RoomService.java:150) ~[classes/:na]
	at java.base/jdk.internal.reflect.DirectMethodHandleAccessor.invoke(DirectMethodHandleAccessor.java:103) ~[na:na]
	at java.base/java.lang.reflect.Method.invoke(Method.java:580) ~[na:na]
	at org.springframework.scheduling.support.ScheduledMethodRunnable.runInternal(ScheduledMethodRunnable.java:128) ~[spring-context-7.0.9.jar:7.0.9]
	at org.springframework.scheduling.support.ScheduledMethodRunnable.lambda$run$1(ScheduledMethodRunnable.java:122) ~[spring-context-7.0.9.jar:7.0.9]
	at io.micrometer.observation.Observation.observe(Observation.java:569) ~[micrometer-observation-1.17.1.jar:1.17.1]
	at org.springframework.scheduling.support.ScheduledMethodRunnable.run(ScheduledMethodRunnable.java:122) ~[spring-context-7.0.9.jar:7.0.9]
	at org.springframework.scheduling.config.Task$OutcomeTrackingRunnable.run(Task.java:88) ~[spring-context-7.0.9.jar:7.0.9]
	at org.springframework.scheduling.support.DelegatingErrorHandlingRunnable.run(DelegatingErrorHandlingRunnable.java:54) ~[spring-context-7.0.9.jar:7.0.9]
	at java.base/java.util.concurrent.Executors$RunnableAdapter.call(Executors.java:572) ~[na:na]
	at java.base/java.util.concurrent.FutureTask.runAndReset(FutureTask.java:358) ~[na:na]
	at java.base/java.util.concurrent.ScheduledThreadPoolExecutor$ScheduledFutureTask.run(ScheduledThreadPoolExecutor.java:305) ~[na:na]
	at java.base/java.util.concurrent.ThreadPoolExecutor.runWorker(ThreadPoolExecutor.java:1144) ~[na:na]
	at java.base/java.util.concurrent.ThreadPoolExecutor$Worker.run(ThreadPoolExecutor.java:642) ~[na:na]
	at java.base/java.lang.Thread.run(Thread.java:1583) ~[na:na]
Caused by: java.io.EOFException
	at org.postgresql.core.PGStream.receiveChar(PGStream.java:482) ~[postgresql-42.7.13.jar:42.7.13]
	at org.postgresql.core.v3.QueryExecutorImpl.processResults(QueryExecutorImpl.java:2383) ~[postgresql-42.7.13.jar:42.7.13]
	at org.postgresql.core.v3.QueryExecutorImpl.execute(QueryExecutorImpl.java:446) ~[postgresql-42.7.13.jar:42.7.13]
	... 59 common frames omitted

2026-09-11T15:26:22.604+05:00  WARN 29372 --- [nomad-games] [   scheduling-1] org.hibernate.orm.jdbc.error             : HHH000247: ErrorCode: 0, SQLState: 08006
2026-09-11T15:26:22.604+05:00  WARN 29372 --- [nomad-games] [   scheduling-1] org.hibernate.orm.jdbc.error             : Ошибка ввода/вывода при отправке бэкенду.
2026-09-11T15:26:22.606+05:00 ERROR 29372 --- [nomad-games] [   scheduling-1] o.s.t.support.TransactionTemplate        : Application exception overridden by rollback exception

org.springframework.dao.DataAccessResourceFailureException: JDBC exception executing SQL [Ошибка ввода/вывода при отправке бэкенду.] [select re1_0.id,re1_0.code,re1_0.created_at,re1_0.host_id,re1_0.host_ready,re1_0.idle_expires_at,re1_0.joiner_id,re1_0.joiner_ready,re1_0.match_id,re1_0.status,re1_0.version from rooms re1_0 where re1_0.status=? and re1_0.idle_expires_at<?]
	at org.springframework.orm.jpa.hibernate.HibernateExceptionTranslator.convertHibernateAccessException(HibernateExceptionTranslator.java:153) ~[spring-orm-7.0.9.jar:7.0.9]
	at org.springframework.orm.jpa.hibernate.HibernateExceptionTranslator.convertHibernateAccessException(HibernateExceptionTranslator.java:131) ~[spring-orm-7.0.9.jar:7.0.9]
	at org.springframework.orm.jpa.hibernate.HibernateExceptionTranslator.translateExceptionIfPossible(HibernateExceptionTranslator.java:105) ~[spring-orm-7.0.9.jar:7.0.9]
	at org.springframework.orm.jpa.vendor.HibernateJpaDialect.translateExceptionIfPossible(HibernateJpaDialect.java:223) ~[spring-orm-7.0.9.jar:7.0.9]
	at org.springframework.orm.jpa.AbstractEntityManagerFactoryBean.translateExceptionIfPossible(AbstractEntityManagerFactoryBean.java:577) ~[spring-orm-7.0.9.jar:7.0.9]
	at org.springframework.dao.support.ChainedPersistenceExceptionTranslator.translateExceptionIfPossible(ChainedPersistenceExceptionTranslator.java:61) ~[spring-tx-7.0.9.jar:7.0.9]
	at org.springframework.dao.support.DataAccessUtils.translateIfNecessary(DataAccessUtils.java:346) ~[spring-tx-7.0.9.jar:7.0.9]
	at org.springframework.dao.support.PersistenceExceptionTranslationInterceptor.invoke(PersistenceExceptionTranslationInterceptor.java:157) ~[spring-tx-7.0.9.jar:7.0.9]
	at org.springframework.aop.framework.ReflectiveMethodInvocation.proceed(ReflectiveMethodInvocation.java:179) ~[spring-aop-7.0.9.jar:7.0.9]
	at org.springframework.data.jpa.repository.support.CrudMethodMetadataPostProcessor$CrudMethodMetadataPopulatingMethodInterceptor.invoke(CrudMethodMetadataPostProcessor.java:137) ~[spring-data-jpa-4.1.1.jar:4.1.1]
	at org.springframework.aop.framework.ReflectiveMethodInvocation.proceed(ReflectiveMethodInvocation.java:179) ~[spring-aop-7.0.9.jar:7.0.9]
	at org.springframework.aop.framework.JdkDynamicAopProxy.invoke(JdkDynamicAopProxy.java:222) ~[spring-aop-7.0.9.jar:7.0.9]
	at jdk.proxy2/jdk.proxy2.$Proxy199.findByStatusAndIdleExpiresAtBefore(Unknown Source) ~[na:na]
	at com.nomadgames.matchmaking.RoomService.lambda$closeExpiredLobbies$7(RoomService.java:151) ~[classes/:na]
	at org.springframework.transaction.support.TransactionTemplate.execute(TransactionTemplate.java:137) ~[spring-tx-7.0.9.jar:7.0.9]
	at com.nomadgames.matchmaking.RoomService.closeExpiredLobbies(RoomService.java:150) ~[classes/:na]
	at java.base/jdk.internal.reflect.DirectMethodHandleAccessor.invoke(DirectMethodHandleAccessor.java:103) ~[na:na]
	at java.base/java.lang.reflect.Method.invoke(Method.java:580) ~[na:na]
	at org.springframework.scheduling.support.ScheduledMethodRunnable.runInternal(ScheduledMethodRunnable.java:128) ~[spring-context-7.0.9.jar:7.0.9]
	at org.springframework.scheduling.support.ScheduledMethodRunnable.lambda$run$1(ScheduledMethodRunnable.java:122) ~[spring-context-7.0.9.jar:7.0.9]
	at io.micrometer.observation.Observation.observe(Observation.java:569) ~[micrometer-observation-1.17.1.jar:1.17.1]
	at org.springframework.scheduling.support.ScheduledMethodRunnable.run(ScheduledMethodRunnable.java:122) ~[spring-context-7.0.9.jar:7.0.9]
	at org.springframework.scheduling.config.Task$OutcomeTrackingRunnable.run(Task.java:88) ~[spring-context-7.0.9.jar:7.0.9]
	at org.springframework.scheduling.support.DelegatingErrorHandlingRunnable.run(DelegatingErrorHandlingRunnable.java:54) ~[spring-context-7.0.9.jar:7.0.9]
	at java.base/java.util.concurrent.Executors$RunnableAdapter.call(Executors.java:572) ~[na:na]
	at java.base/java.util.concurrent.FutureTask.runAndReset(FutureTask.java:358) ~[na:na]
	at java.base/java.util.concurrent.ScheduledThreadPoolExecutor$ScheduledFutureTask.run(ScheduledThreadPoolExecutor.java:305) ~[na:na]
	at java.base/java.util.concurrent.ThreadPoolExecutor.runWorker(ThreadPoolExecutor.java:1144) ~[na:na]
	at java.base/java.util.concurrent.ThreadPoolExecutor$Worker.run(ThreadPoolExecutor.java:642) ~[na:na]
	at java.base/java.lang.Thread.run(Thread.java:1583) ~[na:na]
Caused by: org.hibernate.exception.JDBCConnectionException: JDBC exception executing SQL [Ошибка ввода/вывода при отправке бэкенду.] [select re1_0.id,re1_0.code,re1_0.created_at,re1_0.host_id,re1_0.host_ready,re1_0.idle_expires_at,re1_0.joiner_id,re1_0.joiner_ready,re1_0.match_id,re1_0.status,re1_0.version from rooms re1_0 where re1_0.status=? and re1_0.idle_expires_at<?]
	at org.hibernate.exception.internal.SQLStateConversionDelegate.convert(SQLStateConversionDelegate.java:80) ~[hibernate-core-7.4.5.Final.jar:7.4.5.Final]
	at org.hibernate.exception.internal.StandardSQLExceptionConverter.convert(StandardSQLExceptionConverter.java:34) ~[hibernate-core-7.4.5.Final.jar:7.4.5.Final]
	at org.hibernate.engine.jdbc.spi.SqlExceptionHelper.convert(SqlExceptionHelper.java:115) ~[hibernate-core-7.4.5.Final.jar:7.4.5.Final]
	at org.hibernate.sql.results.jdbc.internal.DeferredResultSetAccess.executeQuery(DeferredResultSetAccess.java:292) ~[hibernate-core-7.4.5.Final.jar:7.4.5.Final]
	at org.hibernate.sql.results.jdbc.internal.DeferredResultSetAccess.getResultSet(DeferredResultSetAccess.java:188) ~[hibernate-core-7.4.5.Final.jar:7.4.5.Final]
	at org.hibernate.sql.results.jdbc.internal.JdbcValuesResultSetImpl.<init>(JdbcValuesResultSetImpl.java:71) ~[hibernate-core-7.4.5.Final.jar:7.4.5.Final]
	at org.hibernate.sql.exec.internal.JdbcSelectExecutorStandardImpl.resolveJdbcValues(JdbcSelectExecutorStandardImpl.java:422) ~[hibernate-core-7.4.5.Final.jar:7.4.5.Final]
	at org.hibernate.sql.exec.internal.JdbcSelectExecutorStandardImpl.resolveJdbcValuesSource(JdbcSelectExecutorStandardImpl.java:349) ~[hibernate-core-7.4.5.Final.jar:7.4.5.Final]
	at org.hibernate.sql.exec.internal.JdbcSelectExecutorStandardImpl.doExecuteQuery(JdbcSelectExecutorStandardImpl.java:143) ~[hibernate-core-7.4.5.Final.jar:7.4.5.Final]
	at org.hibernate.sql.exec.internal.JdbcSelectExecutorStandardImpl.executeQuery(JdbcSelectExecutorStandardImpl.java:100) ~[hibernate-core-7.4.5.Final.jar:7.4.5.Final]
	at org.hibernate.sql.exec.spi.JdbcSelectExecutor.executeQuery(JdbcSelectExecutor.java:63) ~[hibernate-core-7.4.5.Final.jar:7.4.5.Final]
	at org.hibernate.sql.exec.spi.JdbcSelectExecutor.list(JdbcSelectExecutor.java:137) ~[hibernate-core-7.4.5.Final.jar:7.4.5.Final]
	at org.hibernate.query.sqm.internal.ConcreteSqmSelectQueryPlan.lambda$new$1(ConcreteSqmSelectQueryPlan.java:136) ~[hibernate-core-7.4.5.Final.jar:7.4.5.Final]
	at org.hibernate.query.sqm.internal.ConcreteSqmSelectQueryPlan.withCacheableSqmInterpretation(ConcreteSqmSelectQueryPlan.java:484) ~[hibernate-core-7.4.5.Final.jar:7.4.5.Final]
	at org.hibernate.query.sqm.internal.ConcreteSqmSelectQueryPlan.performList(ConcreteSqmSelectQueryPlan.java:411) ~[hibernate-core-7.4.5.Final.jar:7.4.5.Final]
	at org.hibernate.query.sqm.internal.SqmQueryImpl.doList(SqmQueryImpl.java:379) ~[hibernate-core-7.4.5.Final.jar:7.4.5.Final]
	at org.hibernate.query.spi.AbstractSelectionQuery.list(AbstractSelectionQuery.java:153) ~[hibernate-core-7.4.5.Final.jar:7.4.5.Final]
	at org.hibernate.query.Query.getResultList(Query.java:121) ~[hibernate-core-7.4.5.Final.jar:7.4.5.Final]
	at org.springframework.data.jpa.repository.query.JpaQueryExecution$CollectionExecution.doExecute(JpaQueryExecution.java:141) ~[spring-data-jpa-4.1.1.jar:4.1.1]
	at org.springframework.data.jpa.repository.query.JpaQueryExecution.execute(JpaQueryExecution.java:100) ~[spring-data-jpa-4.1.1.jar:4.1.1]
	at org.springframework.data.jpa.repository.query.AbstractJpaQuery.doExecute(AbstractJpaQuery.java:166) ~[spring-data-jpa-4.1.1.jar:4.1.1]
	at org.springframework.data.jpa.repository.query.AbstractJpaQuery.execute(AbstractJpaQuery.java:156) ~[spring-data-jpa-4.1.1.jar:4.1.1]
	at org.springframework.data.repository.core.support.RepositoryMethodInvoker.doInvoke(RepositoryMethodInvoker.java:169) ~[spring-data-commons-4.1.1.jar:4.1.1]
	at org.springframework.data.repository.core.support.RepositoryMethodInvoker.invoke(RepositoryMethodInvoker.java:158) ~[spring-data-commons-4.1.1.jar:4.1.1]
	at org.springframework.data.repository.core.support.QueryExecutorMethodInterceptor.doInvoke(QueryExecutorMethodInterceptor.java:167) ~[spring-data-commons-4.1.1.jar:4.1.1]
	at org.springframework.data.repository.core.support.QueryExecutorMethodInterceptor.invoke(QueryExecutorMethodInterceptor.java:146) ~[spring-data-commons-4.1.1.jar:4.1.1]
	at org.springframework.aop.framework.ReflectiveMethodInvocation.proceed(ReflectiveMethodInvocation.java:179) ~[spring-aop-7.0.9.jar:7.0.9]
	at org.springframework.data.projection.DefaultMethodInvokingMethodInterceptor.invoke(DefaultMethodInvokingMethodInterceptor.java:69) ~[spring-data-commons-4.1.1.jar:4.1.1]
	at org.springframework.aop.framework.ReflectiveMethodInvocation.proceed(ReflectiveMethodInvocation.java:179) ~[spring-aop-7.0.9.jar:7.0.9]
	at org.springframework.transaction.interceptor.TransactionInterceptor$1.proceedWithInvocation(TransactionInterceptor.java:133) ~[spring-tx-7.0.9.jar:7.0.9]
	at org.springframework.transaction.interceptor.TransactionAspectSupport.invokeWithinTransaction(TransactionAspectSupport.java:371) ~[spring-tx-7.0.9.jar:7.0.9]
	at org.springframework.transaction.interceptor.TransactionInterceptor.invoke(TransactionInterceptor.java:130) ~[spring-tx-7.0.9.jar:7.0.9]
	at org.springframework.aop.framework.ReflectiveMethodInvocation.proceed(ReflectiveMethodInvocation.java:179) ~[spring-aop-7.0.9.jar:7.0.9]
	at org.springframework.dao.support.PersistenceExceptionTranslationInterceptor.invoke(PersistenceExceptionTranslationInterceptor.java:135) ~[spring-tx-7.0.9.jar:7.0.9]
	... 22 common frames omitted
Caused by: org.postgresql.util.PSQLException: Ошибка ввода/вывода при отправке бэкенду.
	at org.postgresql.core.v3.QueryExecutorImpl.execute(QueryExecutorImpl.java:474) ~[postgresql-42.7.13.jar:42.7.13]
	at org.postgresql.jdbc.PgStatement.executeInternal(PgStatement.java:533) ~[postgresql-42.7.13.jar:42.7.13]
	at org.postgresql.jdbc.PgStatement.execute(PgStatement.java:449) ~[postgresql-42.7.13.jar:42.7.13]
	at org.postgresql.jdbc.PgPreparedStatement.executeWithFlags(PgPreparedStatement.java:197) ~[postgresql-42.7.13.jar:42.7.13]
	at org.postgresql.jdbc.PgPreparedStatement.executeQuery(PgPreparedStatement.java:140) ~[postgresql-42.7.13.jar:42.7.13]
	at com.zaxxer.hikari.pool.ProxyPreparedStatement.executeQuery(ProxyPreparedStatement.java:52) ~[HikariCP-7.0.2.jar:na]
	at com.zaxxer.hikari.pool.HikariProxyPreparedStatement.executeQuery(HikariProxyPreparedStatement.java) ~[HikariCP-7.0.2.jar:na]
	at org.hibernate.sql.results.jdbc.internal.DeferredResultSetAccess.executeQuery(DeferredResultSetAccess.java:269) ~[hibernate-core-7.4.5.Final.jar:7.4.5.Final]
	... 52 common frames omitted
Caused by: java.io.EOFException
	at org.postgresql.core.PGStream.receiveChar(PGStream.java:482) ~[postgresql-42.7.13.jar:42.7.13]
	at org.postgresql.core.v3.QueryExecutorImpl.processResults(QueryExecutorImpl.java:2383) ~[postgresql-42.7.13.jar:42.7.13]
	at org.postgresql.core.v3.QueryExecutorImpl.execute(QueryExecutorImpl.java:446) ~[postgresql-42.7.13.jar:42.7.13]
	... 59 common frames omitted

2026-09-11T15:26:22.607+05:00 ERROR 29372 --- [nomad-games] [   scheduling-1] o.s.s.s.TaskUtils$LoggingErrorHandler    : Unexpected error occurred in scheduled task

org.springframework.orm.jpa.JpaSystemException: Unable to rollback against JDBC Connection
	at org.springframework.orm.jpa.hibernate.HibernateExceptionTranslator.convertHibernateAccessException(HibernateExceptionTranslator.java:223) ~[spring-orm-7.0.9.jar:7.0.9]
	at org.springframework.orm.jpa.hibernate.HibernateExceptionTranslator.convertHibernateAccessException(HibernateExceptionTranslator.java:131) ~[spring-orm-7.0.9.jar:7.0.9]
	at org.springframework.orm.jpa.hibernate.HibernateExceptionTranslator.translateExceptionIfPossible(HibernateExceptionTranslator.java:105) ~[spring-orm-7.0.9.jar:7.0.9]
	at org.springframework.orm.jpa.vendor.HibernateJpaDialect.translateExceptionIfPossible(HibernateJpaDialect.java:223) ~[spring-orm-7.0.9.jar:7.0.9]
	at org.springframework.orm.jpa.JpaTransactionManager.doRollback(JpaTransactionManager.java:583) ~[spring-orm-7.0.9.jar:7.0.9]
	at org.springframework.transaction.support.AbstractPlatformTransactionManager.processRollback(AbstractPlatformTransactionManager.java:896) ~[spring-tx-7.0.9.jar:7.0.9]
	at org.springframework.transaction.support.AbstractPlatformTransactionManager.rollback(AbstractPlatformTransactionManager.java:865) ~[spring-tx-7.0.9.jar:7.0.9]
	at org.springframework.transaction.support.TransactionTemplate.rollbackOnException(TransactionTemplate.java:165) ~[spring-tx-7.0.9.jar:7.0.9]
	at org.springframework.transaction.support.TransactionTemplate.execute(TransactionTemplate.java:141) ~[spring-tx-7.0.9.jar:7.0.9]
	at com.nomadgames.matchmaking.RoomService.closeExpiredLobbies(RoomService.java:150) ~[classes/:na]
	at java.base/jdk.internal.reflect.DirectMethodHandleAccessor.invoke(DirectMethodHandleAccessor.java:103) ~[na:na]
	at java.base/java.lang.reflect.Method.invoke(Method.java:580) ~[na:na]
	at org.springframework.scheduling.support.ScheduledMethodRunnable.runInternal(ScheduledMethodRunnable.java:128) ~[spring-context-7.0.9.jar:7.0.9]
	at org.springframework.scheduling.support.ScheduledMethodRunnable.lambda$run$1(ScheduledMethodRunnable.java:122) ~[spring-context-7.0.9.jar:7.0.9]
	at io.micrometer.observation.Observation.observe(Observation.java:569) ~[micrometer-observation-1.17.1.jar:1.17.1]
	at org.springframework.scheduling.support.ScheduledMethodRunnable.run(ScheduledMethodRunnable.java:122) ~[spring-context-7.0.9.jar:7.0.9]
	at org.springframework.scheduling.config.Task$OutcomeTrackingRunnable.run(Task.java:88) ~[spring-context-7.0.9.jar:7.0.9]
	at org.springframework.scheduling.support.DelegatingErrorHandlingRunnable.run(DelegatingErrorHandlingRunnable.java:54) ~[spring-context-7.0.9.jar:7.0.9]
	at java.base/java.util.concurrent.Executors$RunnableAdapter.call(Executors.java:572) ~[na:na]
	at java.base/java.util.concurrent.FutureTask.runAndReset(FutureTask.java:358) ~[na:na]
	at java.base/java.util.concurrent.ScheduledThreadPoolExecutor$ScheduledFutureTask.run(ScheduledThreadPoolExecutor.java:305) ~[na:na]
	at java.base/java.util.concurrent.ThreadPoolExecutor.runWorker(ThreadPoolExecutor.java:1144) ~[na:na]
	at java.base/java.util.concurrent.ThreadPoolExecutor$Worker.run(ThreadPoolExecutor.java:642) ~[na:na]
	at java.base/java.lang.Thread.run(Thread.java:1583) ~[na:na]
Caused by: org.hibernate.TransactionException: Unable to rollback against JDBC Connection
	at org.hibernate.resource.jdbc.internal.AbstractLogicalConnectionImplementor.rollback(AbstractLogicalConnectionImplementor.java:151) ~[hibernate-core-7.4.5.Final.jar:7.4.5.Final]
	at org.hibernate.resource.transaction.backend.jdbc.internal.JdbcResourceLocalTransactionCoordinatorImpl$TransactionDriverControlImpl.rollback(JdbcResourceLocalTransactionCoordinatorImpl.java:300) ~[hibernate-core-7.4.5.Final.jar:7.4.5.Final]
	at org.hibernate.engine.transaction.internal.TransactionImpl.rollback(TransactionImpl.java:123) ~[hibernate-core-7.4.5.Final.jar:7.4.5.Final]
	at org.springframework.orm.jpa.JpaTransactionManager.doRollback(JpaTransactionManager.java:579) ~[spring-orm-7.0.9.jar:7.0.9]
	... 19 common frames omitted
Caused by: java.sql.SQLException: Connection is closed
	at com.zaxxer.hikari.pool.ProxyConnection$ClosedConnection.lambda$getClosedConnection$0(ProxyConnection.java:559) ~[HikariCP-7.0.2.jar:na]
	at jdk.proxy3/jdk.proxy3.$Proxy161.rollback(Unknown Source) ~[na:na]
	at com.zaxxer.hikari.pool.ProxyConnection.rollback(ProxyConnection.java:386) ~[HikariCP-7.0.2.jar:na]
	at com.zaxxer.hikari.pool.HikariProxyConnection.rollback(HikariProxyConnection.java) ~[HikariCP-7.0.2.jar:na]
	at org.hibernate.resource.jdbc.internal.AbstractLogicalConnectionImplementor.rollback(AbstractLogicalConnectionImplementor.java:141) ~[hibernate-core-7.4.5.Final.jar:7.4.5.Final]
	... 22 common frames omitted

[ERROR] Tests run: 7, Failures: 1, Errors: 0, Skipped: 0, Time elapsed: 72.94 s <<< FAILURE! -- in com.nomadgames.session.ReconnectIT
[ERROR] com.nomadgames.session.ReconnectIT.casualRejoinWithinGrace -- Time elapsed: 0.055 s <<< FAILURE!
java.lang.AssertionError: Status expected:<200> but was:<404>
	at org.springframework.test.util.AssertionErrors.fail(AssertionErrors.java:62)
	at org.springframework.test.util.AssertionErrors.assertEquals(AssertionErrors.java:129)
	at org.springframework.test.web.servlet.result.StatusResultMatchers.lambda$matcher$0(StatusResultMatchers.java:600)
	at org.springframework.test.web.servlet.MockMvc$1.andExpect(MockMvc.java:212)
	at com.nomadgames.session.ReconnectIT.bothReadyCasual(ReconnectIT.java:396)
	at com.nomadgames.session.ReconnectIT.casualRejoinWithinGrace(ReconnectIT.java:246)

2026-09-11T15:26:22.981+05:00  INFO 29372 --- [nomad-games] [ionShutdownHook] j.LocalContainerEntityManagerFactoryBean : Closing JPA EntityManagerFactory for persistence unit 'default'
2026-09-11T15:26:22.988+05:00  INFO 29372 --- [nomad-games] [ionShutdownHook] com.zaxxer.hikari.HikariDataSource       : HikariPool-1 - Shutdown initiated...
2026-09-11T15:26:23.608+05:00  WARN 29372 --- [nomad-games] [   scheduling-1] com.zaxxer.hikari.pool.PoolBase          : HikariPool-4 - Failed to validate connection org.postgresql.jdbc.PgConnection@4494936a (Соединение закрыто.). Possibly consider using a shorter maxLifetime value.
2026-09-11T15:26:23.608+05:00  WARN 29372 --- [nomad-games] [   scheduling-1] com.zaxxer.hikari.pool.PoolBase          : HikariPool-4 - Failed to validate connection org.postgresql.jdbc.PgConnection@1d5d6be2 (Соединение закрыто.). Possibly consider using a shorter maxLifetime value.
2026-09-11T15:26:23.609+05:00  WARN 29372 --- [nomad-games] [   scheduling-1] com.zaxxer.hikari.pool.PoolBase          : HikariPool-4 - Failed to validate connection org.postgresql.jdbc.PgConnection@67746469 (Соединение закрыто.). Possibly consider using a shorter maxLifetime value.
2026-09-11T15:26:23.609+05:00  WARN 29372 --- [nomad-games] [   scheduling-1] com.zaxxer.hikari.pool.PoolBase          : HikariPool-4 - Failed to validate connection org.postgresql.jdbc.PgConnection@5a966e35 (Соединение закрыто.). Possibly consider using a shorter maxLifetime value.
2026-09-11T15:26:23.610+05:00  WARN 29372 --- [nomad-games] [   scheduling-1] com.zaxxer.hikari.pool.PoolBase          : HikariPool-4 - Failed to validate connection org.postgresql.jdbc.PgConnection@3a79a9ce (Соединение закрыто.). Possibly consider using a shorter maxLifetime value.
2026-09-11T15:26:23.610+05:00  WARN 29372 --- [nomad-games] [   scheduling-1] com.zaxxer.hikari.pool.PoolBase          : HikariPool-4 - Failed to validate connection org.postgresql.jdbc.PgConnection@4c0dc718 (Соединение закрыто.). Possibly consider using a shorter maxLifetime value.
2026-09-11T15:26:23.611+05:00  WARN 29372 --- [nomad-games] [   scheduling-1] com.zaxxer.hikari.pool.PoolBase          : HikariPool-4 - Failed to validate connection org.postgresql.jdbc.PgConnection@81ea5dc (Соединение закрыто.). Possibly consider using a shorter maxLifetime value.
2026-09-11T15:26:23.611+05:00  WARN 29372 --- [nomad-games] [   scheduling-1] com.zaxxer.hikari.pool.PoolBase          : HikariPool-4 - Failed to validate connection org.postgresql.jdbc.PgConnection@6110952c (Соединение закрыто.). Possibly consider using a shorter maxLifetime value.
2026-09-11T15:26:23.612+05:00  WARN 29372 --- [nomad-games] [   scheduling-1] com.zaxxer.hikari.pool.PoolBase          : HikariPool-4 - Failed to validate connection org.postgresql.jdbc.PgConnection@16507719 (Соединение закрыто.). Possibly consider using a shorter maxLifetime value.
2026-09-11T15:26:23.935+05:00  INFO 29372 --- [nomad-games] [ionShutdownHook] com.zaxxer.hikari.HikariDataSource       : HikariPool-1 - Shutdown completed.
2026-09-11T15:26:23.938+05:00  INFO 29372 --- [nomad-games] [ionShutdownHook] j.LocalContainerEntityManagerFactoryBean : Closing JPA EntityManagerFactory for persistence unit 'default'
2026-09-11T15:26:23.939+05:00  INFO 29372 --- [nomad-games] [ionShutdownHook] com.zaxxer.hikari.HikariDataSource       : HikariPool-2 - Shutdown initiated...
2026-09-11T15:26:27.304+05:00  INFO 29372 --- [nomad-games] [ionShutdownHook] com.zaxxer.hikari.HikariDataSource       : HikariPool-2 - Shutdown completed.
2026-09-11T15:26:27.308+05:00  INFO 29372 --- [nomad-games] [ionShutdownHook] j.LocalContainerEntityManagerFactoryBean : Closing JPA EntityManagerFactory for persistence unit 'default'
2026-09-11T15:26:27.308+05:00  INFO 29372 --- [nomad-games] [ionShutdownHook] com.zaxxer.hikari.HikariDataSource       : HikariPool-3 - Shutdown initiated...
2026-09-11T15:26:30.701+05:00  INFO 29372 --- [nomad-games] [ionShutdownHook] com.zaxxer.hikari.HikariDataSource       : HikariPool-3 - Shutdown completed.
2026-09-11T15:26:30.702+05:00  INFO 29372 --- [nomad-games] [ionShutdownHook] o.s.boot.tomcat.GracefulShutdown         : Commencing graceful shutdown. Waiting for active requests to complete
2026-09-11T15:26:30.740+05:00  INFO 29372 --- [nomad-games] [tomcat-shutdown] o.s.boot.tomcat.GracefulShutdown         : Graceful shutdown complete
[ERROR] Surefire is going to kill self fork JVM. The exit has elapsed 30 seconds after System.exit(0).
[INFO] 
[INFO] Results:
[INFO] 
[ERROR] Failures: 
[ERROR]   CasualQueueIT.casualSettleGrantsMatchPrivatePath:170 Status expected:<200> but was:<404>
[ERROR]   CasualQueueIT.dequeueClearsTicket:115 Status expected:<200> but was:<404>
[ERROR]   CasualQueueIT.enqueueRateLimited:155 flood enqueue must eventually 429 (T-5-01) ==> expected: <429> but was: <404>
[ERROR]   CasualQueueIT.rejectEnqueueWhileInPlay:136 Status expected:<409> but was:<404>
[ERROR]   CasualQueueIT.singlePlayerStaysSearching:97 Status expected:<200> but was:<404>
[ERROR]   CasualQueueIT.twoPlayersPair:61 Status expected:<200> but was:<404>
[ERROR]   ProfileIT.eloUpdatesOnCasualSettleOnly:131 Status expected:<200> but was:<404>
[ERROR]   ProfileIT.profileReturnsGuestDefaults:70 Status expected:<200> but was:<404>
[ERROR]   ProfileIT.profileSelfOnly:173 Status expected:<200> but was:<404>
[ERROR]   ProfileIT.putAvatarAllowList:91 Status expected:<200> but was:<404>
[ERROR]   ProfileIT.xpIncrementsOnBotSettleRatingUnchanged:117 Status expected:<200> but was:<404>
[ERROR]   CasualRematchIT.casualRematchCreatesCasualMatch:44->finishCasualViaLeave:92 Status expected:<200> but was:<404>
[ERROR]   CasualRematchIT.casualRematchRequiresSeat:73->finishCasualViaLeave:92 Status expected:<200> but was:<404>
[ERROR]   ReconnectIT.casualRejoinWithinGrace:246->bothReadyCasual:396 Status expected:<200> but was:<404>
[INFO] 
[ERROR] Tests run: 20, Failures: 14, Errors: 0, Skipped: 0
[INFO] 
[INFO] ------------------------------------------------------------------------
[INFO] Reactor Summary for Alchiki proto harness 0.1.0-SNAPSHOT:
[INFO] 
[INFO] Alchiki proto harness .............................. SUCCESS [  0.967 s]
[INFO] Nomad Games backend ................................ FAILURE [03:08 min]
[INFO] ------------------------------------------------------------------------
[INFO] BUILD FAILURE
[INFO] ------------------------------------------------------------------------
[INFO] Total time:  03:10 min
[INFO] Finished at: 2026-09-11T15:26:53+05:00
[INFO] ------------------------------------------------------------------------
[ERROR] Failed to execute goal org.apache.maven.plugins:maven-surefire-plugin:3.5.6:test (default-test) on project nomad-games-backend: There are test failures.
[ERROR] 
[ERROR] See C:\Users\sergei.elistratov\Documents\проекты\nomad-game\backend\target\surefire-reports for the individual test results.
[ERROR] See dump files (if any exist) [date].dump, [date]-jvmRun[N].dump and [date].dumpstream.
[ERROR] -> [Help 1]
[ERROR] 
[ERROR] To see the full stack trace of the errors, re-run Maven with the -e switch.
[ERROR] Re-run Maven using the -X switch to enable full debug logging.
[ERROR] 
[ERROR] For more information about the errors and possible solutions, please read the following articles:
[ERROR] [Help 1] http://cwiki.apache.org/confluence/display/MAVEN/MojoFailureException
[ERROR] 
[ERROR] After correcting the problems, you can resume the build with the command
[ERROR]   mvn <args> -rf :nomad-games-backend
