[INFO] Scanning for projects...
[INFO] ------------------------------------------------------------------------
[INFO] Reactor Build Order:
[INFO] 
[INFO] Alchiki proto harness                                              [jar]
[INFO] Nomad Games backend                                                [jar]
[INFO] 
[INFO] ----------------< com.nomadgames:alchiki-proto-harness >----------------
[INFO] Building Alchiki proto harness 0.1.0-SNAPSHOT                      [1/2]
[INFO]   from pom.xml
[INFO] --------------------------------[ jar ]---------------------------------
[INFO] 
[INFO] --- resources:3.3.1:resources (default-resources) @ alchiki-proto-harness ---
[INFO] skip non existing resourceDirectory C:\Users\sergei.elistratov\Documents\проекты\nomad-game\harness\src\main\resources
[INFO] 
[INFO] --- compiler:3.13.0:compile (default-compile) @ alchiki-proto-harness ---
[INFO] Nothing to compile - all classes are up to date.
[INFO] 
[INFO] --- resources:3.3.1:testResources (default-testResources) @ alchiki-proto-harness ---
[INFO] skip non existing resourceDirectory C:\Users\sergei.elistratov\Documents\проекты\nomad-game\harness\src\test\resources
[INFO] 
[INFO] --- compiler:3.13.0:testCompile (default-testCompile) @ alchiki-proto-harness ---
[INFO] Nothing to compile - all classes are up to date.
[INFO] 
[INFO] --- surefire:3.5.3:test (default-test) @ alchiki-proto-harness ---
[INFO] 
[INFO] -----------------< com.nomadgames:nomad-games-backend >-----------------
[INFO] Building Nomad Games backend 0.1.0-SNAPSHOT                        [2/2]
[INFO]   from C:\Users\sergei.elistratov\Documents\проекты\nomad-game\backend\pom.xml
[INFO] --------------------------------[ jar ]---------------------------------
[INFO] 
[INFO] --- resources:3.5.0:resources (default-resources) @ nomad-games-backend ---
[INFO] Copying 2 resources from src\main\resources to target\classes
[INFO] Copying 8 resources from src\main\resources to target\classes
[INFO] 
[INFO] --- compiler:3.15.0:compile (default-compile) @ nomad-games-backend ---
[INFO] Nothing to compile - all classes are up to date.
[INFO] 
[INFO] --- resources:3.5.0:testResources (default-testResources) @ nomad-games-backend ---
[INFO] skip non existing resourceDirectory C:\Users\sergei.elistratov\Documents\проекты\nomad-game\backend\src\test\resources
[INFO] 
[INFO] --- compiler:3.15.0:testCompile (default-testCompile) @ nomad-games-backend ---
[INFO] Recompiling the module because of changed source code.
[INFO] Compiling 17 source files with javac [debug parameters release 21] to target\test-classes
[INFO] Annotation processing is enabled because one or more processors were found
  on the class path. A future release of javac may disable annotation processing
  unless at least one processor is specified by name (-processor), or a search
  path is specified (--processor-path, --processor-module-path), or annotation
  processing is enabled explicitly (-proc:only, -proc:full).
  Use -Xlint:-options to suppress this message.
  Use -proc:none to disable annotation processing.
[INFO] 
[INFO] --- surefire:3.5.6:test (default-test) @ nomad-games-backend ---
[INFO] Using auto detected provider org.apache.maven.surefire.junitplatform.JUnitPlatformProvider
[INFO] 
[INFO] -------------------------------------------------------
[INFO]  T E S T S
[INFO] -------------------------------------------------------
[INFO] Running com.nomadgames.matchmaking.CasualQueueIT
15:19:28.937 [main] INFO org.testcontainers.images.PullPolicy -- Image pull policy will be performed by: DefaultPullPolicy()
15:19:28.942 [main] INFO org.testcontainers.utility.ImageNameSubstitutor -- Image name substitution will be performed by: DefaultImageNameSubstitutor (composite of 'ConfigurationFileImageNameSubstitutor' and 'PrefixingImageNameSubstitutor')
15:19:29.010 [main] INFO org.testcontainers.DockerClientFactory -- Testcontainers version: 2.0.5
15:19:29.354 [main] INFO org.testcontainers.dockerclient.DockerClientProviderStrategy -- Loaded org.testcontainers.dockerclient.NpipeSocketClientProviderStrategy from ~/.testcontainers.properties, will try it first
15:19:29.986 [main] INFO org.testcontainers.dockerclient.DockerClientProviderStrategy -- Found Docker environment with local Npipe socket (npipe:////./pipe/docker_engine)
15:19:29.988 [main] INFO org.testcontainers.DockerClientFactory -- Docker host IP address is localhost
15:19:30.020 [main] INFO org.testcontainers.DockerClientFactory -- Connected to docker: 
  Server Version: 29.7.2
  API Version: 1.55
  Operating System: Docker Desktop
  Total Memory: 13643 MB
  Labels: 
    com.docker.desktop.address=npipe://\\.\pipe\docker_cli
15:19:30.202 [main] INFO tc.testcontainers/ryuk:0.14.0 -- Creating container for image: testcontainers/ryuk:0.14.0
15:19:30.580 [main] INFO tc.testcontainers/ryuk:0.14.0 -- Container testcontainers/ryuk:0.14.0 is starting: 51f989fdf53eb01f55e51f11bf1128ac89f4129f5f5d45278f2b2362df63cbe4
15:19:31.214 [main] INFO tc.testcontainers/ryuk:0.14.0 -- Container testcontainers/ryuk:0.14.0 started in PT1.0115174S
15:19:31.232 [main] INFO org.testcontainers.utility.RyukResourceReaper -- Ryuk started - will monitor and terminate Testcontainers containers on JVM exit
15:19:31.233 [main] INFO org.testcontainers.DockerClientFactory -- Checking the system...
15:19:31.233 [main] INFO org.testcontainers.DockerClientFactory -- ?? Docker server version should be at least 1.6.0
15:19:31.498 [main] INFO tc.postgres:18 -- Creating container for image: postgres:18
15:19:31.651 [main] INFO tc.postgres:18 -- Container postgres:18 is starting: 739fcf4e4abe8420fe29d886ed2bba30ecfbf1f3389f81c23bd1a7399b5a356d
15:19:33.555 [main] INFO tc.postgres:18 -- Container postgres:18 started in PT2.0572342S
15:19:33.556 [main] INFO tc.postgres:18 -- Container is started (JDBC URL: jdbc:postgresql://localhost:57310/test?loggerLevel=OFF)

  .   ____          _            __ _ _
 /\\ / ___'_ __ _ _(_)_ __  __ _ \ \ \ \
( ( )\___ | '_ | '_| | '_ \/ _` | \ \ \ \
 \\/  ___)| |_)| | | | | || (_| |  ) ) ) )
  '  |____| .__|_| |_|_| |_\__, | / / / /
 =========|_|==============|___/=/_/_/_/

 :: Spring Boot ::                (v4.1.1)

2026-09-11T15:19:34.107+05:00  INFO 31148 --- [nomad-games] [           main] c.nomadgames.matchmaking.CasualQueueIT   : Starting CasualQueueIT using Java 21.0.11 with PID 31148 (started by sergei.elistratov in C:\Users\sergei.elistratov\Documents\проекты\nomad-game\backend)
2026-09-11T15:19:34.110+05:00  INFO 31148 --- [nomad-games] [           main] c.nomadgames.matchmaking.CasualQueueIT   : No active profile set, falling back to 1 default profile: "default"
2026-09-11T15:19:35.943+05:00  INFO 31148 --- [nomad-games] [           main] .s.d.r.c.RepositoryConfigurationDelegate : Bootstrapping Spring Data JPA repositories in DEFAULT mode.
2026-09-11T15:19:36.060+05:00  INFO 31148 --- [nomad-games] [           main] .s.d.r.c.RepositoryConfigurationDelegate : Finished Spring Data repository scanning in 100 ms. Found 4 JPA repository interfaces.
2026-09-11T15:19:37.869+05:00  INFO 31148 --- [nomad-games] [           main] org.flywaydb.core.FlywayExecutor         : Database: jdbc:postgresql://localhost:57310/test?loggerLevel=OFF (PostgreSQL 18.6)
2026-09-11T15:19:38.015+05:00  INFO 31148 --- [nomad-games] [           main] o.f.c.i.s.JdbcTableSchemaHistory         : Schema history table "public"."flyway_schema_history" does not exist yet
2026-09-11T15:19:38.024+05:00  INFO 31148 --- [nomad-games] [           main] o.f.core.internal.command.DbValidate     : Successfully validated 8 migrations (execution time 00:00.048s)
2026-09-11T15:19:38.057+05:00  INFO 31148 --- [nomad-games] [           main] o.f.c.i.s.JdbcTableSchemaHistory         : Creating Schema History table "public"."flyway_schema_history" ...
2026-09-11T15:19:38.171+05:00  INFO 31148 --- [nomad-games] [           main] o.f.core.internal.command.DbMigrate      : Current version of schema "public": << Empty Schema >>
2026-09-11T15:19:38.190+05:00  INFO 31148 --- [nomad-games] [           main] o.f.core.internal.command.DbMigrate      : Migrating schema "public" to version "1 - identity"
2026-09-11T15:19:38.244+05:00  INFO 31148 --- [nomad-games] [           main] o.f.core.internal.command.DbMigrate      : Migrating schema "public" to version "2 - matches"
2026-09-11T15:19:38.272+05:00  INFO 31148 --- [nomad-games] [           main] o.f.core.internal.command.DbMigrate      : Migrating schema "public" to version "3 - rooms"
2026-09-11T15:19:38.301+05:00  INFO 31148 --- [nomad-games] [           main] o.f.core.internal.command.DbMigrate      : Migrating schema "public" to version "4 - match seats"
2026-09-11T15:19:38.325+05:00  INFO 31148 --- [nomad-games] [           main] o.f.core.internal.command.DbMigrate      : Migrating schema "public" to version "5 - reconnect tokens"
2026-09-11T15:19:38.352+05:00  INFO 31148 --- [nomad-games] [           main] o.f.core.internal.command.DbMigrate      : Migrating schema "public" to version "6 - room version"
2026-09-11T15:19:38.382+05:00  INFO 31148 --- [nomad-games] [           main] o.f.core.internal.command.DbMigrate      : Migrating schema "public" to version "7 - economy ledger shop"
2026-09-11T15:19:38.424+05:00  INFO 31148 --- [nomad-games] [           main] o.f.core.internal.command.DbMigrate      : Migrating schema "public" to version "8 - soft purchase sku unique"
2026-09-11T15:19:38.447+05:00  INFO 31148 --- [nomad-games] [           main] o.f.core.internal.command.DbMigrate      : Successfully applied 8 migrations to schema "public", now at version v8 (execution time 00:00.101s)
2026-09-11T15:19:38.635+05:00  INFO 31148 --- [nomad-games] [           main] org.hibernate.orm.jpa                    : HHH008540: Processing PersistenceUnitInfo [name: default]
2026-09-11T15:19:38.769+05:00  INFO 31148 --- [nomad-games] [           main] org.hibernate.orm.core                   : HHH000001: Hibernate ORM core version 7.4.5.Final
2026-09-11T15:19:39.443+05:00  INFO 31148 --- [nomad-games] [           main] o.s.o.j.p.SpringPersistenceUnitInfo      : No LoadTimeWeaver setup: ignoring JPA class transformer
2026-09-11T15:19:39.494+05:00  INFO 31148 --- [nomad-games] [           main] com.zaxxer.hikari.HikariDataSource       : HikariPool-1 - Starting...
2026-09-11T15:19:39.534+05:00  INFO 31148 --- [nomad-games] [           main] com.zaxxer.hikari.pool.HikariPool        : HikariPool-1 - Added connection org.postgresql.jdbc.PgConnection@6567de86
2026-09-11T15:19:39.537+05:00  INFO 31148 --- [nomad-games] [           main] com.zaxxer.hikari.HikariDataSource       : HikariPool-1 - Start completed.
2026-09-11T15:19:39.655+05:00  INFO 31148 --- [nomad-games] [           main] org.hibernate.orm.connections.pooling    : HHH10001005: Database info:
	Database JDBC URL [jdbc:postgresql://localhost:57310/test?loggerLevel=OFF]
	Database driver: PostgreSQL JDBC Driver
	Database dialect: PostgreSQLDialect
	Database version: 18.6
	Default catalog/schema: test/public
	Autocommit mode: undefined/unknown
	Isolation level: READ_COMMITTED [default READ_COMMITTED]
	JDBC fetch size: none
	Pool: DataSourceConnectionProvider
	Minimum pool size: undefined/unknown
	Maximum pool size: undefined/unknown
2026-09-11T15:19:41.082+05:00  INFO 31148 --- [nomad-games] [           main] org.hibernate.orm.core                   : HHH000489: No JTA platform available (set 'hibernate.transaction.jta.platform' to enable JTA platform integration)
2026-09-11T15:19:41.151+05:00  INFO 31148 --- [nomad-games] [           main] j.LocalContainerEntityManagerFactoryBean : Initialized JPA EntityManagerFactory for persistence unit 'default'
2026-09-11T15:19:41.394+05:00  INFO 31148 --- [nomad-games] [           main] o.s.d.j.r.query.QueryEnhancerFactories   : Hibernate is in classpath; If applicable, HQL parser will be used.
2026-09-11T15:19:44.379+05:00  INFO 31148 --- [nomad-games] [           main] o.s.b.t.m.w.SpringBootMockServletContext : Initializing Spring TestDispatcherServlet ''
2026-09-11T15:19:44.379+05:00  INFO 31148 --- [nomad-games] [           main] o.s.t.web.servlet.TestDispatcherServlet  : Initializing Servlet ''
2026-09-11T15:19:44.398+05:00  INFO 31148 --- [nomad-games] [           main] o.s.b.a.e.web.EndpointLinksResolver      : Exposing 1 endpoint beneath base path '/actuator'
2026-09-11T15:19:44.411+05:00  INFO 31148 --- [nomad-games] [           main] o.s.t.web.servlet.TestDispatcherServlet  : Completed initialization in 32 ms
2026-09-11T15:19:44.620+05:00  INFO 31148 --- [nomad-games] [           main] c.nomadgames.matchmaking.CasualQueueIT   : Started CasualQueueIT in 10.989 seconds (process running for 16.936)
Mockito is currently self-attaching to enable the inline-mock-maker. This will no longer work in future releases of the JDK. Please add Mockito as an agent to your build as described in Mockito's documentation: https://javadoc.io/doc/org.mockito/mockito-core/latest/org.mockito/org/mockito/Mockito.html#0.3
WARNING: A Java agent has been loaded dynamically (C:\Users\sergei.elistratov\.m2\repository\net\bytebuddy\byte-buddy-agent\1.18.11\byte-buddy-agent-1.18.11.jar)
WARNING: If a serviceability tool is in use, please run with -XX:+EnableDynamicAgentLoading to hide this warning
WARNING: If a serviceability tool is not in use, please run with -Djdk.instrument.traceUsage for more information
WARNING: Dynamic loading of agents will be disallowed by default in a future release
OpenJDK 64-Bit Server VM warning: Sharing is only supported for boot loader classes because bootstrap classpath has been appended

MockHttpServletRequest:
      HTTP Method = POST
      Request URI = /v1/identity/guest
       Parameters = {}
          Headers = [Content-Type:"application/json;charset=UTF-8", Content-Length:"2"]
             Body = {}
    Session Attrs = {}

Handler:
             Type = com.nomadgames.identity.GuestController
           Method = com.nomadgames.identity.GuestController#createGuest(HttpServletRequest)

Async:
    Async started = false
     Async result = null

Resolved Exception:
             Type = null

ModelAndView:
        View name = null
             View = null
            Model = null

FlashMap:
       Attributes = null

MockHttpServletResponse:
           Status = 201
    Error message = null
          Headers = [Content-Type:"application/json", X-Content-Type-Options:"nosniff", X-XSS-Protection:"0", Cache-Control:"no-cache, no-store, max-age=0, must-revalidate", Pragma:"no-cache", Expires:"0", X-Frame-Options:"DENY"]
     Content type = application/json
             Body = {"playerId":"39115b39-6ef5-4333-9cde-cf649b7d7bb7","accessToken":"eyJraWQiOiJKR2U3VHBLalVQZmNlWFJBdjZ3a2FERndXV3ZDR18tVjY3SFNyb2NhRU04IiwidHlwIjoiSldUIiwiYWxnIjoiSFMyNTYifQ.eyJzdWIiOiIzOTExNWIzOS02ZWY1LTQzMzMtOWNkZS1jZjY0OWI3ZDdiYjciLCJndWVzdCI6dHJ1ZSwiZXhwIjoxNzg5MTIyODg1LCJpYXQiOjE3ODkxMjE5ODUsImp0aSI6IjEzZmRkMDRkLTg3ZDYtNDNlZC1hYjk1LTc2ZDUxZDFlZjkyZiJ9.iDPCPeHNxn8FLIGNnA6VcjNX4cRJxGjFWQxYf2EP2Vg","refreshToken":"RL-FRuiOFGaea6HpdURSBWyxK1aCOXCGELACKdF56vE","guest":true}
    Forwarded URL = null
   Redirected URL = null
          Cookies = []

MockHttpServletRequest:
      HTTP Method = POST
      Request URI = /v1/identity/guest
       Parameters = {}
          Headers = [Content-Type:"application/json;charset=UTF-8", Content-Length:"2"]
             Body = {}
    Session Attrs = {}

Handler:
             Type = com.nomadgames.identity.GuestController
           Method = com.nomadgames.identity.GuestController#createGuest(HttpServletRequest)

Async:
    Async started = false
     Async result = null

Resolved Exception:
             Type = null

ModelAndView:
        View name = null
             View = null
            Model = null

FlashMap:
       Attributes = null

MockHttpServletResponse:
           Status = 201
    Error message = null
          Headers = [Content-Type:"application/json", X-Content-Type-Options:"nosniff", X-XSS-Protection:"0", Cache-Control:"no-cache, no-store, max-age=0, must-revalidate", Pragma:"no-cache", Expires:"0", X-Frame-Options:"DENY"]
     Content type = application/json
             Body = {"playerId":"4da6beb2-7a7b-4aea-925d-077740033e4c","accessToken":"eyJraWQiOiJKR2U3VHBLalVQZmNlWFJBdjZ3a2FERndXV3ZDR18tVjY3SFNyb2NhRU04IiwidHlwIjoiSldUIiwiYWxnIjoiSFMyNTYifQ.eyJzdWIiOiI0ZGE2YmViMi03YTdiLTRhZWEtOTI1ZC0wNzc3NDAwMzNlNGMiLCJndWVzdCI6dHJ1ZSwiZXhwIjoxNzg5MTIyODg1LCJpYXQiOjE3ODkxMjE5ODUsImp0aSI6IjJjNzczN2FkLTdjMmMtNDBmZi1hNjdlLWRlYTljMTlhYjRlMiJ9.S2Ajjb5YUyb5vWyvpurvZfox_LR6DCm-vkWh2czZQfE","refreshToken":"JdUINPsb_zCPdoCKfMECVIu9Xk9j2vg70RZyLelqTs4","guest":true}
    Forwarded URL = null
   Redirected URL = null
          Cookies = []

MockHttpServletRequest:
      HTTP Method = POST
      Request URI = /v1/matchmaking/casual
       Parameters = {}
          Headers = [Content-Type:"application/json;charset=UTF-8", Authorization:"Bearer eyJraWQiOiJKR2U3VHBLalVQZmNlWFJBdjZ3a2FERndXV3ZDR18tVjY3SFNyb2NhRU04IiwidHlwIjoiSldUIiwiYWxnIjoiSFMyNTYifQ.eyJzdWIiOiIzOTExNWIzOS02ZWY1LTQzMzMtOWNkZS1jZjY0OWI3ZDdiYjciLCJndWVzdCI6dHJ1ZSwiZXhwIjoxNzg5MTIyODg1LCJpYXQiOjE3ODkxMjE5ODUsImp0aSI6IjEzZmRkMDRkLTg3ZDYtNDNlZC1hYjk1LTc2ZDUxZDFlZjkyZiJ9.iDPCPeHNxn8FLIGNnA6VcjNX4cRJxGjFWQxYf2EP2Vg", Content-Length:"2"]
             Body = {}
    Session Attrs = {}

Handler:
             Type = org.springframework.web.servlet.resource.ResourceHttpRequestHandler

Async:
    Async started = false
     Async result = null

Resolved Exception:
             Type = org.springframework.web.servlet.resource.NoResourceFoundException

ModelAndView:
        View name = null
             View = null
            Model = null

FlashMap:
       Attributes = null

MockHttpServletResponse:
           Status = 404
    Error message = No static resource v1/matchmaking/casual.
          Headers = [X-Content-Type-Options:"nosniff", X-XSS-Protection:"0", Cache-Control:"no-cache, no-store, max-age=0, must-revalidate", Pragma:"no-cache", Expires:"0", X-Frame-Options:"DENY"]
     Content type = null
             Body = 
    Forwarded URL = null
   Redirected URL = null
          Cookies = []

MockHttpServletRequest:
      HTTP Method = POST
      Request URI = /v1/identity/guest
       Parameters = {}
          Headers = [Content-Type:"application/json;charset=UTF-8", Content-Length:"2"]
             Body = {}
    Session Attrs = {}

Handler:
             Type = com.nomadgames.identity.GuestController
           Method = com.nomadgames.identity.GuestController#createGuest(HttpServletRequest)

Async:
    Async started = false
     Async result = null

Resolved Exception:
             Type = null

ModelAndView:
        View name = null
             View = null
            Model = null

FlashMap:
       Attributes = null

MockHttpServletResponse:
           Status = 201
    Error message = null
          Headers = [Content-Type:"application/json", X-Content-Type-Options:"nosniff", X-XSS-Protection:"0", Cache-Control:"no-cache, no-store, max-age=0, must-revalidate", Pragma:"no-cache", Expires:"0", X-Frame-Options:"DENY"]
     Content type = application/json
             Body = {"playerId":"90a580cb-ab05-4b3d-87cc-2c0895cc4528","accessToken":"eyJraWQiOiJKR2U3VHBLalVQZmNlWFJBdjZ3a2FERndXV3ZDR18tVjY3SFNyb2NhRU04IiwidHlwIjoiSldUIiwiYWxnIjoiSFMyNTYifQ.eyJzdWIiOiI5MGE1ODBjYi1hYjA1LTRiM2QtODdjYy0yYzA4OTVjYzQ1MjgiLCJndWVzdCI6dHJ1ZSwiZXhwIjoxNzg5MTIyODg1LCJpYXQiOjE3ODkxMjE5ODUsImp0aSI6IjQ0OGQxNDg3LTdmMjAtNDc1Yy04MDViLTA3ZWMwNmI2Y2JlMyJ9.b9P1Xe2jKS19Zag_k5VFiJdz8A6UQL9TYYSLdIe8L68","refreshToken":"CNKPGu4yu05VtVHRfVV_bxSKhsOrnQ4pNgG526NIUF0","guest":true}
    Forwarded URL = null
   Redirected URL = null
          Cookies = []

MockHttpServletRequest:
      HTTP Method = POST
      Request URI = /v1/matchmaking/casual
       Parameters = {}
          Headers = [Content-Type:"application/json;charset=UTF-8", Authorization:"Bearer eyJraWQiOiJKR2U3VHBLalVQZmNlWFJBdjZ3a2FERndXV3ZDR18tVjY3SFNyb2NhRU04IiwidHlwIjoiSldUIiwiYWxnIjoiSFMyNTYifQ.eyJzdWIiOiI5MGE1ODBjYi1hYjA1LTRiM2QtODdjYy0yYzA4OTVjYzQ1MjgiLCJndWVzdCI6dHJ1ZSwiZXhwIjoxNzg5MTIyODg1LCJpYXQiOjE3ODkxMjE5ODUsImp0aSI6IjQ0OGQxNDg3LTdmMjAtNDc1Yy04MDViLTA3ZWMwNmI2Y2JlMyJ9.b9P1Xe2jKS19Zag_k5VFiJdz8A6UQL9TYYSLdIe8L68", Content-Length:"2"]
             Body = {}
    Session Attrs = {}

Handler:
             Type = org.springframework.web.servlet.resource.ResourceHttpRequestHandler

Async:
    Async started = false
     Async result = null

Resolved Exception:
             Type = org.springframework.web.servlet.resource.NoResourceFoundException

ModelAndView:
        View name = null
             View = null
            Model = null

FlashMap:
       Attributes = null

MockHttpServletResponse:
           Status = 404
    Error message = No static resource v1/matchmaking/casual.
          Headers = [X-Content-Type-Options:"nosniff", X-XSS-Protection:"0", Cache-Control:"no-cache, no-store, max-age=0, must-revalidate", Pragma:"no-cache", Expires:"0", X-Frame-Options:"DENY"]
     Content type = null
             Body = 
    Forwarded URL = null
   Redirected URL = null
          Cookies = []

MockHttpServletRequest:
      HTTP Method = POST
      Request URI = /v1/matchmaking/casual
       Parameters = {}
          Headers = [Content-Type:"application/json;charset=UTF-8", Authorization:"Bearer eyJraWQiOiJKR2U3VHBLalVQZmNlWFJBdjZ3a2FERndXV3ZDR18tVjY3SFNyb2NhRU04IiwidHlwIjoiSldUIiwiYWxnIjoiSFMyNTYifQ.eyJzdWIiOiI5MGE1ODBjYi1hYjA1LTRiM2QtODdjYy0yYzA4OTVjYzQ1MjgiLCJndWVzdCI6dHJ1ZSwiZXhwIjoxNzg5MTIyODg1LCJpYXQiOjE3ODkxMjE5ODUsImp0aSI6IjQ0OGQxNDg3LTdmMjAtNDc1Yy04MDViLTA3ZWMwNmI2Y2JlMyJ9.b9P1Xe2jKS19Zag_k5VFiJdz8A6UQL9TYYSLdIe8L68", Content-Length:"2"]
             Body = {}
    Session Attrs = {}

Handler:
             Type = org.springframework.web.servlet.resource.ResourceHttpRequestHandler

Async:
    Async started = false
     Async result = null

Resolved Exception:
             Type = org.springframework.web.servlet.resource.NoResourceFoundException

ModelAndView:
        View name = null
             View = null
            Model = null

FlashMap:
       Attributes = null

MockHttpServletResponse:
           Status = 404
    Error message = No static resource v1/matchmaking/casual.
          Headers = [X-Content-Type-Options:"nosniff", X-XSS-Protection:"0", Cache-Control:"no-cache, no-store, max-age=0, must-revalidate", Pragma:"no-cache", Expires:"0", X-Frame-Options:"DENY"]
     Content type = null
             Body = 
    Forwarded URL = null
   Redirected URL = null
          Cookies = []

MockHttpServletRequest:
      HTTP Method = POST
      Request URI = /v1/matchmaking/casual
       Parameters = {}
          Headers = [Content-Type:"application/json;charset=UTF-8", Authorization:"Bearer eyJraWQiOiJKR2U3VHBLalVQZmNlWFJBdjZ3a2FERndXV3ZDR18tVjY3SFNyb2NhRU04IiwidHlwIjoiSldUIiwiYWxnIjoiSFMyNTYifQ.eyJzdWIiOiI5MGE1ODBjYi1hYjA1LTRiM2QtODdjYy0yYzA4OTVjYzQ1MjgiLCJndWVzdCI6dHJ1ZSwiZXhwIjoxNzg5MTIyODg1LCJpYXQiOjE3ODkxMjE5ODUsImp0aSI6IjQ0OGQxNDg3LTdmMjAtNDc1Yy04MDViLTA3ZWMwNmI2Y2JlMyJ9.b9P1Xe2jKS19Zag_k5VFiJdz8A6UQL9TYYSLdIe8L68", Content-Length:"2"]
             Body = {}
    Session Attrs = {}

Handler:
             Type = org.springframework.web.servlet.resource.ResourceHttpRequestHandler

Async:
    Async started = false
     Async result = null

Resolved Exception:
             Type = org.springframework.web.servlet.resource.NoResourceFoundException

ModelAndView:
        View name = null
             View = null
            Model = null

FlashMap:
       Attributes = null

MockHttpServletResponse:
           Status = 404
    Error message = No static resource v1/matchmaking/casual.
          Headers = [X-Content-Type-Options:"nosniff", X-XSS-Protection:"0", Cache-Control:"no-cache, no-store, max-age=0, must-revalidate", Pragma:"no-cache", Expires:"0", X-Frame-Options:"DENY"]
     Content type = null
             Body = 
    Forwarded URL = null
   Redirected URL = null
          Cookies = []

MockHttpServletRequest:
      HTTP Method = POST
      Request URI = /v1/matchmaking/casual
       Parameters = {}
          Headers = [Content-Type:"application/json;charset=UTF-8", Authorization:"Bearer eyJraWQiOiJKR2U3VHBLalVQZmNlWFJBdjZ3a2FERndXV3ZDR18tVjY3SFNyb2NhRU04IiwidHlwIjoiSldUIiwiYWxnIjoiSFMyNTYifQ.eyJzdWIiOiI5MGE1ODBjYi1hYjA1LTRiM2QtODdjYy0yYzA4OTVjYzQ1MjgiLCJndWVzdCI6dHJ1ZSwiZXhwIjoxNzg5MTIyODg1LCJpYXQiOjE3ODkxMjE5ODUsImp0aSI6IjQ0OGQxNDg3LTdmMjAtNDc1Yy04MDViLTA3ZWMwNmI2Y2JlMyJ9.b9P1Xe2jKS19Zag_k5VFiJdz8A6UQL9TYYSLdIe8L68", Content-Length:"2"]
             Body = {}
    Session Attrs = {}

Handler:
             Type = org.springframework.web.servlet.resource.ResourceHttpRequestHandler

Async:
    Async started = false
     Async result = null

Resolved Exception:
             Type = org.springframework.web.servlet.resource.NoResourceFoundException

ModelAndView:
        View name = null
             View = null
            Model = null

FlashMap:
       Attributes = null

MockHttpServletResponse:
           Status = 404
    Error message = No static resource v1/matchmaking/casual.
          Headers = [X-Content-Type-Options:"nosniff", X-XSS-Protection:"0", Cache-Control:"no-cache, no-store, max-age=0, must-revalidate", Pragma:"no-cache", Expires:"0", X-Frame-Options:"DENY"]
     Content type = null
             Body = 
    Forwarded URL = null
   Redirected URL = null
          Cookies = []

MockHttpServletRequest:
      HTTP Method = POST
      Request URI = /v1/matchmaking/casual
       Parameters = {}
          Headers = [Content-Type:"application/json;charset=UTF-8", Authorization:"Bearer eyJraWQiOiJKR2U3VHBLalVQZmNlWFJBdjZ3a2FERndXV3ZDR18tVjY3SFNyb2NhRU04IiwidHlwIjoiSldUIiwiYWxnIjoiSFMyNTYifQ.eyJzdWIiOiI5MGE1ODBjYi1hYjA1LTRiM2QtODdjYy0yYzA4OTVjYzQ1MjgiLCJndWVzdCI6dHJ1ZSwiZXhwIjoxNzg5MTIyODg1LCJpYXQiOjE3ODkxMjE5ODUsImp0aSI6IjQ0OGQxNDg3LTdmMjAtNDc1Yy04MDViLTA3ZWMwNmI2Y2JlMyJ9.b9P1Xe2jKS19Zag_k5VFiJdz8A6UQL9TYYSLdIe8L68", Content-Length:"2"]
             Body = {}
    Session Attrs = {}

Handler:
             Type = org.springframework.web.servlet.resource.ResourceHttpRequestHandler

Async:
    Async started = false
     Async result = null

Resolved Exception:
             Type = org.springframework.web.servlet.resource.NoResourceFoundException

ModelAndView:
        View name = null
             View = null
            Model = null

FlashMap:
       Attributes = null

MockHttpServletResponse:
           Status = 404
    Error message = No static resource v1/matchmaking/casual.
          Headers = [X-Content-Type-Options:"nosniff", X-XSS-Protection:"0", Cache-Control:"no-cache, no-store, max-age=0, must-revalidate", Pragma:"no-cache", Expires:"0", X-Frame-Options:"DENY"]
     Content type = null
             Body = 
    Forwarded URL = null
   Redirected URL = null
          Cookies = []

MockHttpServletRequest:
      HTTP Method = POST
      Request URI = /v1/matchmaking/casual
       Parameters = {}
          Headers = [Content-Type:"application/json;charset=UTF-8", Authorization:"Bearer eyJraWQiOiJKR2U3VHBLalVQZmNlWFJBdjZ3a2FERndXV3ZDR18tVjY3SFNyb2NhRU04IiwidHlwIjoiSldUIiwiYWxnIjoiSFMyNTYifQ.eyJzdWIiOiI5MGE1ODBjYi1hYjA1LTRiM2QtODdjYy0yYzA4OTVjYzQ1MjgiLCJndWVzdCI6dHJ1ZSwiZXhwIjoxNzg5MTIyODg1LCJpYXQiOjE3ODkxMjE5ODUsImp0aSI6IjQ0OGQxNDg3LTdmMjAtNDc1Yy04MDViLTA3ZWMwNmI2Y2JlMyJ9.b9P1Xe2jKS19Zag_k5VFiJdz8A6UQL9TYYSLdIe8L68", Content-Length:"2"]
             Body = {}
    Session Attrs = {}

Handler:
             Type = org.springframework.web.servlet.resource.ResourceHttpRequestHandler

Async:
    Async started = false
     Async result = null

Resolved Exception:
             Type = org.springframework.web.servlet.resource.NoResourceFoundException

ModelAndView:
        View name = null
             View = null
            Model = null

FlashMap:
       Attributes = null

MockHttpServletResponse:
           Status = 404
    Error message = No static resource v1/matchmaking/casual.
          Headers = [X-Content-Type-Options:"nosniff", X-XSS-Protection:"0", Cache-Control:"no-cache, no-store, max-age=0, must-revalidate", Pragma:"no-cache", Expires:"0", X-Frame-Options:"DENY"]
     Content type = null
             Body = 
    Forwarded URL = null
   Redirected URL = null
          Cookies = []

MockHttpServletRequest:
      HTTP Method = POST
      Request URI = /v1/matchmaking/casual
       Parameters = {}
          Headers = [Content-Type:"application/json;charset=UTF-8", Authorization:"Bearer eyJraWQiOiJKR2U3VHBLalVQZmNlWFJBdjZ3a2FERndXV3ZDR18tVjY3SFNyb2NhRU04IiwidHlwIjoiSldUIiwiYWxnIjoiSFMyNTYifQ.eyJzdWIiOiI5MGE1ODBjYi1hYjA1LTRiM2QtODdjYy0yYzA4OTVjYzQ1MjgiLCJndWVzdCI6dHJ1ZSwiZXhwIjoxNzg5MTIyODg1LCJpYXQiOjE3ODkxMjE5ODUsImp0aSI6IjQ0OGQxNDg3LTdmMjAtNDc1Yy04MDViLTA3ZWMwNmI2Y2JlMyJ9.b9P1Xe2jKS19Zag_k5VFiJdz8A6UQL9TYYSLdIe8L68", Content-Length:"2"]
             Body = {}
    Session Attrs = {}

Handler:
             Type = org.springframework.web.servlet.resource.ResourceHttpRequestHandler

Async:
    Async started = false
     Async result = null

Resolved Exception:
             Type = org.springframework.web.servlet.resource.NoResourceFoundException

ModelAndView:
        View name = null
             View = null
            Model = null

FlashMap:
       Attributes = null

MockHttpServletResponse:
           Status = 404
    Error message = No static resource v1/matchmaking/casual.
          Headers = [X-Content-Type-Options:"nosniff", X-XSS-Protection:"0", Cache-Control:"no-cache, no-store, max-age=0, must-revalidate", Pragma:"no-cache", Expires:"0", X-Frame-Options:"DENY"]
     Content type = null
             Body = 
    Forwarded URL = null
   Redirected URL = null
          Cookies = []

MockHttpServletRequest:
      HTTP Method = POST
      Request URI = /v1/matchmaking/casual
       Parameters = {}
          Headers = [Content-Type:"application/json;charset=UTF-8", Authorization:"Bearer eyJraWQiOiJKR2U3VHBLalVQZmNlWFJBdjZ3a2FERndXV3ZDR18tVjY3SFNyb2NhRU04IiwidHlwIjoiSldUIiwiYWxnIjoiSFMyNTYifQ.eyJzdWIiOiI5MGE1ODBjYi1hYjA1LTRiM2QtODdjYy0yYzA4OTVjYzQ1MjgiLCJndWVzdCI6dHJ1ZSwiZXhwIjoxNzg5MTIyODg1LCJpYXQiOjE3ODkxMjE5ODUsImp0aSI6IjQ0OGQxNDg3LTdmMjAtNDc1Yy04MDViLTA3ZWMwNmI2Y2JlMyJ9.b9P1Xe2jKS19Zag_k5VFiJdz8A6UQL9TYYSLdIe8L68", Content-Length:"2"]
             Body = {}
    Session Attrs = {}

Handler:
             Type = org.springframework.web.servlet.resource.ResourceHttpRequestHandler

Async:
    Async started = false
     Async result = null

Resolved Exception:
             Type = org.springframework.web.servlet.resource.NoResourceFoundException

ModelAndView:
        View name = null
             View = null
            Model = null

FlashMap:
       Attributes = null

MockHttpServletResponse:
           Status = 404
    Error message = No static resource v1/matchmaking/casual.
          Headers = [X-Content-Type-Options:"nosniff", X-XSS-Protection:"0", Cache-Control:"no-cache, no-store, max-age=0, must-revalidate", Pragma:"no-cache", Expires:"0", X-Frame-Options:"DENY"]
     Content type = null
             Body = 
    Forwarded URL = null
   Redirected URL = null
          Cookies = []

MockHttpServletRequest:
      HTTP Method = POST
      Request URI = /v1/matchmaking/casual
       Parameters = {}
          Headers = [Content-Type:"application/json;charset=UTF-8", Authorization:"Bearer eyJraWQiOiJKR2U3VHBLalVQZmNlWFJBdjZ3a2FERndXV3ZDR18tVjY3SFNyb2NhRU04IiwidHlwIjoiSldUIiwiYWxnIjoiSFMyNTYifQ.eyJzdWIiOiI5MGE1ODBjYi1hYjA1LTRiM2QtODdjYy0yYzA4OTVjYzQ1MjgiLCJndWVzdCI6dHJ1ZSwiZXhwIjoxNzg5MTIyODg1LCJpYXQiOjE3ODkxMjE5ODUsImp0aSI6IjQ0OGQxNDg3LTdmMjAtNDc1Yy04MDViLTA3ZWMwNmI2Y2JlMyJ9.b9P1Xe2jKS19Zag_k5VFiJdz8A6UQL9TYYSLdIe8L68", Content-Length:"2"]
             Body = {}
    Session Attrs = {}

Handler:
             Type = org.springframework.web.servlet.resource.ResourceHttpRequestHandler

Async:
    Async started = false
     Async result = null

Resolved Exception:
             Type = org.springframework.web.servlet.resource.NoResourceFoundException

ModelAndView:
        View name = null
             View = null
            Model = null

FlashMap:
       Attributes = null

MockHttpServletResponse:
           Status = 404
    Error message = No static resource v1/matchmaking/casual.
          Headers = [X-Content-Type-Options:"nosniff", X-XSS-Protection:"0", Cache-Control:"no-cache, no-store, max-age=0, must-revalidate", Pragma:"no-cache", Expires:"0", X-Frame-Options:"DENY"]
     Content type = null
             Body = 
    Forwarded URL = null
   Redirected URL = null
          Cookies = []

MockHttpServletRequest:
      HTTP Method = POST
      Request URI = /v1/matchmaking/casual
       Parameters = {}
          Headers = [Content-Type:"application/json;charset=UTF-8", Authorization:"Bearer eyJraWQiOiJKR2U3VHBLalVQZmNlWFJBdjZ3a2FERndXV3ZDR18tVjY3SFNyb2NhRU04IiwidHlwIjoiSldUIiwiYWxnIjoiSFMyNTYifQ.eyJzdWIiOiI5MGE1ODBjYi1hYjA1LTRiM2QtODdjYy0yYzA4OTVjYzQ1MjgiLCJndWVzdCI6dHJ1ZSwiZXhwIjoxNzg5MTIyODg1LCJpYXQiOjE3ODkxMjE5ODUsImp0aSI6IjQ0OGQxNDg3LTdmMjAtNDc1Yy04MDViLTA3ZWMwNmI2Y2JlMyJ9.b9P1Xe2jKS19Zag_k5VFiJdz8A6UQL9TYYSLdIe8L68", Content-Length:"2"]
             Body = {}
    Session Attrs = {}

Handler:
             Type = org.springframework.web.servlet.resource.ResourceHttpRequestHandler

Async:
    Async started = false
     Async result = null

Resolved Exception:
             Type = org.springframework.web.servlet.resource.NoResourceFoundException

ModelAndView:
        View name = null
             View = null
            Model = null

FlashMap:
       Attributes = null

MockHttpServletResponse:
           Status = 404
    Error message = No static resource v1/matchmaking/casual.
          Headers = [X-Content-Type-Options:"nosniff", X-XSS-Protection:"0", Cache-Control:"no-cache, no-store, max-age=0, must-revalidate", Pragma:"no-cache", Expires:"0", X-Frame-Options:"DENY"]
     Content type = null
             Body = 
    Forwarded URL = null
   Redirected URL = null
          Cookies = []

MockHttpServletRequest:
      HTTP Method = POST
      Request URI = /v1/matchmaking/casual
       Parameters = {}
          Headers = [Content-Type:"application/json;charset=UTF-8", Authorization:"Bearer eyJraWQiOiJKR2U3VHBLalVQZmNlWFJBdjZ3a2FERndXV3ZDR18tVjY3SFNyb2NhRU04IiwidHlwIjoiSldUIiwiYWxnIjoiSFMyNTYifQ.eyJzdWIiOiI5MGE1ODBjYi1hYjA1LTRiM2QtODdjYy0yYzA4OTVjYzQ1MjgiLCJndWVzdCI6dHJ1ZSwiZXhwIjoxNzg5MTIyODg1LCJpYXQiOjE3ODkxMjE5ODUsImp0aSI6IjQ0OGQxNDg3LTdmMjAtNDc1Yy04MDViLTA3ZWMwNmI2Y2JlMyJ9.b9P1Xe2jKS19Zag_k5VFiJdz8A6UQL9TYYSLdIe8L68", Content-Length:"2"]
             Body = {}
    Session Attrs = {}

Handler:
             Type = org.springframework.web.servlet.resource.ResourceHttpRequestHandler

Async:
    Async started = false
     Async result = null

Resolved Exception:
             Type = org.springframework.web.servlet.resource.NoResourceFoundException

ModelAndView:
        View name = null
             View = null
            Model = null

FlashMap:
       Attributes = null

MockHttpServletResponse:
           Status = 404
    Error message = No static resource v1/matchmaking/casual.
          Headers = [X-Content-Type-Options:"nosniff", X-XSS-Protection:"0", Cache-Control:"no-cache, no-store, max-age=0, must-revalidate", Pragma:"no-cache", Expires:"0", X-Frame-Options:"DENY"]
     Content type = null
             Body = 
    Forwarded URL = null
   Redirected URL = null
          Cookies = []

MockHttpServletRequest:
      HTTP Method = POST
      Request URI = /v1/matchmaking/casual
       Parameters = {}
          Headers = [Content-Type:"application/json;charset=UTF-8", Authorization:"Bearer eyJraWQiOiJKR2U3VHBLalVQZmNlWFJBdjZ3a2FERndXV3ZDR18tVjY3SFNyb2NhRU04IiwidHlwIjoiSldUIiwiYWxnIjoiSFMyNTYifQ.eyJzdWIiOiI5MGE1ODBjYi1hYjA1LTRiM2QtODdjYy0yYzA4OTVjYzQ1MjgiLCJndWVzdCI6dHJ1ZSwiZXhwIjoxNzg5MTIyODg1LCJpYXQiOjE3ODkxMjE5ODUsImp0aSI6IjQ0OGQxNDg3LTdmMjAtNDc1Yy04MDViLTA3ZWMwNmI2Y2JlMyJ9.b9P1Xe2jKS19Zag_k5VFiJdz8A6UQL9TYYSLdIe8L68", Content-Length:"2"]
             Body = {}
    Session Attrs = {}

Handler:
             Type = org.springframework.web.servlet.resource.ResourceHttpRequestHandler

Async:
    Async started = false
     Async result = null

Resolved Exception:
             Type = org.springframework.web.servlet.resource.NoResourceFoundException

ModelAndView:
        View name = null
             View = null
            Model = null

FlashMap:
       Attributes = null

MockHttpServletResponse:
           Status = 404
    Error message = No static resource v1/matchmaking/casual.
          Headers = [X-Content-Type-Options:"nosniff", X-XSS-Protection:"0", Cache-Control:"no-cache, no-store, max-age=0, must-revalidate", Pragma:"no-cache", Expires:"0", X-Frame-Options:"DENY"]
     Content type = null
             Body = 
    Forwarded URL = null
   Redirected URL = null
          Cookies = []

MockHttpServletRequest:
      HTTP Method = POST
      Request URI = /v1/matchmaking/casual
       Parameters = {}
          Headers = [Content-Type:"application/json;charset=UTF-8", Authorization:"Bearer eyJraWQiOiJKR2U3VHBLalVQZmNlWFJBdjZ3a2FERndXV3ZDR18tVjY3SFNyb2NhRU04IiwidHlwIjoiSldUIiwiYWxnIjoiSFMyNTYifQ.eyJzdWIiOiI5MGE1ODBjYi1hYjA1LTRiM2QtODdjYy0yYzA4OTVjYzQ1MjgiLCJndWVzdCI6dHJ1ZSwiZXhwIjoxNzg5MTIyODg1LCJpYXQiOjE3ODkxMjE5ODUsImp0aSI6IjQ0OGQxNDg3LTdmMjAtNDc1Yy04MDViLTA3ZWMwNmI2Y2JlMyJ9.b9P1Xe2jKS19Zag_k5VFiJdz8A6UQL9TYYSLdIe8L68", Content-Length:"2"]
             Body = {}
    Session Attrs = {}

Handler:
             Type = org.springframework.web.servlet.resource.ResourceHttpRequestHandler

Async:
    Async started = false
     Async result = null

Resolved Exception:
             Type = org.springframework.web.servlet.resource.NoResourceFoundException

ModelAndView:
        View name = null
             View = null
            Model = null

FlashMap:
       Attributes = null

MockHttpServletResponse:
           Status = 404
    Error message = No static resource v1/matchmaking/casual.
          Headers = [X-Content-Type-Options:"nosniff", X-XSS-Protection:"0", Cache-Control:"no-cache, no-store, max-age=0, must-revalidate", Pragma:"no-cache", Expires:"0", X-Frame-Options:"DENY"]
     Content type = null
             Body = 
    Forwarded URL = null
   Redirected URL = null
          Cookies = []

MockHttpServletRequest:
      HTTP Method = POST
      Request URI = /v1/matchmaking/casual
       Parameters = {}
          Headers = [Content-Type:"application/json;charset=UTF-8", Authorization:"Bearer eyJraWQiOiJKR2U3VHBLalVQZmNlWFJBdjZ3a2FERndXV3ZDR18tVjY3SFNyb2NhRU04IiwidHlwIjoiSldUIiwiYWxnIjoiSFMyNTYifQ.eyJzdWIiOiI5MGE1ODBjYi1hYjA1LTRiM2QtODdjYy0yYzA4OTVjYzQ1MjgiLCJndWVzdCI6dHJ1ZSwiZXhwIjoxNzg5MTIyODg1LCJpYXQiOjE3ODkxMjE5ODUsImp0aSI6IjQ0OGQxNDg3LTdmMjAtNDc1Yy04MDViLTA3ZWMwNmI2Y2JlMyJ9.b9P1Xe2jKS19Zag_k5VFiJdz8A6UQL9TYYSLdIe8L68", Content-Length:"2"]
             Body = {}
    Session Attrs = {}

Handler:
             Type = org.springframework.web.servlet.resource.ResourceHttpRequestHandler

Async:
    Async started = false
     Async result = null

Resolved Exception:
             Type = org.springframework.web.servlet.resource.NoResourceFoundException

ModelAndView:
        View name = null
             View = null
            Model = null

FlashMap:
       Attributes = null

MockHttpServletResponse:
           Status = 404
    Error message = No static resource v1/matchmaking/casual.
          Headers = [X-Content-Type-Options:"nosniff", X-XSS-Protection:"0", Cache-Control:"no-cache, no-store, max-age=0, must-revalidate", Pragma:"no-cache", Expires:"0", X-Frame-Options:"DENY"]
     Content type = null
             Body = 
    Forwarded URL = null
   Redirected URL = null
          Cookies = []

MockHttpServletRequest:
      HTTP Method = POST
      Request URI = /v1/matchmaking/casual
       Parameters = {}
          Headers = [Content-Type:"application/json;charset=UTF-8", Authorization:"Bearer eyJraWQiOiJKR2U3VHBLalVQZmNlWFJBdjZ3a2FERndXV3ZDR18tVjY3SFNyb2NhRU04IiwidHlwIjoiSldUIiwiYWxnIjoiSFMyNTYifQ.eyJzdWIiOiI5MGE1ODBjYi1hYjA1LTRiM2QtODdjYy0yYzA4OTVjYzQ1MjgiLCJndWVzdCI6dHJ1ZSwiZXhwIjoxNzg5MTIyODg1LCJpYXQiOjE3ODkxMjE5ODUsImp0aSI6IjQ0OGQxNDg3LTdmMjAtNDc1Yy04MDViLTA3ZWMwNmI2Y2JlMyJ9.b9P1Xe2jKS19Zag_k5VFiJdz8A6UQL9TYYSLdIe8L68", Content-Length:"2"]
             Body = {}
    Session Attrs = {}

Handler:
             Type = org.springframework.web.servlet.resource.ResourceHttpRequestHandler

Async:
    Async started = false
     Async result = null

Resolved Exception:
             Type = org.springframework.web.servlet.resource.NoResourceFoundException

ModelAndView:
        View name = null
             View = null
            Model = null

FlashMap:
       Attributes = null

MockHttpServletResponse:
           Status = 404
    Error message = No static resource v1/matchmaking/casual.
          Headers = [X-Content-Type-Options:"nosniff", X-XSS-Protection:"0", Cache-Control:"no-cache, no-store, max-age=0, must-revalidate", Pragma:"no-cache", Expires:"0", X-Frame-Options:"DENY"]
     Content type = null
             Body = 
    Forwarded URL = null
   Redirected URL = null
          Cookies = []

MockHttpServletRequest:
      HTTP Method = POST
      Request URI = /v1/matchmaking/casual
       Parameters = {}
          Headers = [Content-Type:"application/json;charset=UTF-8", Authorization:"Bearer eyJraWQiOiJKR2U3VHBLalVQZmNlWFJBdjZ3a2FERndXV3ZDR18tVjY3SFNyb2NhRU04IiwidHlwIjoiSldUIiwiYWxnIjoiSFMyNTYifQ.eyJzdWIiOiI5MGE1ODBjYi1hYjA1LTRiM2QtODdjYy0yYzA4OTVjYzQ1MjgiLCJndWVzdCI6dHJ1ZSwiZXhwIjoxNzg5MTIyODg1LCJpYXQiOjE3ODkxMjE5ODUsImp0aSI6IjQ0OGQxNDg3LTdmMjAtNDc1Yy04MDViLTA3ZWMwNmI2Y2JlMyJ9.b9P1Xe2jKS19Zag_k5VFiJdz8A6UQL9TYYSLdIe8L68", Content-Length:"2"]
             Body = {}
    Session Attrs = {}

Handler:
             Type = org.springframework.web.servlet.resource.ResourceHttpRequestHandler

Async:
    Async started = false
     Async result = null

Resolved Exception:
             Type = org.springframework.web.servlet.resource.NoResourceFoundException

ModelAndView:
        View name = null
             View = null
            Model = null

FlashMap:
       Attributes = null

MockHttpServletResponse:
           Status = 404
    Error message = No static resource v1/matchmaking/casual.
          Headers = [X-Content-Type-Options:"nosniff", X-XSS-Protection:"0", Cache-Control:"no-cache, no-store, max-age=0, must-revalidate", Pragma:"no-cache", Expires:"0", X-Frame-Options:"DENY"]
     Content type = null
             Body = 
    Forwarded URL = null
   Redirected URL = null
          Cookies = []

MockHttpServletRequest:
      HTTP Method = POST
      Request URI = /v1/matchmaking/casual
       Parameters = {}
          Headers = [Content-Type:"application/json;charset=UTF-8", Authorization:"Bearer eyJraWQiOiJKR2U3VHBLalVQZmNlWFJBdjZ3a2FERndXV3ZDR18tVjY3SFNyb2NhRU04IiwidHlwIjoiSldUIiwiYWxnIjoiSFMyNTYifQ.eyJzdWIiOiI5MGE1ODBjYi1hYjA1LTRiM2QtODdjYy0yYzA4OTVjYzQ1MjgiLCJndWVzdCI6dHJ1ZSwiZXhwIjoxNzg5MTIyODg1LCJpYXQiOjE3ODkxMjE5ODUsImp0aSI6IjQ0OGQxNDg3LTdmMjAtNDc1Yy04MDViLTA3ZWMwNmI2Y2JlMyJ9.b9P1Xe2jKS19Zag_k5VFiJdz8A6UQL9TYYSLdIe8L68", Content-Length:"2"]
             Body = {}
    Session Attrs = {}

Handler:
             Type = org.springframework.web.servlet.resource.ResourceHttpRequestHandler

Async:
    Async started = false
     Async result = null

Resolved Exception:
             Type = org.springframework.web.servlet.resource.NoResourceFoundException

ModelAndView:
        View name = null
             View = null
            Model = null

FlashMap:
       Attributes = null

MockHttpServletResponse:
           Status = 404
    Error message = No static resource v1/matchmaking/casual.
          Headers = [X-Content-Type-Options:"nosniff", X-XSS-Protection:"0", Cache-Control:"no-cache, no-store, max-age=0, must-revalidate", Pragma:"no-cache", Expires:"0", X-Frame-Options:"DENY"]
     Content type = null
             Body = 
    Forwarded URL = null
   Redirected URL = null
          Cookies = []

MockHttpServletRequest:
      HTTP Method = POST
      Request URI = /v1/matchmaking/casual
       Parameters = {}
          Headers = [Content-Type:"application/json;charset=UTF-8", Authorization:"Bearer eyJraWQiOiJKR2U3VHBLalVQZmNlWFJBdjZ3a2FERndXV3ZDR18tVjY3SFNyb2NhRU04IiwidHlwIjoiSldUIiwiYWxnIjoiSFMyNTYifQ.eyJzdWIiOiI5MGE1ODBjYi1hYjA1LTRiM2QtODdjYy0yYzA4OTVjYzQ1MjgiLCJndWVzdCI6dHJ1ZSwiZXhwIjoxNzg5MTIyODg1LCJpYXQiOjE3ODkxMjE5ODUsImp0aSI6IjQ0OGQxNDg3LTdmMjAtNDc1Yy04MDViLTA3ZWMwNmI2Y2JlMyJ9.b9P1Xe2jKS19Zag_k5VFiJdz8A6UQL9TYYSLdIe8L68", Content-Length:"2"]
             Body = {}
    Session Attrs = {}

Handler:
             Type = org.springframework.web.servlet.resource.ResourceHttpRequestHandler

Async:
    Async started = false
     Async result = null

Resolved Exception:
             Type = org.springframework.web.servlet.resource.NoResourceFoundException

ModelAndView:
        View name = null
             View = null
            Model = null

FlashMap:
       Attributes = null

MockHttpServletResponse:
           Status = 404
    Error message = No static resource v1/matchmaking/casual.
          Headers = [X-Content-Type-Options:"nosniff", X-XSS-Protection:"0", Cache-Control:"no-cache, no-store, max-age=0, must-revalidate", Pragma:"no-cache", Expires:"0", X-Frame-Options:"DENY"]
     Content type = null
             Body = 
    Forwarded URL = null
   Redirected URL = null
          Cookies = []

MockHttpServletRequest:
      HTTP Method = POST
      Request URI = /v1/matchmaking/casual
       Parameters = {}
          Headers = [Content-Type:"application/json;charset=UTF-8", Authorization:"Bearer eyJraWQiOiJKR2U3VHBLalVQZmNlWFJBdjZ3a2FERndXV3ZDR18tVjY3SFNyb2NhRU04IiwidHlwIjoiSldUIiwiYWxnIjoiSFMyNTYifQ.eyJzdWIiOiI5MGE1ODBjYi1hYjA1LTRiM2QtODdjYy0yYzA4OTVjYzQ1MjgiLCJndWVzdCI6dHJ1ZSwiZXhwIjoxNzg5MTIyODg1LCJpYXQiOjE3ODkxMjE5ODUsImp0aSI6IjQ0OGQxNDg3LTdmMjAtNDc1Yy04MDViLTA3ZWMwNmI2Y2JlMyJ9.b9P1Xe2jKS19Zag_k5VFiJdz8A6UQL9TYYSLdIe8L68", Content-Length:"2"]
             Body = {}
    Session Attrs = {}

Handler:
             Type = org.springframework.web.servlet.resource.ResourceHttpRequestHandler

Async:
    Async started = false
     Async result = null

Resolved Exception:
             Type = org.springframework.web.servlet.resource.NoResourceFoundException

ModelAndView:
        View name = null
             View = null
            Model = null

FlashMap:
       Attributes = null

MockHttpServletResponse:
           Status = 404
    Error message = No static resource v1/matchmaking/casual.
          Headers = [X-Content-Type-Options:"nosniff", X-XSS-Protection:"0", Cache-Control:"no-cache, no-store, max-age=0, must-revalidate", Pragma:"no-cache", Expires:"0", X-Frame-Options:"DENY"]
     Content type = null
             Body = 
    Forwarded URL = null
   Redirected URL = null
          Cookies = []

MockHttpServletRequest:
      HTTP Method = POST
      Request URI = /v1/matchmaking/casual
       Parameters = {}
          Headers = [Content-Type:"application/json;charset=UTF-8", Authorization:"Bearer eyJraWQiOiJKR2U3VHBLalVQZmNlWFJBdjZ3a2FERndXV3ZDR18tVjY3SFNyb2NhRU04IiwidHlwIjoiSldUIiwiYWxnIjoiSFMyNTYifQ.eyJzdWIiOiI5MGE1ODBjYi1hYjA1LTRiM2QtODdjYy0yYzA4OTVjYzQ1MjgiLCJndWVzdCI6dHJ1ZSwiZXhwIjoxNzg5MTIyODg1LCJpYXQiOjE3ODkxMjE5ODUsImp0aSI6IjQ0OGQxNDg3LTdmMjAtNDc1Yy04MDViLTA3ZWMwNmI2Y2JlMyJ9.b9P1Xe2jKS19Zag_k5VFiJdz8A6UQL9TYYSLdIe8L68", Content-Length:"2"]
             Body = {}
    Session Attrs = {}

Handler:
             Type = org.springframework.web.servlet.resource.ResourceHttpRequestHandler

Async:
    Async started = false
     Async result = null

Resolved Exception:
             Type = org.springframework.web.servlet.resource.NoResourceFoundException

ModelAndView:
        View name = null
             View = null
            Model = null

FlashMap:
       Attributes = null

MockHttpServletResponse:
           Status = 404
    Error message = No static resource v1/matchmaking/casual.
          Headers = [X-Content-Type-Options:"nosniff", X-XSS-Protection:"0", Cache-Control:"no-cache, no-store, max-age=0, must-revalidate", Pragma:"no-cache", Expires:"0", X-Frame-Options:"DENY"]
     Content type = null
             Body = 
    Forwarded URL = null
   Redirected URL = null
          Cookies = []

MockHttpServletRequest:
      HTTP Method = POST
      Request URI = /v1/matchmaking/casual
       Parameters = {}
          Headers = [Content-Type:"application/json;charset=UTF-8", Authorization:"Bearer eyJraWQiOiJKR2U3VHBLalVQZmNlWFJBdjZ3a2FERndXV3ZDR18tVjY3SFNyb2NhRU04IiwidHlwIjoiSldUIiwiYWxnIjoiSFMyNTYifQ.eyJzdWIiOiI5MGE1ODBjYi1hYjA1LTRiM2QtODdjYy0yYzA4OTVjYzQ1MjgiLCJndWVzdCI6dHJ1ZSwiZXhwIjoxNzg5MTIyODg1LCJpYXQiOjE3ODkxMjE5ODUsImp0aSI6IjQ0OGQxNDg3LTdmMjAtNDc1Yy04MDViLTA3ZWMwNmI2Y2JlMyJ9.b9P1Xe2jKS19Zag_k5VFiJdz8A6UQL9TYYSLdIe8L68", Content-Length:"2"]
             Body = {}
    Session Attrs = {}

Handler:
             Type = org.springframework.web.servlet.resource.ResourceHttpRequestHandler

Async:
    Async started = false
     Async result = null

Resolved Exception:
             Type = org.springframework.web.servlet.resource.NoResourceFoundException

ModelAndView:
        View name = null
             View = null
            Model = null

FlashMap:
       Attributes = null

MockHttpServletResponse:
           Status = 404
    Error message = No static resource v1/matchmaking/casual.
          Headers = [X-Content-Type-Options:"nosniff", X-XSS-Protection:"0", Cache-Control:"no-cache, no-store, max-age=0, must-revalidate", Pragma:"no-cache", Expires:"0", X-Frame-Options:"DENY"]
     Content type = null
             Body = 
    Forwarded URL = null
   Redirected URL = null
          Cookies = []

MockHttpServletRequest:
      HTTP Method = POST
      Request URI = /v1/matchmaking/casual
       Parameters = {}
          Headers = [Content-Type:"application/json;charset=UTF-8", Authorization:"Bearer eyJraWQiOiJKR2U3VHBLalVQZmNlWFJBdjZ3a2FERndXV3ZDR18tVjY3SFNyb2NhRU04IiwidHlwIjoiSldUIiwiYWxnIjoiSFMyNTYifQ.eyJzdWIiOiI5MGE1ODBjYi1hYjA1LTRiM2QtODdjYy0yYzA4OTVjYzQ1MjgiLCJndWVzdCI6dHJ1ZSwiZXhwIjoxNzg5MTIyODg1LCJpYXQiOjE3ODkxMjE5ODUsImp0aSI6IjQ0OGQxNDg3LTdmMjAtNDc1Yy04MDViLTA3ZWMwNmI2Y2JlMyJ9.b9P1Xe2jKS19Zag_k5VFiJdz8A6UQL9TYYSLdIe8L68", Content-Length:"2"]
             Body = {}
    Session Attrs = {}

Handler:
             Type = org.springframework.web.servlet.resource.ResourceHttpRequestHandler

Async:
    Async started = false
     Async result = null

Resolved Exception:
             Type = org.springframework.web.servlet.resource.NoResourceFoundException

ModelAndView:
        View name = null
             View = null
            Model = null

FlashMap:
       Attributes = null

MockHttpServletResponse:
           Status = 404
    Error message = No static resource v1/matchmaking/casual.
          Headers = [X-Content-Type-Options:"nosniff", X-XSS-Protection:"0", Cache-Control:"no-cache, no-store, max-age=0, must-revalidate", Pragma:"no-cache", Expires:"0", X-Frame-Options:"DENY"]
     Content type = null
             Body = 
    Forwarded URL = null
   Redirected URL = null
          Cookies = []

MockHttpServletRequest:
      HTTP Method = POST
      Request URI = /v1/matchmaking/casual
       Parameters = {}
          Headers = [Content-Type:"application/json;charset=UTF-8", Authorization:"Bearer eyJraWQiOiJKR2U3VHBLalVQZmNlWFJBdjZ3a2FERndXV3ZDR18tVjY3SFNyb2NhRU04IiwidHlwIjoiSldUIiwiYWxnIjoiSFMyNTYifQ.eyJzdWIiOiI5MGE1ODBjYi1hYjA1LTRiM2QtODdjYy0yYzA4OTVjYzQ1MjgiLCJndWVzdCI6dHJ1ZSwiZXhwIjoxNzg5MTIyODg1LCJpYXQiOjE3ODkxMjE5ODUsImp0aSI6IjQ0OGQxNDg3LTdmMjAtNDc1Yy04MDViLTA3ZWMwNmI2Y2JlMyJ9.b9P1Xe2jKS19Zag_k5VFiJdz8A6UQL9TYYSLdIe8L68", Content-Length:"2"]
             Body = {}
    Session Attrs = {}

Handler:
             Type = org.springframework.web.servlet.resource.ResourceHttpRequestHandler

Async:
    Async started = false
     Async result = null

Resolved Exception:
             Type = org.springframework.web.servlet.resource.NoResourceFoundException

ModelAndView:
        View name = null
             View = null
            Model = null

FlashMap:
       Attributes = null

MockHttpServletResponse:
           Status = 404
    Error message = No static resource v1/matchmaking/casual.
          Headers = [X-Content-Type-Options:"nosniff", X-XSS-Protection:"0", Cache-Control:"no-cache, no-store, max-age=0, must-revalidate", Pragma:"no-cache", Expires:"0", X-Frame-Options:"DENY"]
     Content type = null
             Body = 
    Forwarded URL = null
   Redirected URL = null
          Cookies = []

MockHttpServletRequest:
      HTTP Method = POST
      Request URI = /v1/matchmaking/casual
       Parameters = {}
          Headers = [Content-Type:"application/json;charset=UTF-8", Authorization:"Bearer eyJraWQiOiJKR2U3VHBLalVQZmNlWFJBdjZ3a2FERndXV3ZDR18tVjY3SFNyb2NhRU04IiwidHlwIjoiSldUIiwiYWxnIjoiSFMyNTYifQ.eyJzdWIiOiI5MGE1ODBjYi1hYjA1LTRiM2QtODdjYy0yYzA4OTVjYzQ1MjgiLCJndWVzdCI6dHJ1ZSwiZXhwIjoxNzg5MTIyODg1LCJpYXQiOjE3ODkxMjE5ODUsImp0aSI6IjQ0OGQxNDg3LTdmMjAtNDc1Yy04MDViLTA3ZWMwNmI2Y2JlMyJ9.b9P1Xe2jKS19Zag_k5VFiJdz8A6UQL9TYYSLdIe8L68", Content-Length:"2"]
             Body = {}
    Session Attrs = {}

Handler:
             Type = org.springframework.web.servlet.resource.ResourceHttpRequestHandler

Async:
    Async started = false
     Async result = null

Resolved Exception:
             Type = org.springframework.web.servlet.resource.NoResourceFoundException

ModelAndView:
        View name = null
             View = null
            Model = null

FlashMap:
       Attributes = null

MockHttpServletResponse:
           Status = 404
    Error message = No static resource v1/matchmaking/casual.
          Headers = [X-Content-Type-Options:"nosniff", X-XSS-Protection:"0", Cache-Control:"no-cache, no-store, max-age=0, must-revalidate", Pragma:"no-cache", Expires:"0", X-Frame-Options:"DENY"]
     Content type = null
             Body = 
    Forwarded URL = null
   Redirected URL = null
          Cookies = []

MockHttpServletRequest:
      HTTP Method = POST
      Request URI = /v1/matchmaking/casual
       Parameters = {}
          Headers = [Content-Type:"application/json;charset=UTF-8", Authorization:"Bearer eyJraWQiOiJKR2U3VHBLalVQZmNlWFJBdjZ3a2FERndXV3ZDR18tVjY3SFNyb2NhRU04IiwidHlwIjoiSldUIiwiYWxnIjoiSFMyNTYifQ.eyJzdWIiOiI5MGE1ODBjYi1hYjA1LTRiM2QtODdjYy0yYzA4OTVjYzQ1MjgiLCJndWVzdCI6dHJ1ZSwiZXhwIjoxNzg5MTIyODg1LCJpYXQiOjE3ODkxMjE5ODUsImp0aSI6IjQ0OGQxNDg3LTdmMjAtNDc1Yy04MDViLTA3ZWMwNmI2Y2JlMyJ9.b9P1Xe2jKS19Zag_k5VFiJdz8A6UQL9TYYSLdIe8L68", Content-Length:"2"]
             Body = {}
    Session Attrs = {}

Handler:
             Type = org.springframework.web.servlet.resource.ResourceHttpRequestHandler

Async:
    Async started = false
     Async result = null

Resolved Exception:
             Type = org.springframework.web.servlet.resource.NoResourceFoundException

ModelAndView:
        View name = null
             View = null
            Model = null

FlashMap:
       Attributes = null

MockHttpServletResponse:
           Status = 404
    Error message = No static resource v1/matchmaking/casual.
          Headers = [X-Content-Type-Options:"nosniff", X-XSS-Protection:"0", Cache-Control:"no-cache, no-store, max-age=0, must-revalidate", Pragma:"no-cache", Expires:"0", X-Frame-Options:"DENY"]
     Content type = null
             Body = 
    Forwarded URL = null
   Redirected URL = null
          Cookies = []

MockHttpServletRequest:
      HTTP Method = POST
      Request URI = /v1/matchmaking/casual
       Parameters = {}
          Headers = [Content-Type:"application/json;charset=UTF-8", Authorization:"Bearer eyJraWQiOiJKR2U3VHBLalVQZmNlWFJBdjZ3a2FERndXV3ZDR18tVjY3SFNyb2NhRU04IiwidHlwIjoiSldUIiwiYWxnIjoiSFMyNTYifQ.eyJzdWIiOiI5MGE1ODBjYi1hYjA1LTRiM2QtODdjYy0yYzA4OTVjYzQ1MjgiLCJndWVzdCI6dHJ1ZSwiZXhwIjoxNzg5MTIyODg1LCJpYXQiOjE3ODkxMjE5ODUsImp0aSI6IjQ0OGQxNDg3LTdmMjAtNDc1Yy04MDViLTA3ZWMwNmI2Y2JlMyJ9.b9P1Xe2jKS19Zag_k5VFiJdz8A6UQL9TYYSLdIe8L68", Content-Length:"2"]
             Body = {}
    Session Attrs = {}

Handler:
             Type = org.springframework.web.servlet.resource.ResourceHttpRequestHandler

Async:
    Async started = false
     Async result = null

Resolved Exception:
             Type = org.springframework.web.servlet.resource.NoResourceFoundException

ModelAndView:
        View name = null
             View = null
            Model = null

FlashMap:
       Attributes = null

MockHttpServletResponse:
           Status = 404
    Error message = No static resource v1/matchmaking/casual.
          Headers = [X-Content-Type-Options:"nosniff", X-XSS-Protection:"0", Cache-Control:"no-cache, no-store, max-age=0, must-revalidate", Pragma:"no-cache", Expires:"0", X-Frame-Options:"DENY"]
     Content type = null
             Body = 
    Forwarded URL = null
   Redirected URL = null
          Cookies = []

MockHttpServletRequest:
      HTTP Method = POST
      Request URI = /v1/matchmaking/casual
       Parameters = {}
          Headers = [Content-Type:"application/json;charset=UTF-8", Authorization:"Bearer eyJraWQiOiJKR2U3VHBLalVQZmNlWFJBdjZ3a2FERndXV3ZDR18tVjY3SFNyb2NhRU04IiwidHlwIjoiSldUIiwiYWxnIjoiSFMyNTYifQ.eyJzdWIiOiI5MGE1ODBjYi1hYjA1LTRiM2QtODdjYy0yYzA4OTVjYzQ1MjgiLCJndWVzdCI6dHJ1ZSwiZXhwIjoxNzg5MTIyODg1LCJpYXQiOjE3ODkxMjE5ODUsImp0aSI6IjQ0OGQxNDg3LTdmMjAtNDc1Yy04MDViLTA3ZWMwNmI2Y2JlMyJ9.b9P1Xe2jKS19Zag_k5VFiJdz8A6UQL9TYYSLdIe8L68", Content-Length:"2"]
             Body = {}
    Session Attrs = {}

Handler:
             Type = org.springframework.web.servlet.resource.ResourceHttpRequestHandler

Async:
    Async started = false
     Async result = null

Resolved Exception:
             Type = org.springframework.web.servlet.resource.NoResourceFoundException

ModelAndView:
        View name = null
             View = null
            Model = null

FlashMap:
       Attributes = null

MockHttpServletResponse:
           Status = 404
    Error message = No static resource v1/matchmaking/casual.
          Headers = [X-Content-Type-Options:"nosniff", X-XSS-Protection:"0", Cache-Control:"no-cache, no-store, max-age=0, must-revalidate", Pragma:"no-cache", Expires:"0", X-Frame-Options:"DENY"]
     Content type = null
             Body = 
    Forwarded URL = null
   Redirected URL = null
          Cookies = []

MockHttpServletRequest:
      HTTP Method = POST
      Request URI = /v1/matchmaking/casual
       Parameters = {}
          Headers = [Content-Type:"application/json;charset=UTF-8", Authorization:"Bearer eyJraWQiOiJKR2U3VHBLalVQZmNlWFJBdjZ3a2FERndXV3ZDR18tVjY3SFNyb2NhRU04IiwidHlwIjoiSldUIiwiYWxnIjoiSFMyNTYifQ.eyJzdWIiOiI5MGE1ODBjYi1hYjA1LTRiM2QtODdjYy0yYzA4OTVjYzQ1MjgiLCJndWVzdCI6dHJ1ZSwiZXhwIjoxNzg5MTIyODg1LCJpYXQiOjE3ODkxMjE5ODUsImp0aSI6IjQ0OGQxNDg3LTdmMjAtNDc1Yy04MDViLTA3ZWMwNmI2Y2JlMyJ9.b9P1Xe2jKS19Zag_k5VFiJdz8A6UQL9TYYSLdIe8L68", Content-Length:"2"]
             Body = {}
    Session Attrs = {}

Handler:
             Type = org.springframework.web.servlet.resource.ResourceHttpRequestHandler

Async:
    Async started = false
     Async result = null

Resolved Exception:
             Type = org.springframework.web.servlet.resource.NoResourceFoundException

ModelAndView:
        View name = null
             View = null
            Model = null

FlashMap:
       Attributes = null

MockHttpServletResponse:
           Status = 404
    Error message = No static resource v1/matchmaking/casual.
          Headers = [X-Content-Type-Options:"nosniff", X-XSS-Protection:"0", Cache-Control:"no-cache, no-store, max-age=0, must-revalidate", Pragma:"no-cache", Expires:"0", X-Frame-Options:"DENY"]
     Content type = null
             Body = 
    Forwarded URL = null
   Redirected URL = null
          Cookies = []

MockHttpServletRequest:
      HTTP Method = POST
      Request URI = /v1/matchmaking/casual
       Parameters = {}
          Headers = [Content-Type:"application/json;charset=UTF-8", Authorization:"Bearer eyJraWQiOiJKR2U3VHBLalVQZmNlWFJBdjZ3a2FERndXV3ZDR18tVjY3SFNyb2NhRU04IiwidHlwIjoiSldUIiwiYWxnIjoiSFMyNTYifQ.eyJzdWIiOiI5MGE1ODBjYi1hYjA1LTRiM2QtODdjYy0yYzA4OTVjYzQ1MjgiLCJndWVzdCI6dHJ1ZSwiZXhwIjoxNzg5MTIyODg1LCJpYXQiOjE3ODkxMjE5ODUsImp0aSI6IjQ0OGQxNDg3LTdmMjAtNDc1Yy04MDViLTA3ZWMwNmI2Y2JlMyJ9.b9P1Xe2jKS19Zag_k5VFiJdz8A6UQL9TYYSLdIe8L68", Content-Length:"2"]
             Body = {}
    Session Attrs = {}

Handler:
             Type = org.springframework.web.servlet.resource.ResourceHttpRequestHandler

Async:
    Async started = false
     Async result = null

Resolved Exception:
             Type = org.springframework.web.servlet.resource.NoResourceFoundException

ModelAndView:
        View name = null
             View = null
            Model = null

FlashMap:
       Attributes = null

MockHttpServletResponse:
           Status = 404
    Error message = No static resource v1/matchmaking/casual.
          Headers = [X-Content-Type-Options:"nosniff", X-XSS-Protection:"0", Cache-Control:"no-cache, no-store, max-age=0, must-revalidate", Pragma:"no-cache", Expires:"0", X-Frame-Options:"DENY"]
     Content type = null
             Body = 
    Forwarded URL = null
   Redirected URL = null
          Cookies = []

MockHttpServletRequest:
      HTTP Method = POST
      Request URI = /v1/matchmaking/casual
       Parameters = {}
          Headers = [Content-Type:"application/json;charset=UTF-8", Authorization:"Bearer eyJraWQiOiJKR2U3VHBLalVQZmNlWFJBdjZ3a2FERndXV3ZDR18tVjY3SFNyb2NhRU04IiwidHlwIjoiSldUIiwiYWxnIjoiSFMyNTYifQ.eyJzdWIiOiI5MGE1ODBjYi1hYjA1LTRiM2QtODdjYy0yYzA4OTVjYzQ1MjgiLCJndWVzdCI6dHJ1ZSwiZXhwIjoxNzg5MTIyODg1LCJpYXQiOjE3ODkxMjE5ODUsImp0aSI6IjQ0OGQxNDg3LTdmMjAtNDc1Yy04MDViLTA3ZWMwNmI2Y2JlMyJ9.b9P1Xe2jKS19Zag_k5VFiJdz8A6UQL9TYYSLdIe8L68", Content-Length:"2"]
             Body = {}
    Session Attrs = {}

Handler:
             Type = org.springframework.web.servlet.resource.ResourceHttpRequestHandler

Async:
    Async started = false
     Async result = null

Resolved Exception:
             Type = org.springframework.web.servlet.resource.NoResourceFoundException

ModelAndView:
        View name = null
             View = null
            Model = null

FlashMap:
       Attributes = null

MockHttpServletResponse:
           Status = 404
    Error message = No static resource v1/matchmaking/casual.
          Headers = [X-Content-Type-Options:"nosniff", X-XSS-Protection:"0", Cache-Control:"no-cache, no-store, max-age=0, must-revalidate", Pragma:"no-cache", Expires:"0", X-Frame-Options:"DENY"]
     Content type = null
             Body = 
    Forwarded URL = null
   Redirected URL = null
          Cookies = []

MockHttpServletRequest:
      HTTP Method = POST
      Request URI = /v1/matchmaking/casual
       Parameters = {}
          Headers = [Content-Type:"application/json;charset=UTF-8", Authorization:"Bearer eyJraWQiOiJKR2U3VHBLalVQZmNlWFJBdjZ3a2FERndXV3ZDR18tVjY3SFNyb2NhRU04IiwidHlwIjoiSldUIiwiYWxnIjoiSFMyNTYifQ.eyJzdWIiOiI5MGE1ODBjYi1hYjA1LTRiM2QtODdjYy0yYzA4OTVjYzQ1MjgiLCJndWVzdCI6dHJ1ZSwiZXhwIjoxNzg5MTIyODg1LCJpYXQiOjE3ODkxMjE5ODUsImp0aSI6IjQ0OGQxNDg3LTdmMjAtNDc1Yy04MDViLTA3ZWMwNmI2Y2JlMyJ9.b9P1Xe2jKS19Zag_k5VFiJdz8A6UQL9TYYSLdIe8L68", Content-Length:"2"]
             Body = {}
    Session Attrs = {}

Handler:
             Type = org.springframework.web.servlet.resource.ResourceHttpRequestHandler

Async:
    Async started = false
     Async result = null

Resolved Exception:
             Type = org.springframework.web.servlet.resource.NoResourceFoundException

ModelAndView:
        View name = null
             View = null
            Model = null

FlashMap:
       Attributes = null

MockHttpServletResponse:
           Status = 404
    Error message = No static resource v1/matchmaking/casual.
          Headers = [X-Content-Type-Options:"nosniff", X-XSS-Protection:"0", Cache-Control:"no-cache, no-store, max-age=0, must-revalidate", Pragma:"no-cache", Expires:"0", X-Frame-Options:"DENY"]
     Content type = null
             Body = 
    Forwarded URL = null
   Redirected URL = null
          Cookies = []

MockHttpServletRequest:
      HTTP Method = POST
      Request URI = /v1/matchmaking/casual
       Parameters = {}
          Headers = [Content-Type:"application/json;charset=UTF-8", Authorization:"Bearer eyJraWQiOiJKR2U3VHBLalVQZmNlWFJBdjZ3a2FERndXV3ZDR18tVjY3SFNyb2NhRU04IiwidHlwIjoiSldUIiwiYWxnIjoiSFMyNTYifQ.eyJzdWIiOiI5MGE1ODBjYi1hYjA1LTRiM2QtODdjYy0yYzA4OTVjYzQ1MjgiLCJndWVzdCI6dHJ1ZSwiZXhwIjoxNzg5MTIyODg1LCJpYXQiOjE3ODkxMjE5ODUsImp0aSI6IjQ0OGQxNDg3LTdmMjAtNDc1Yy04MDViLTA3ZWMwNmI2Y2JlMyJ9.b9P1Xe2jKS19Zag_k5VFiJdz8A6UQL9TYYSLdIe8L68", Content-Length:"2"]
             Body = {}
    Session Attrs = {}

Handler:
             Type = org.springframework.web.servlet.resource.ResourceHttpRequestHandler

Async:
    Async started = false
     Async result = null

Resolved Exception:
             Type = org.springframework.web.servlet.resource.NoResourceFoundException

ModelAndView:
        View name = null
             View = null
            Model = null

FlashMap:
       Attributes = null

MockHttpServletResponse:
           Status = 404
    Error message = No static resource v1/matchmaking/casual.
          Headers = [X-Content-Type-Options:"nosniff", X-XSS-Protection:"0", Cache-Control:"no-cache, no-store, max-age=0, must-revalidate", Pragma:"no-cache", Expires:"0", X-Frame-Options:"DENY"]
     Content type = null
             Body = 
    Forwarded URL = null
   Redirected URL = null
          Cookies = []

MockHttpServletRequest:
      HTTP Method = POST
      Request URI = /v1/matchmaking/casual
       Parameters = {}
          Headers = [Content-Type:"application/json;charset=UTF-8", Authorization:"Bearer eyJraWQiOiJKR2U3VHBLalVQZmNlWFJBdjZ3a2FERndXV3ZDR18tVjY3SFNyb2NhRU04IiwidHlwIjoiSldUIiwiYWxnIjoiSFMyNTYifQ.eyJzdWIiOiI5MGE1ODBjYi1hYjA1LTRiM2QtODdjYy0yYzA4OTVjYzQ1MjgiLCJndWVzdCI6dHJ1ZSwiZXhwIjoxNzg5MTIyODg1LCJpYXQiOjE3ODkxMjE5ODUsImp0aSI6IjQ0OGQxNDg3LTdmMjAtNDc1Yy04MDViLTA3ZWMwNmI2Y2JlMyJ9.b9P1Xe2jKS19Zag_k5VFiJdz8A6UQL9TYYSLdIe8L68", Content-Length:"2"]
             Body = {}
    Session Attrs = {}

Handler:
             Type = org.springframework.web.servlet.resource.ResourceHttpRequestHandler

Async:
    Async started = false
     Async result = null

Resolved Exception:
             Type = org.springframework.web.servlet.resource.NoResourceFoundException

ModelAndView:
        View name = null
             View = null
            Model = null

FlashMap:
       Attributes = null

MockHttpServletResponse:
           Status = 404
    Error message = No static resource v1/matchmaking/casual.
          Headers = [X-Content-Type-Options:"nosniff", X-XSS-Protection:"0", Cache-Control:"no-cache, no-store, max-age=0, must-revalidate", Pragma:"no-cache", Expires:"0", X-Frame-Options:"DENY"]
     Content type = null
             Body = 
    Forwarded URL = null
   Redirected URL = null
          Cookies = []

MockHttpServletRequest:
      HTTP Method = POST
      Request URI = /v1/matchmaking/casual
       Parameters = {}
          Headers = [Content-Type:"application/json;charset=UTF-8", Authorization:"Bearer eyJraWQiOiJKR2U3VHBLalVQZmNlWFJBdjZ3a2FERndXV3ZDR18tVjY3SFNyb2NhRU04IiwidHlwIjoiSldUIiwiYWxnIjoiSFMyNTYifQ.eyJzdWIiOiI5MGE1ODBjYi1hYjA1LTRiM2QtODdjYy0yYzA4OTVjYzQ1MjgiLCJndWVzdCI6dHJ1ZSwiZXhwIjoxNzg5MTIyODg1LCJpYXQiOjE3ODkxMjE5ODUsImp0aSI6IjQ0OGQxNDg3LTdmMjAtNDc1Yy04MDViLTA3ZWMwNmI2Y2JlMyJ9.b9P1Xe2jKS19Zag_k5VFiJdz8A6UQL9TYYSLdIe8L68", Content-Length:"2"]
             Body = {}
    Session Attrs = {}

Handler:
             Type = org.springframework.web.servlet.resource.ResourceHttpRequestHandler

Async:
    Async started = false
     Async result = null

Resolved Exception:
             Type = org.springframework.web.servlet.resource.NoResourceFoundException

ModelAndView:
        View name = null
             View = null
            Model = null

FlashMap:
       Attributes = null

MockHttpServletResponse:
           Status = 404
    Error message = No static resource v1/matchmaking/casual.
          Headers = [X-Content-Type-Options:"nosniff", X-XSS-Protection:"0", Cache-Control:"no-cache, no-store, max-age=0, must-revalidate", Pragma:"no-cache", Expires:"0", X-Frame-Options:"DENY"]
     Content type = null
             Body = 
    Forwarded URL = null
   Redirected URL = null
          Cookies = []

MockHttpServletRequest:
      HTTP Method = POST
      Request URI = /v1/matchmaking/casual
       Parameters = {}
          Headers = [Content-Type:"application/json;charset=UTF-8", Authorization:"Bearer eyJraWQiOiJKR2U3VHBLalVQZmNlWFJBdjZ3a2FERndXV3ZDR18tVjY3SFNyb2NhRU04IiwidHlwIjoiSldUIiwiYWxnIjoiSFMyNTYifQ.eyJzdWIiOiI5MGE1ODBjYi1hYjA1LTRiM2QtODdjYy0yYzA4OTVjYzQ1MjgiLCJndWVzdCI6dHJ1ZSwiZXhwIjoxNzg5MTIyODg1LCJpYXQiOjE3ODkxMjE5ODUsImp0aSI6IjQ0OGQxNDg3LTdmMjAtNDc1Yy04MDViLTA3ZWMwNmI2Y2JlMyJ9.b9P1Xe2jKS19Zag_k5VFiJdz8A6UQL9TYYSLdIe8L68", Content-Length:"2"]
             Body = {}
    Session Attrs = {}

Handler:
             Type = org.springframework.web.servlet.resource.ResourceHttpRequestHandler

Async:
    Async started = false
     Async result = null

Resolved Exception:
             Type = org.springframework.web.servlet.resource.NoResourceFoundException

ModelAndView:
        View name = null
             View = null
            Model = null

FlashMap:
       Attributes = null

MockHttpServletResponse:
           Status = 404
    Error message = No static resource v1/matchmaking/casual.
          Headers = [X-Content-Type-Options:"nosniff", X-XSS-Protection:"0", Cache-Control:"no-cache, no-store, max-age=0, must-revalidate", Pragma:"no-cache", Expires:"0", X-Frame-Options:"DENY"]
     Content type = null
             Body = 
    Forwarded URL = null
   Redirected URL = null
          Cookies = []

MockHttpServletRequest:
      HTTP Method = POST
      Request URI = /v1/matchmaking/casual
       Parameters = {}
          Headers = [Content-Type:"application/json;charset=UTF-8", Authorization:"Bearer eyJraWQiOiJKR2U3VHBLalVQZmNlWFJBdjZ3a2FERndXV3ZDR18tVjY3SFNyb2NhRU04IiwidHlwIjoiSldUIiwiYWxnIjoiSFMyNTYifQ.eyJzdWIiOiI5MGE1ODBjYi1hYjA1LTRiM2QtODdjYy0yYzA4OTVjYzQ1MjgiLCJndWVzdCI6dHJ1ZSwiZXhwIjoxNzg5MTIyODg1LCJpYXQiOjE3ODkxMjE5ODUsImp0aSI6IjQ0OGQxNDg3LTdmMjAtNDc1Yy04MDViLTA3ZWMwNmI2Y2JlMyJ9.b9P1Xe2jKS19Zag_k5VFiJdz8A6UQL9TYYSLdIe8L68", Content-Length:"2"]
             Body = {}
    Session Attrs = {}

Handler:
             Type = org.springframework.web.servlet.resource.ResourceHttpRequestHandler

Async:
    Async started = false
     Async result = null

Resolved Exception:
             Type = org.springframework.web.servlet.resource.NoResourceFoundException

ModelAndView:
        View name = null
             View = null
            Model = null

FlashMap:
       Attributes = null

MockHttpServletResponse:
           Status = 404
    Error message = No static resource v1/matchmaking/casual.
          Headers = [X-Content-Type-Options:"nosniff", X-XSS-Protection:"0", Cache-Control:"no-cache, no-store, max-age=0, must-revalidate", Pragma:"no-cache", Expires:"0", X-Frame-Options:"DENY"]
     Content type = null
             Body = 
    Forwarded URL = null
   Redirected URL = null
          Cookies = []

MockHttpServletRequest:
      HTTP Method = POST
      Request URI = /v1/matchmaking/casual
       Parameters = {}
          Headers = [Content-Type:"application/json;charset=UTF-8", Authorization:"Bearer eyJraWQiOiJKR2U3VHBLalVQZmNlWFJBdjZ3a2FERndXV3ZDR18tVjY3SFNyb2NhRU04IiwidHlwIjoiSldUIiwiYWxnIjoiSFMyNTYifQ.eyJzdWIiOiI5MGE1ODBjYi1hYjA1LTRiM2QtODdjYy0yYzA4OTVjYzQ1MjgiLCJndWVzdCI6dHJ1ZSwiZXhwIjoxNzg5MTIyODg1LCJpYXQiOjE3ODkxMjE5ODUsImp0aSI6IjQ0OGQxNDg3LTdmMjAtNDc1Yy04MDViLTA3ZWMwNmI2Y2JlMyJ9.b9P1Xe2jKS19Zag_k5VFiJdz8A6UQL9TYYSLdIe8L68", Content-Length:"2"]
             Body = {}
    Session Attrs = {}

Handler:
             Type = org.springframework.web.servlet.resource.ResourceHttpRequestHandler

Async:
    Async started = false
     Async result = null

Resolved Exception:
             Type = org.springframework.web.servlet.resource.NoResourceFoundException

ModelAndView:
        View name = null
             View = null
            Model = null

FlashMap:
       Attributes = null

MockHttpServletResponse:
           Status = 404
    Error message = No static resource v1/matchmaking/casual.
          Headers = [X-Content-Type-Options:"nosniff", X-XSS-Protection:"0", Cache-Control:"no-cache, no-store, max-age=0, must-revalidate", Pragma:"no-cache", Expires:"0", X-Frame-Options:"DENY"]
     Content type = null
             Body = 
    Forwarded URL = null
   Redirected URL = null
          Cookies = []

MockHttpServletRequest:
      HTTP Method = POST
      Request URI = /v1/matchmaking/casual
       Parameters = {}
          Headers = [Content-Type:"application/json;charset=UTF-8", Authorization:"Bearer eyJraWQiOiJKR2U3VHBLalVQZmNlWFJBdjZ3a2FERndXV3ZDR18tVjY3SFNyb2NhRU04IiwidHlwIjoiSldUIiwiYWxnIjoiSFMyNTYifQ.eyJzdWIiOiI5MGE1ODBjYi1hYjA1LTRiM2QtODdjYy0yYzA4OTVjYzQ1MjgiLCJndWVzdCI6dHJ1ZSwiZXhwIjoxNzg5MTIyODg1LCJpYXQiOjE3ODkxMjE5ODUsImp0aSI6IjQ0OGQxNDg3LTdmMjAtNDc1Yy04MDViLTA3ZWMwNmI2Y2JlMyJ9.b9P1Xe2jKS19Zag_k5VFiJdz8A6UQL9TYYSLdIe8L68", Content-Length:"2"]
             Body = {}
    Session Attrs = {}

Handler:
             Type = org.springframework.web.servlet.resource.ResourceHttpRequestHandler

Async:
    Async started = false
     Async result = null

Resolved Exception:
             Type = org.springframework.web.servlet.resource.NoResourceFoundException

ModelAndView:
        View name = null
             View = null
            Model = null

FlashMap:
       Attributes = null

MockHttpServletResponse:
           Status = 404
    Error message = No static resource v1/matchmaking/casual.
          Headers = [X-Content-Type-Options:"nosniff", X-XSS-Protection:"0", Cache-Control:"no-cache, no-store, max-age=0, must-revalidate", Pragma:"no-cache", Expires:"0", X-Frame-Options:"DENY"]
     Content type = null
             Body = 
    Forwarded URL = null
   Redirected URL = null
          Cookies = []

MockHttpServletRequest:
      HTTP Method = POST
      Request URI = /v1/matchmaking/casual
       Parameters = {}
          Headers = [Content-Type:"application/json;charset=UTF-8", Authorization:"Bearer eyJraWQiOiJKR2U3VHBLalVQZmNlWFJBdjZ3a2FERndXV3ZDR18tVjY3SFNyb2NhRU04IiwidHlwIjoiSldUIiwiYWxnIjoiSFMyNTYifQ.eyJzdWIiOiI5MGE1ODBjYi1hYjA1LTRiM2QtODdjYy0yYzA4OTVjYzQ1MjgiLCJndWVzdCI6dHJ1ZSwiZXhwIjoxNzg5MTIyODg1LCJpYXQiOjE3ODkxMjE5ODUsImp0aSI6IjQ0OGQxNDg3LTdmMjAtNDc1Yy04MDViLTA3ZWMwNmI2Y2JlMyJ9.b9P1Xe2jKS19Zag_k5VFiJdz8A6UQL9TYYSLdIe8L68", Content-Length:"2"]
             Body = {}
    Session Attrs = {}

Handler:
             Type = org.springframework.web.servlet.resource.ResourceHttpRequestHandler

Async:
    Async started = false
     Async result = null

Resolved Exception:
             Type = org.springframework.web.servlet.resource.NoResourceFoundException

ModelAndView:
        View name = null
             View = null
            Model = null

FlashMap:
       Attributes = null

MockHttpServletResponse:
           Status = 404
    Error message = No static resource v1/matchmaking/casual.
          Headers = [X-Content-Type-Options:"nosniff", X-XSS-Protection:"0", Cache-Control:"no-cache, no-store, max-age=0, must-revalidate", Pragma:"no-cache", Expires:"0", X-Frame-Options:"DENY"]
     Content type = null
             Body = 
    Forwarded URL = null
   Redirected URL = null
          Cookies = []

MockHttpServletRequest:
      HTTP Method = POST
      Request URI = /v1/matchmaking/casual
       Parameters = {}
          Headers = [Content-Type:"application/json;charset=UTF-8", Authorization:"Bearer eyJraWQiOiJKR2U3VHBLalVQZmNlWFJBdjZ3a2FERndXV3ZDR18tVjY3SFNyb2NhRU04IiwidHlwIjoiSldUIiwiYWxnIjoiSFMyNTYifQ.eyJzdWIiOiI5MGE1ODBjYi1hYjA1LTRiM2QtODdjYy0yYzA4OTVjYzQ1MjgiLCJndWVzdCI6dHJ1ZSwiZXhwIjoxNzg5MTIyODg1LCJpYXQiOjE3ODkxMjE5ODUsImp0aSI6IjQ0OGQxNDg3LTdmMjAtNDc1Yy04MDViLTA3ZWMwNmI2Y2JlMyJ9.b9P1Xe2jKS19Zag_k5VFiJdz8A6UQL9TYYSLdIe8L68", Content-Length:"2"]
             Body = {}
    Session Attrs = {}

Handler:
             Type = org.springframework.web.servlet.resource.ResourceHttpRequestHandler

Async:
    Async started = false
     Async result = null

Resolved Exception:
             Type = org.springframework.web.servlet.resource.NoResourceFoundException

ModelAndView:
        View name = null
             View = null
            Model = null

FlashMap:
       Attributes = null

MockHttpServletResponse:
           Status = 404
    Error message = No static resource v1/matchmaking/casual.
          Headers = [X-Content-Type-Options:"nosniff", X-XSS-Protection:"0", Cache-Control:"no-cache, no-store, max-age=0, must-revalidate", Pragma:"no-cache", Expires:"0", X-Frame-Options:"DENY"]
     Content type = null
             Body = 
    Forwarded URL = null
   Redirected URL = null
          Cookies = []

MockHttpServletRequest:
      HTTP Method = POST
      Request URI = /v1/identity/guest
       Parameters = {}
          Headers = [Content-Type:"application/json;charset=UTF-8", Content-Length:"2"]
             Body = {}
    Session Attrs = {}

Handler:
             Type = com.nomadgames.identity.GuestController
           Method = com.nomadgames.identity.GuestController#createGuest(HttpServletRequest)

Async:
    Async started = false
     Async result = null

Resolved Exception:
             Type = null

ModelAndView:
        View name = null
             View = null
            Model = null

FlashMap:
       Attributes = null

MockHttpServletResponse:
           Status = 201
    Error message = null
          Headers = [Content-Type:"application/json", X-Content-Type-Options:"nosniff", X-XSS-Protection:"0", Cache-Control:"no-cache, no-store, max-age=0, must-revalidate", Pragma:"no-cache", Expires:"0", X-Frame-Options:"DENY"]
     Content type = application/json
             Body = {"playerId":"bd609b77-8379-4a5d-a6f2-c311ec4eaa33","accessToken":"eyJraWQiOiJKR2U3VHBLalVQZmNlWFJBdjZ3a2FERndXV3ZDR18tVjY3SFNyb2NhRU04IiwidHlwIjoiSldUIiwiYWxnIjoiSFMyNTYifQ.eyJzdWIiOiJiZDYwOWI3Ny04Mzc5LTRhNWQtYTZmMi1jMzExZWM0ZWFhMzMiLCJndWVzdCI6dHJ1ZSwiZXhwIjoxNzg5MTIyODg1LCJpYXQiOjE3ODkxMjE5ODUsImp0aSI6IjAyMjQ0YTA4LTA4OTgtNGFkNi04MGRjLTYzMmQzMmI4ZTFjOSJ9.3oOng6mon5OYF8w9f75-8d4vxaG90M0O8E4q1og3R1U","refreshToken":"SOu0Jkem9E-VbhGuhPk1TnTI1OUwwJWO6oCW91AlaPg","guest":true}
    Forwarded URL = null
   Redirected URL = null
          Cookies = []

MockHttpServletRequest:
      HTTP Method = POST
      Request URI = /v1/matchmaking/casual
       Parameters = {}
          Headers = [Content-Type:"application/json;charset=UTF-8", Authorization:"Bearer eyJraWQiOiJKR2U3VHBLalVQZmNlWFJBdjZ3a2FERndXV3ZDR18tVjY3SFNyb2NhRU04IiwidHlwIjoiSldUIiwiYWxnIjoiSFMyNTYifQ.eyJzdWIiOiJiZDYwOWI3Ny04Mzc5LTRhNWQtYTZmMi1jMzExZWM0ZWFhMzMiLCJndWVzdCI6dHJ1ZSwiZXhwIjoxNzg5MTIyODg1LCJpYXQiOjE3ODkxMjE5ODUsImp0aSI6IjAyMjQ0YTA4LTA4OTgtNGFkNi04MGRjLTYzMmQzMmI4ZTFjOSJ9.3oOng6mon5OYF8w9f75-8d4vxaG90M0O8E4q1og3R1U", Content-Length:"2"]
             Body = {}
    Session Attrs = {}

Handler:
             Type = org.springframework.web.servlet.resource.ResourceHttpRequestHandler

Async:
    Async started = false
     Async result = null

Resolved Exception:
             Type = org.springframework.web.servlet.resource.NoResourceFoundException

ModelAndView:
        View name = null
             View = null
            Model = null

FlashMap:
       Attributes = null

MockHttpServletResponse:
           Status = 404
    Error message = No static resource v1/matchmaking/casual.
          Headers = [X-Content-Type-Options:"nosniff", X-XSS-Protection:"0", Cache-Control:"no-cache, no-store, max-age=0, must-revalidate", Pragma:"no-cache", Expires:"0", X-Frame-Options:"DENY"]
     Content type = null
             Body = 
    Forwarded URL = null
   Redirected URL = null
          Cookies = []

MockHttpServletRequest:
      HTTP Method = POST
      Request URI = /v1/identity/guest
       Parameters = {}
          Headers = [Content-Type:"application/json;charset=UTF-8", Content-Length:"2"]
             Body = {}
    Session Attrs = {}

Handler:
             Type = com.nomadgames.identity.GuestController
           Method = com.nomadgames.identity.GuestController#createGuest(HttpServletRequest)

Async:
    Async started = false
     Async result = null

Resolved Exception:
             Type = null

ModelAndView:
        View name = null
             View = null
            Model = null

FlashMap:
       Attributes = null

MockHttpServletResponse:
           Status = 201
    Error message = null
          Headers = [Content-Type:"application/json", X-Content-Type-Options:"nosniff", X-XSS-Protection:"0", Cache-Control:"no-cache, no-store, max-age=0, must-revalidate", Pragma:"no-cache", Expires:"0", X-Frame-Options:"DENY"]
     Content type = application/json
             Body = {"playerId":"489ce34f-ec36-48ee-9ea1-b9d37371039e","accessToken":"eyJraWQiOiJKR2U3VHBLalVQZmNlWFJBdjZ3a2FERndXV3ZDR18tVjY3SFNyb2NhRU04IiwidHlwIjoiSldUIiwiYWxnIjoiSFMyNTYifQ.eyJzdWIiOiI0ODljZTM0Zi1lYzM2LTQ4ZWUtOWVhMS1iOWQzNzM3MTAzOWUiLCJndWVzdCI6dHJ1ZSwiZXhwIjoxNzg5MTIyODg2LCJpYXQiOjE3ODkxMjE5ODYsImp0aSI6IjdmOWJiM2ZmLThlNGMtNDZkZS05ZDNmLWQ0ZDM5OTY5MjQxMCJ9.9pOeqRgFImYj1kWZGGhkgel5KSlkupn52vbFqw2tPhE","refreshToken":"FgCeCYFe9i7V6FgATduAr8VS5T2aijkHINrf7jswjLQ","guest":true}
    Forwarded URL = null
   Redirected URL = null
          Cookies = []

MockHttpServletRequest:
      HTTP Method = POST
      Request URI = /v1/identity/guest
       Parameters = {}
          Headers = [Content-Type:"application/json;charset=UTF-8", Content-Length:"2"]
             Body = {}
    Session Attrs = {}

Handler:
             Type = com.nomadgames.identity.GuestController
           Method = com.nomadgames.identity.GuestController#createGuest(HttpServletRequest)

Async:
    Async started = false
     Async result = null

Resolved Exception:
             Type = null

ModelAndView:
        View name = null
             View = null
            Model = null

FlashMap:
       Attributes = null

MockHttpServletResponse:
           Status = 201
    Error message = null
          Headers = [Content-Type:"application/json", X-Content-Type-Options:"nosniff", X-XSS-Protection:"0", Cache-Control:"no-cache, no-store, max-age=0, must-revalidate", Pragma:"no-cache", Expires:"0", X-Frame-Options:"DENY"]
     Content type = application/json
             Body = {"playerId":"3056e921-8943-465d-a041-3851fdc8c6cb","accessToken":"eyJraWQiOiJKR2U3VHBLalVQZmNlWFJBdjZ3a2FERndXV3ZDR18tVjY3SFNyb2NhRU04IiwidHlwIjoiSldUIiwiYWxnIjoiSFMyNTYifQ.eyJzdWIiOiIzMDU2ZTkyMS04OTQzLTQ2NWQtYTA0MS0zODUxZmRjOGM2Y2IiLCJndWVzdCI6dHJ1ZSwiZXhwIjoxNzg5MTIyODg2LCJpYXQiOjE3ODkxMjE5ODYsImp0aSI6ImZkMGU4ODk2LTBiMDItNDZkNS05NjE2LTQ3M2ZhYTQ1NmNjZSJ9.N2P_JUxc4lbalYXGFdLK1eeSkf9RPOGwqIPv-GIiZIU","refreshToken":"fA22iumgyMdzy45PFJEQauxWwGlMRBrbjQ5wGtjQ1zo","guest":true}
    Forwarded URL = null
   Redirected URL = null
          Cookies = []

MockHttpServletRequest:
      HTTP Method = POST
      Request URI = /v1/matchmaking/casual
       Parameters = {}
          Headers = [Content-Type:"application/json;charset=UTF-8", Authorization:"Bearer eyJraWQiOiJKR2U3VHBLalVQZmNlWFJBdjZ3a2FERndXV3ZDR18tVjY3SFNyb2NhRU04IiwidHlwIjoiSldUIiwiYWxnIjoiSFMyNTYifQ.eyJzdWIiOiI0ODljZTM0Zi1lYzM2LTQ4ZWUtOWVhMS1iOWQzNzM3MTAzOWUiLCJndWVzdCI6dHJ1ZSwiZXhwIjoxNzg5MTIyODg2LCJpYXQiOjE3ODkxMjE5ODYsImp0aSI6IjdmOWJiM2ZmLThlNGMtNDZkZS05ZDNmLWQ0ZDM5OTY5MjQxMCJ9.9pOeqRgFImYj1kWZGGhkgel5KSlkupn52vbFqw2tPhE", Content-Length:"2"]
             Body = {}
    Session Attrs = {}

Handler:
             Type = org.springframework.web.servlet.resource.ResourceHttpRequestHandler

Async:
    Async started = false
     Async result = null

Resolved Exception:
             Type = org.springframework.web.servlet.resource.NoResourceFoundException

ModelAndView:
        View name = null
             View = null
            Model = null

FlashMap:
       Attributes = null

MockHttpServletResponse:
           Status = 404
    Error message = No static resource v1/matchmaking/casual.
          Headers = [X-Content-Type-Options:"nosniff", X-XSS-Protection:"0", Cache-Control:"no-cache, no-store, max-age=0, must-revalidate", Pragma:"no-cache", Expires:"0", X-Frame-Options:"DENY"]
     Content type = null
             Body = 
    Forwarded URL = null
   Redirected URL = null
          Cookies = []

MockHttpServletRequest:
      HTTP Method = POST
      Request URI = /v1/identity/guest
       Parameters = {}
          Headers = [Content-Type:"application/json;charset=UTF-8", Content-Length:"2"]
             Body = {}
    Session Attrs = {}

Handler:
             Type = com.nomadgames.identity.GuestController
           Method = com.nomadgames.identity.GuestController#createGuest(HttpServletRequest)

Async:
    Async started = false
     Async result = null

Resolved Exception:
             Type = null

ModelAndView:
        View name = null
             View = null
            Model = null

FlashMap:
       Attributes = null

MockHttpServletResponse:
           Status = 201
    Error message = null
          Headers = [Content-Type:"application/json", X-Content-Type-Options:"nosniff", X-XSS-Protection:"0", Cache-Control:"no-cache, no-store, max-age=0, must-revalidate", Pragma:"no-cache", Expires:"0", X-Frame-Options:"DENY"]
     Content type = application/json
             Body = {"playerId":"f696f380-5df5-4853-8e2d-de024ca78735","accessToken":"eyJraWQiOiJKR2U3VHBLalVQZmNlWFJBdjZ3a2FERndXV3ZDR18tVjY3SFNyb2NhRU04IiwidHlwIjoiSldUIiwiYWxnIjoiSFMyNTYifQ.eyJzdWIiOiJmNjk2ZjM4MC01ZGY1LTQ4NTMtOGUyZC1kZTAyNGNhNzg3MzUiLCJndWVzdCI6dHJ1ZSwiZXhwIjoxNzg5MTIyODg2LCJpYXQiOjE3ODkxMjE5ODYsImp0aSI6IjhlZDkyMjc1LTQ2ZTQtNGFmYy04MjBhLTQ0M2I0MmI4ZmQyMCJ9.8AKl-NzP7lrhXbIDrWNAAAEG8RQRQlR_SA_rV9RjfmA","refreshToken":"hv8y8Dp6__dKEKASnnzvCVYCLKFPij0Ru2Thn-nGLbM","guest":true}
    Forwarded URL = null
   Redirected URL = null
          Cookies = []

MockHttpServletRequest:
      HTTP Method = POST
      Request URI = /v1/rooms
       Parameters = {}
          Headers = [Content-Type:"application/json;charset=UTF-8", Authorization:"Bearer eyJraWQiOiJKR2U3VHBLalVQZmNlWFJBdjZ3a2FERndXV3ZDR18tVjY3SFNyb2NhRU04IiwidHlwIjoiSldUIiwiYWxnIjoiSFMyNTYifQ.eyJzdWIiOiJmNjk2ZjM4MC01ZGY1LTQ4NTMtOGUyZC1kZTAyNGNhNzg3MzUiLCJndWVzdCI6dHJ1ZSwiZXhwIjoxNzg5MTIyODg2LCJpYXQiOjE3ODkxMjE5ODYsImp0aSI6IjhlZDkyMjc1LTQ2ZTQtNGFmYy04MjBhLTQ0M2I0MmI4ZmQyMCJ9.8AKl-NzP7lrhXbIDrWNAAAEG8RQRQlR_SA_rV9RjfmA", Content-Length:"2"]
             Body = {}
    Session Attrs = {}

Handler:
             Type = com.nomadgames.matchmaking.RoomController
           Method = com.nomadgames.matchmaking.RoomController#create(Jwt)

Async:
    Async started = false
     Async result = null

Resolved Exception:
             Type = null

ModelAndView:
        View name = null
             View = null
            Model = null

FlashMap:
       Attributes = null

MockHttpServletResponse:
           Status = 201
    Error message = null
          Headers = [Content-Type:"application/json", X-Content-Type-Options:"nosniff", X-XSS-Protection:"0", Cache-Control:"no-cache, no-store, max-age=0, must-revalidate", Pragma:"no-cache", Expires:"0", X-Frame-Options:"DENY"]
     Content type = application/json
             Body = {"roomId":"b8bcb904-7f8a-4bc4-87a1-6cdf78d8d0f7","code":"6R3GC","hostLabel":"Guest-8735","idleExpiresAt":"2026-09-11T10:29:46.115745500Z"}
    Forwarded URL = null
   Redirected URL = null
          Cookies = []

MockHttpServletRequest:
      HTTP Method = POST
      Request URI = /v1/identity/guest
       Parameters = {}
          Headers = [Content-Type:"application/json;charset=UTF-8", Content-Length:"2"]
             Body = {}
    Session Attrs = {}

Handler:
             Type = com.nomadgames.identity.GuestController
           Method = com.nomadgames.identity.GuestController#createGuest(HttpServletRequest)

Async:
    Async started = false
     Async result = null

Resolved Exception:
             Type = null

ModelAndView:
        View name = null
             View = null
            Model = null

FlashMap:
       Attributes = null

MockHttpServletResponse:
           Status = 201
    Error message = null
          Headers = [Content-Type:"application/json", X-Content-Type-Options:"nosniff", X-XSS-Protection:"0", Cache-Control:"no-cache, no-store, max-age=0, must-revalidate", Pragma:"no-cache", Expires:"0", X-Frame-Options:"DENY"]
     Content type = application/json
             Body = {"playerId":"2528adac-4564-4dca-9499-e5140ccc078a","accessToken":"eyJraWQiOiJKR2U3VHBLalVQZmNlWFJBdjZ3a2FERndXV3ZDR18tVjY3SFNyb2NhRU04IiwidHlwIjoiSldUIiwiYWxnIjoiSFMyNTYifQ.eyJzdWIiOiIyNTI4YWRhYy00NTY0LTRkY2EtOTQ5OS1lNTE0MGNjYzA3OGEiLCJndWVzdCI6dHJ1ZSwiZXhwIjoxNzg5MTIyODg2LCJpYXQiOjE3ODkxMjE5ODYsImp0aSI6ImIwZjViMDljLWEzOTUtNDRjMC04MmFjLTVlOWQ3ZGQ3Yjk1MyJ9.QgBc0TiMvtLJ605wUqeeu6RdvZCzXjs1m82h_fg0F_8","refreshToken":"HE-yyCbg4h9Utr7nkveI6K1JWpVMl3OOqZVuWTK2gjw","guest":true}
    Forwarded URL = null
   Redirected URL = null
          Cookies = []

MockHttpServletRequest:
      HTTP Method = POST
      Request URI = /v1/rooms/join
       Parameters = {}
          Headers = [Content-Type:"application/json;charset=UTF-8", Authorization:"Bearer eyJraWQiOiJKR2U3VHBLalVQZmNlWFJBdjZ3a2FERndXV3ZDR18tVjY3SFNyb2NhRU04IiwidHlwIjoiSldUIiwiYWxnIjoiSFMyNTYifQ.eyJzdWIiOiIyNTI4YWRhYy00NTY0LTRkY2EtOTQ5OS1lNTE0MGNjYzA3OGEiLCJndWVzdCI6dHJ1ZSwiZXhwIjoxNzg5MTIyODg2LCJpYXQiOjE3ODkxMjE5ODYsImp0aSI6ImIwZjViMDljLWEzOTUtNDRjMC04MmFjLTVlOWQ3ZGQ3Yjk1MyJ9.QgBc0TiMvtLJ605wUqeeu6RdvZCzXjs1m82h_fg0F_8", Content-Length:"16"]
             Body = {"code":"6R3GC"}
    Session Attrs = {}

Handler:
             Type = com.nomadgames.matchmaking.RoomController
           Method = com.nomadgames.matchmaking.RoomController#join(Jwt, JoinRoomRequest, HttpServletRequest)

Async:
    Async started = false
     Async result = null

Resolved Exception:
             Type = null

ModelAndView:
        View name = null
             View = null
            Model = null

FlashMap:
       Attributes = null

MockHttpServletResponse:
           Status = 200
    Error message = null
          Headers = [Content-Type:"application/json", X-Content-Type-Options:"nosniff", X-XSS-Protection:"0", Cache-Control:"no-cache, no-store, max-age=0, must-revalidate", Pragma:"no-cache", Expires:"0", X-Frame-Options:"DENY"]
     Content type = application/json
             Body = {"roomId":"b8bcb904-7f8a-4bc4-87a1-6cdf78d8d0f7","hostLabel":"Guest-8735","joinerLabel":"Guest-078a","hostReady":false,"joinerReady":false,"status":"LOBBY","idleExpiresAt":"2026-09-11T10:29:46.115746Z","matchId":null,"bothReady":false}
    Forwarded URL = null
   Redirected URL = null
          Cookies = []

MockHttpServletRequest:
      HTTP Method = POST
      Request URI = /v1/rooms/b8bcb904-7f8a-4bc4-87a1-6cdf78d8d0f7/ready
       Parameters = {}
          Headers = [Content-Type:"application/json;charset=UTF-8", Authorization:"Bearer eyJraWQiOiJKR2U3VHBLalVQZmNlWFJBdjZ3a2FERndXV3ZDR18tVjY3SFNyb2NhRU04IiwidHlwIjoiSldUIiwiYWxnIjoiSFMyNTYifQ.eyJzdWIiOiJmNjk2ZjM4MC01ZGY1LTQ4NTMtOGUyZC1kZTAyNGNhNzg3MzUiLCJndWVzdCI6dHJ1ZSwiZXhwIjoxNzg5MTIyODg2LCJpYXQiOjE3ODkxMjE5ODYsImp0aSI6IjhlZDkyMjc1LTQ2ZTQtNGFmYy04MjBhLTQ0M2I0MmI4ZmQyMCJ9.8AKl-NzP7lrhXbIDrWNAAAEG8RQRQlR_SA_rV9RjfmA", Content-Length:"2"]
             Body = {}
    Session Attrs = {}

Handler:
             Type = com.nomadgames.matchmaking.RoomController
           Method = com.nomadgames.matchmaking.RoomController#ready(Jwt, UUID)

Async:
    Async started = false
     Async result = null

Resolved Exception:
             Type = null

ModelAndView:
        View name = null
             View = null
            Model = null

FlashMap:
       Attributes = null

MockHttpServletResponse:
           Status = 200
    Error message = null
          Headers = [Content-Type:"application/json", X-Content-Type-Options:"nosniff", X-XSS-Protection:"0", Cache-Control:"no-cache, no-store, max-age=0, must-revalidate", Pragma:"no-cache", Expires:"0", X-Frame-Options:"DENY"]
     Content type = application/json
             Body = {"roomId":"b8bcb904-7f8a-4bc4-87a1-6cdf78d8d0f7","code":"6R3GC","hostLabel":"Guest-8735","joinerLabel":"Guest-078a","hostReady":true,"joinerReady":false,"status":"LOBBY","idleExpiresAt":"2026-09-11T10:29:46.115746Z","matchId":null,"bothReady":false}
    Forwarded URL = null
   Redirected URL = null
          Cookies = []

MockHttpServletRequest:
      HTTP Method = POST
      Request URI = /v1/rooms/b8bcb904-7f8a-4bc4-87a1-6cdf78d8d0f7/ready
       Parameters = {}
          Headers = [Content-Type:"application/json;charset=UTF-8", Authorization:"Bearer eyJraWQiOiJKR2U3VHBLalVQZmNlWFJBdjZ3a2FERndXV3ZDR18tVjY3SFNyb2NhRU04IiwidHlwIjoiSldUIiwiYWxnIjoiSFMyNTYifQ.eyJzdWIiOiIyNTI4YWRhYy00NTY0LTRkY2EtOTQ5OS1lNTE0MGNjYzA3OGEiLCJndWVzdCI6dHJ1ZSwiZXhwIjoxNzg5MTIyODg2LCJpYXQiOjE3ODkxMjE5ODYsImp0aSI6ImIwZjViMDljLWEzOTUtNDRjMC04MmFjLTVlOWQ3ZGQ3Yjk1MyJ9.QgBc0TiMvtLJ605wUqeeu6RdvZCzXjs1m82h_fg0F_8", Content-Length:"2"]
             Body = {}
    Session Attrs = {}

Handler:
             Type = com.nomadgames.matchmaking.RoomController
           Method = com.nomadgames.matchmaking.RoomController#ready(Jwt, UUID)

Async:
    Async started = false
     Async result = null

Resolved Exception:
             Type = null

ModelAndView:
        View name = null
             View = null
            Model = null

FlashMap:
       Attributes = null

MockHttpServletResponse:
           Status = 200
    Error message = null
          Headers = [Content-Type:"application/json", X-Content-Type-Options:"nosniff", X-XSS-Protection:"0", Cache-Control:"no-cache, no-store, max-age=0, must-revalidate", Pragma:"no-cache", Expires:"0", X-Frame-Options:"DENY"]
     Content type = application/json
             Body = {"roomId":"b8bcb904-7f8a-4bc4-87a1-6cdf78d8d0f7","hostLabel":"Guest-8735","joinerLabel":"Guest-078a","hostReady":true,"joinerReady":true,"status":"STARTED","idleExpiresAt":"2026-09-11T10:29:46.115746Z","matchId":"0541aed1-6ab7-44c5-b098-48ac0c88218b","bothReady":true}
    Forwarded URL = null
   Redirected URL = null
          Cookies = []

MockHttpServletRequest:
      HTTP Method = POST
      Request URI = /v1/matchmaking/casual
       Parameters = {}
          Headers = [Content-Type:"application/json;charset=UTF-8", Authorization:"Bearer eyJraWQiOiJKR2U3VHBLalVQZmNlWFJBdjZ3a2FERndXV3ZDR18tVjY3SFNyb2NhRU04IiwidHlwIjoiSldUIiwiYWxnIjoiSFMyNTYifQ.eyJzdWIiOiJmNjk2ZjM4MC01ZGY1LTQ4NTMtOGUyZC1kZTAyNGNhNzg3MzUiLCJndWVzdCI6dHJ1ZSwiZXhwIjoxNzg5MTIyODg2LCJpYXQiOjE3ODkxMjE5ODYsImp0aSI6IjhlZDkyMjc1LTQ2ZTQtNGFmYy04MjBhLTQ0M2I0MmI4ZmQyMCJ9.8AKl-NzP7lrhXbIDrWNAAAEG8RQRQlR_SA_rV9RjfmA", Content-Length:"2"]
             Body = {}
    Session Attrs = {}

Handler:
             Type = org.springframework.web.servlet.resource.ResourceHttpRequestHandler

Async:
    Async started = false
     Async result = null

Resolved Exception:
             Type = org.springframework.web.servlet.resource.NoResourceFoundException

ModelAndView:
        View name = null
             View = null
            Model = null

FlashMap:
       Attributes = null

MockHttpServletResponse:
           Status = 404
    Error message = No static resource v1/matchmaking/casual.
          Headers = [X-Content-Type-Options:"nosniff", X-XSS-Protection:"0", Cache-Control:"no-cache, no-store, max-age=0, must-revalidate", Pragma:"no-cache", Expires:"0", X-Frame-Options:"DENY"]
     Content type = null
             Body = 
    Forwarded URL = null
   Redirected URL = null
          Cookies = []

MockHttpServletRequest:
      HTTP Method = POST
      Request URI = /v1/identity/guest
       Parameters = {}
          Headers = [Content-Type:"application/json;charset=UTF-8", Content-Length:"2"]
             Body = {}
    Session Attrs = {}

Handler:
             Type = com.nomadgames.identity.GuestController
           Method = com.nomadgames.identity.GuestController#createGuest(HttpServletRequest)

Async:
    Async started = false
     Async result = null

Resolved Exception:
             Type = null

ModelAndView:
        View name = null
             View = null
            Model = null

FlashMap:
       Attributes = null

MockHttpServletResponse:
           Status = 201
    Error message = null
          Headers = [Content-Type:"application/json", X-Content-Type-Options:"nosniff", X-XSS-Protection:"0", Cache-Control:"no-cache, no-store, max-age=0, must-revalidate", Pragma:"no-cache", Expires:"0", X-Frame-Options:"DENY"]
     Content type = application/json
             Body = {"playerId":"3ac3914f-fc40-4f28-b377-6c40d2a51d95","accessToken":"eyJraWQiOiJKR2U3VHBLalVQZmNlWFJBdjZ3a2FERndXV3ZDR18tVjY3SFNyb2NhRU04IiwidHlwIjoiSldUIiwiYWxnIjoiSFMyNTYifQ.eyJzdWIiOiIzYWMzOTE0Zi1mYzQwLTRmMjgtYjM3Ny02YzQwZDJhNTFkOTUiLCJndWVzdCI6dHJ1ZSwiZXhwIjoxNzg5MTIyODg2LCJpYXQiOjE3ODkxMjE5ODYsImp0aSI6IjJhZTIxYTFhLWFmYzMtNGI5Yy04ZTQ4LWRkZjI2ZjA2NjZmYSJ9.rnEagyeSezP1_Ag8qp0YoaqpPqOoSyCIoeJhDQt8RDo","refreshToken":"pVC-FlW4JaBJIqGB-2PNUpHPuLP000HfOs8J9UQgJgk","guest":true}
    Forwarded URL = null
   Redirected URL = null
          Cookies = []

MockHttpServletRequest:
      HTTP Method = POST
      Request URI = /v1/matchmaking/casual
       Parameters = {}
          Headers = [Content-Type:"application/json;charset=UTF-8", Authorization:"Bearer eyJraWQiOiJKR2U3VHBLalVQZmNlWFJBdjZ3a2FERndXV3ZDR18tVjY3SFNyb2NhRU04IiwidHlwIjoiSldUIiwiYWxnIjoiSFMyNTYifQ.eyJzdWIiOiIzYWMzOTE0Zi1mYzQwLTRmMjgtYjM3Ny02YzQwZDJhNTFkOTUiLCJndWVzdCI6dHJ1ZSwiZXhwIjoxNzg5MTIyODg2LCJpYXQiOjE3ODkxMjE5ODYsImp0aSI6IjJhZTIxYTFhLWFmYzMtNGI5Yy04ZTQ4LWRkZjI2ZjA2NjZmYSJ9.rnEagyeSezP1_Ag8qp0YoaqpPqOoSyCIoeJhDQt8RDo", Content-Length:"2"]
             Body = {}
    Session Attrs = {}

Handler:
             Type = org.springframework.web.servlet.resource.ResourceHttpRequestHandler

Async:
    Async started = false
     Async result = null

Resolved Exception:
             Type = org.springframework.web.servlet.resource.NoResourceFoundException

ModelAndView:
        View name = null
             View = null
            Model = null

FlashMap:
       Attributes = null

MockHttpServletResponse:
           Status = 404
    Error message = No static resource v1/matchmaking/casual.
          Headers = [X-Content-Type-Options:"nosniff", X-XSS-Protection:"0", Cache-Control:"no-cache, no-store, max-age=0, must-revalidate", Pragma:"no-cache", Expires:"0", X-Frame-Options:"DENY"]
     Content type = null
             Body = 
    Forwarded URL = null
   Redirected URL = null
          Cookies = []
2026-09-11T15:19:46.629+05:00  WARN 31148 --- [nomad-games] [   scheduling-1] com.zaxxer.hikari.pool.PoolBase          : HikariPool-1 - Failed to validate connection org.postgresql.jdbc.PgConnection@6567de86 (Соединение закрыто.). Possibly consider using a shorter maxLifetime value.
2026-09-11T15:19:46.634+05:00  WARN 31148 --- [nomad-games] [   scheduling-1] com.zaxxer.hikari.pool.ProxyConnection   : HikariPool-1 - Connection org.postgresql.jdbc.PgConnection@2444e422 marked as broken because of SQLSTATE(08006), ErrorCode(0)

org.postgresql.util.PSQLException: Ошибка ввода/вывода при отправке бэкенду.
	at org.postgresql.core.v3.QueryExecutorImpl.execute(QueryExecutorImpl.java:474) ~[postgresql-42.7.13.jar:42.7.13]
	at org.postgresql.jdbc.PgStatement.executeInternal(PgStatement.java:533) ~[postgresql-42.7.13.jar:42.7.13]
	at org.postgresql.jdbc.PgStatement.execute(PgStatement.java:449) ~[postgresql-42.7.13.jar:42.7.13]
	at org.postgresql.jdbc.PgPreparedStatement.executeWithFlags(PgPreparedStatement.java:197) ~[postgresql-42.7.13.jar:42.7.13]
	at org.postgresql.jdbc.PgPreparedStatement.executeQuery(PgPreparedStatement.java:140) ~[postgresql-42.7.13.jar:42.7.13]
	at com.zaxxer.hikari.pool.ProxyPreparedStatement.executeQuery(ProxyPreparedStatement.java:52) ~[HikariCP-7.0.2.jar:na]
	at com.zaxxer.hikari.pool.HikariProxyPreparedStatement.executeQuery(HikariProxyPreparedStatement.java) ~[HikariCP-7.0.2.jar:na]
	at org.hibernate.sql.results.jdbc.internal.DeferredResultSetAccess.executeQuery(DeferredResultSetAccess.java:269) ~[hibernate-core-7.4.5.Final.jar:7.4.5.Final]
	at org.hibernate.sql.results.jdbc.internal.DeferredResultSetAccess.getResultSet(DeferredResultSetAccess.java:188) ~[hibernate-core-7.4.5.Final.jar:7.4.5.Final]
	at org.hibernate.sql.results.jdbc.internal.JdbcValuesResultSetImpl.<init>(JdbcValuesResultSetImpl.java:71) ~[hibernate-core-7.4.5.Final.jar:7.4.5.Final]
	at org.hibernate.sql.exec.internal.JdbcSelectExecutorStandardImpl.resolveJdbcValues(JdbcSelectExecutorStandardImpl.java:422) ~[hibernate-core-7.4.5.Final.jar:7.4.5.Final]
	at org.hibernate.sql.exec.internal.JdbcSelectExecutorStandardImpl.resolveJdbcValuesSource(JdbcSelectExecutorStandardImpl.java:349) ~[hibernate-core-7.4.5.Final.jar:7.4.5.Final]
	at org.hibernate.sql.exec.internal.JdbcSelectExecutorStandardImpl.doExecuteQuery(JdbcSelectExecutorStandardImpl.java:143) ~[hibernate-core-7.4.5.Final.jar:7.4.5.Final]
	at org.hibernate.sql.exec.internal.JdbcSelectExecutorStandardImpl.executeQuery(JdbcSelectExecutorStandardImpl.java:100) ~[hibernate-core-7.4.5.Final.jar:7.4.5.Final]
	at org.hibernate.sql.exec.spi.JdbcSelectExecutor.executeQuery(JdbcSelectExecutor.java:63) ~[hibernate-core-7.4.5.Final.jar:7.4.5.Final]
	at org.hibernate.sql.exec.spi.JdbcSelectExecutor.list(JdbcSelectExecutor.java:137) ~[hibernate-core-7.4.5.Final.jar:7.4.5.Final]
	at org.hibernate.query.sqm.internal.ConcreteSqmSelectQueryPlan.lambda$new$1(ConcreteSqmSelectQueryPlan.java:136) ~[hibernate-core-7.4.5.Final.jar:7.4.5.Final]
	at org.hibernate.query.sqm.internal.ConcreteSqmSelectQueryPlan.withCacheableSqmInterpretation(ConcreteSqmSelectQueryPlan.java:484) ~[hibernate-core-7.4.5.Final.jar:7.4.5.Final]
	at org.hibernate.query.sqm.internal.ConcreteSqmSelectQueryPlan.performList(ConcreteSqmSelectQueryPlan.java:411) ~[hibernate-core-7.4.5.Final.jar:7.4.5.Final]
	at org.hibernate.query.sqm.internal.SqmQueryImpl.doList(SqmQueryImpl.java:379) ~[hibernate-core-7.4.5.Final.jar:7.4.5.Final]
	at org.hibernate.query.spi.AbstractSelectionQuery.list(AbstractSelectionQuery.java:153) ~[hibernate-core-7.4.5.Final.jar:7.4.5.Final]
	at org.hibernate.query.Query.getResultList(Query.java:121) ~[hibernate-core-7.4.5.Final.jar:7.4.5.Final]
	at org.springframework.data.jpa.repository.query.JpaQueryExecution$CollectionExecution.doExecute(JpaQueryExecution.java:141) ~[spring-data-jpa-4.1.1.jar:4.1.1]
	at org.springframework.data.jpa.repository.query.JpaQueryExecution.execute(JpaQueryExecution.java:100) ~[spring-data-jpa-4.1.1.jar:4.1.1]
	at org.springframework.data.jpa.repository.query.AbstractJpaQuery.doExecute(AbstractJpaQuery.java:166) ~[spring-data-jpa-4.1.1.jar:4.1.1]
	at org.springframework.data.jpa.repository.query.AbstractJpaQuery.execute(AbstractJpaQuery.java:156) ~[spring-data-jpa-4.1.1.jar:4.1.1]
	at org.springframework.data.repository.core.support.RepositoryMethodInvoker.doInvoke(RepositoryMethodInvoker.java:169) ~[spring-data-commons-4.1.1.jar:4.1.1]
	at org.springframework.data.repository.core.support.RepositoryMethodInvoker.invoke(RepositoryMethodInvoker.java:158) ~[spring-data-commons-4.1.1.jar:4.1.1]
	at org.springframework.data.repository.core.support.QueryExecutorMethodInterceptor.doInvoke(QueryExecutorMethodInterceptor.java:167) ~[spring-data-commons-4.1.1.jar:4.1.1]
	at org.springframework.data.repository.core.support.QueryExecutorMethodInterceptor.invoke(QueryExecutorMethodInterceptor.java:146) ~[spring-data-commons-4.1.1.jar:4.1.1]
	at org.springframework.aop.framework.ReflectiveMethodInvocation.proceed(ReflectiveMethodInvocation.java:179) ~[spring-aop-7.0.9.jar:7.0.9]
	at org.springframework.data.projection.DefaultMethodInvokingMethodInterceptor.invoke(DefaultMethodInvokingMethodInterceptor.java:69) ~[spring-data-commons-4.1.1.jar:4.1.1]
	at org.springframework.aop.framework.ReflectiveMethodInvocation.proceed(ReflectiveMethodInvocation.java:179) ~[spring-aop-7.0.9.jar:7.0.9]
	at org.springframework.transaction.interceptor.TransactionInterceptor$1.proceedWithInvocation(TransactionInterceptor.java:133) ~[spring-tx-7.0.9.jar:7.0.9]
	at org.springframework.transaction.interceptor.TransactionAspectSupport.invokeWithinTransaction(TransactionAspectSupport.java:371) ~[spring-tx-7.0.9.jar:7.0.9]
	at org.springframework.transaction.interceptor.TransactionInterceptor.invoke(TransactionInterceptor.java:130) ~[spring-tx-7.0.9.jar:7.0.9]
	at org.springframework.aop.framework.ReflectiveMethodInvocation.proceed(ReflectiveMethodInvocation.java:179) ~[spring-aop-7.0.9.jar:7.0.9]
	at org.springframework.dao.support.PersistenceExceptionTranslationInterceptor.invoke(PersistenceExceptionTranslationInterceptor.java:135) ~[spring-tx-7.0.9.jar:7.0.9]
	at org.springframework.aop.framework.ReflectiveMethodInvocation.proceed(ReflectiveMethodInvocation.java:179) ~[spring-aop-7.0.9.jar:7.0.9]
	at org.springframework.data.jpa.repository.support.CrudMethodMetadataPostProcessor$CrudMethodMetadataPopulatingMethodInterceptor.invoke(CrudMethodMetadataPostProcessor.java:137) ~[spring-data-jpa-4.1.1.jar:4.1.1]
	at org.springframework.aop.framework.ReflectiveMethodInvocation.proceed(ReflectiveMethodInvocation.java:179) ~[spring-aop-7.0.9.jar:7.0.9]
	at org.springframework.aop.framework.JdkDynamicAopProxy.invoke(JdkDynamicAopProxy.java:222) ~[spring-aop-7.0.9.jar:7.0.9]
	at jdk.proxy2/jdk.proxy2.$Proxy199.findByStatusAndIdleExpiresAtBefore(Unknown Source) ~[na:na]
	at com.nomadgames.matchmaking.RoomService.lambda$closeExpiredLobbies$7(RoomService.java:151) ~[classes/:na]
	at org.springframework.transaction.support.TransactionTemplate.execute(TransactionTemplate.java:137) ~[spring-tx-7.0.9.jar:7.0.9]
	at com.nomadgames.matchmaking.RoomService.closeExpiredLobbies(RoomService.java:150) ~[classes/:na]
	at java.base/jdk.internal.reflect.DirectMethodHandleAccessor.invoke(DirectMethodHandleAccessor.java:103) ~[na:na]
	at java.base/java.lang.reflect.Method.invoke(Method.java:580) ~[na:na]
	at org.springframework.scheduling.support.ScheduledMethodRunnable.runInternal(ScheduledMethodRunnable.java:128) ~[spring-context-7.0.9.jar:7.0.9]
	at org.springframework.scheduling.support.ScheduledMethodRunnable.lambda$run$1(ScheduledMethodRunnable.java:122) ~[spring-context-7.0.9.jar:7.0.9]
	at io.micrometer.observation.Observation.observe(Observation.java:569) ~[micrometer-observation-1.17.1.jar:1.17.1]
	at org.springframework.scheduling.support.ScheduledMethodRunnable.run(ScheduledMethodRunnable.java:122) ~[spring-context-7.0.9.jar:7.0.9]
	at org.springframework.scheduling.config.Task$OutcomeTrackingRunnable.run(Task.java:88) ~[spring-context-7.0.9.jar:7.0.9]
	at org.springframework.scheduling.support.DelegatingErrorHandlingRunnable.run(DelegatingErrorHandlingRunnable.java:54) ~[spring-context-7.0.9.jar:7.0.9]
	at java.base/java.util.concurrent.Executors$RunnableAdapter.call(Executors.java:572) ~[na:na]
	at java.base/java.util.concurrent.FutureTask.runAndReset(FutureTask.java:358) ~[na:na]
	at java.base/java.util.concurrent.ScheduledThreadPoolExecutor$ScheduledFutureTask.run(ScheduledThreadPoolExecutor.java:305) ~[na:na]
	at java.base/java.util.concurrent.ThreadPoolExecutor.runWorker(ThreadPoolExecutor.java:1144) ~[na:na]
	at java.base/java.util.concurrent.ThreadPoolExecutor$Worker.run(ThreadPoolExecutor.java:642) ~[na:na]
	at java.base/java.lang.Thread.run(Thread.java:1583) ~[na:na]
Caused by: java.io.EOFException
	at org.postgresql.core.PGStream.receiveChar(PGStream.java:482) ~[postgresql-42.7.13.jar:42.7.13]
	at org.postgresql.core.v3.QueryExecutorImpl.processResults(QueryExecutorImpl.java:2383) ~[postgresql-42.7.13.jar:42.7.13]
	at org.postgresql.core.v3.QueryExecutorImpl.execute(QueryExecutorImpl.java:446) ~[postgresql-42.7.13.jar:42.7.13]
	... 59 common frames omitted

2026-09-11T15:19:46.644+05:00  WARN 31148 --- [nomad-games] [   scheduling-1] org.hibernate.orm.jdbc.error             : HHH000247: ErrorCode: 0, SQLState: 08006
2026-09-11T15:19:46.645+05:00  WARN 31148 --- [nomad-games] [   scheduling-1] org.hibernate.orm.jdbc.error             : Ошибка ввода/вывода при отправке бэкенду.
2026-09-11T15:19:46.654+05:00 ERROR 31148 --- [nomad-games] [   scheduling-1] o.s.t.support.TransactionTemplate        : Application exception overridden by rollback exception

org.springframework.dao.DataAccessResourceFailureException: JDBC exception executing SQL [Ошибка ввода/вывода при отправке бэкенду.] [select re1_0.id,re1_0.code,re1_0.created_at,re1_0.host_id,re1_0.host_ready,re1_0.idle_expires_at,re1_0.joiner_id,re1_0.joiner_ready,re1_0.match_id,re1_0.status,re1_0.version from rooms re1_0 where re1_0.status=? and re1_0.idle_expires_at<?]
	at org.springframework.orm.jpa.hibernate.HibernateExceptionTranslator.convertHibernateAccessException(HibernateExceptionTranslator.java:153) ~[spring-orm-7.0.9.jar:7.0.9]
	at org.springframework.orm.jpa.hibernate.HibernateExceptionTranslator.convertHibernateAccessException(HibernateExceptionTranslator.java:131) ~[spring-orm-7.0.9.jar:7.0.9]
	at org.springframework.orm.jpa.hibernate.HibernateExceptionTranslator.translateExceptionIfPossible(HibernateExceptionTranslator.java:105) ~[spring-orm-7.0.9.jar:7.0.9]
	at org.springframework.orm.jpa.vendor.HibernateJpaDialect.translateExceptionIfPossible(HibernateJpaDialect.java:223) ~[spring-orm-7.0.9.jar:7.0.9]
	at org.springframework.orm.jpa.AbstractEntityManagerFactoryBean.translateExceptionIfPossible(AbstractEntityManagerFactoryBean.java:577) ~[spring-orm-7.0.9.jar:7.0.9]
	at org.springframework.dao.support.ChainedPersistenceExceptionTranslator.translateExceptionIfPossible(ChainedPersistenceExceptionTranslator.java:61) ~[spring-tx-7.0.9.jar:7.0.9]
	at org.springframework.dao.support.DataAccessUtils.translateIfNecessary(DataAccessUtils.java:346) ~[spring-tx-7.0.9.jar:7.0.9]
	at org.springframework.dao.support.PersistenceExceptionTranslationInterceptor.invoke(PersistenceExceptionTranslationInterceptor.java:157) ~[spring-tx-7.0.9.jar:7.0.9]
	at org.springframework.aop.framework.ReflectiveMethodInvocation.proceed(ReflectiveMethodInvocation.java:179) ~[spring-aop-7.0.9.jar:7.0.9]
	at org.springframework.data.jpa.repository.support.CrudMethodMetadataPostProcessor$CrudMethodMetadataPopulatingMethodInterceptor.invoke(CrudMethodMetadataPostProcessor.java:137) ~[spring-data-jpa-4.1.1.jar:4.1.1]
	at org.springframework.aop.framework.ReflectiveMethodInvocation.proceed(ReflectiveMethodInvocation.java:179) ~[spring-aop-7.0.9.jar:7.0.9]
	at org.springframework.aop.framework.JdkDynamicAopProxy.invoke(JdkDynamicAopProxy.java:222) ~[spring-aop-7.0.9.jar:7.0.9]
	at jdk.proxy2/jdk.proxy2.$Proxy199.findByStatusAndIdleExpiresAtBefore(Unknown Source) ~[na:na]
	at com.nomadgames.matchmaking.RoomService.lambda$closeExpiredLobbies$7(RoomService.java:151) ~[classes/:na]
	at org.springframework.transaction.support.TransactionTemplate.execute(TransactionTemplate.java:137) ~[spring-tx-7.0.9.jar:7.0.9]
	at com.nomadgames.matchmaking.RoomService.closeExpiredLobbies(RoomService.java:150) ~[classes/:na]
	at java.base/jdk.internal.reflect.DirectMethodHandleAccessor.invoke(DirectMethodHandleAccessor.java:103) ~[na:na]
	at java.base/java.lang.reflect.Method.invoke(Method.java:580) ~[na:na]
	at org.springframework.scheduling.support.ScheduledMethodRunnable.runInternal(ScheduledMethodRunnable.java:128) ~[spring-context-7.0.9.jar:7.0.9]
	at org.springframework.scheduling.support.ScheduledMethodRunnable.lambda$run$1(ScheduledMethodRunnable.java:122) ~[spring-context-7.0.9.jar:7.0.9]
	at io.micrometer.observation.Observation.observe(Observation.java:569) ~[micrometer-observation-1.17.1.jar:1.17.1]
	at org.springframework.scheduling.support.ScheduledMethodRunnable.run(ScheduledMethodRunnable.java:122) ~[spring-context-7.0.9.jar:7.0.9]
	at org.springframework.scheduling.config.Task$OutcomeTrackingRunnable.run(Task.java:88) ~[spring-context-7.0.9.jar:7.0.9]
	at org.springframework.scheduling.support.DelegatingErrorHandlingRunnable.run(DelegatingErrorHandlingRunnable.java:54) ~[spring-context-7.0.9.jar:7.0.9]
	at java.base/java.util.concurrent.Executors$RunnableAdapter.call(Executors.java:572) ~[na:na]
	at java.base/java.util.concurrent.FutureTask.runAndReset(FutureTask.java:358) ~[na:na]
	at java.base/java.util.concurrent.ScheduledThreadPoolExecutor$ScheduledFutureTask.run(ScheduledThreadPoolExecutor.java:305) ~[na:na]
	at java.base/java.util.concurrent.ThreadPoolExecutor.runWorker(ThreadPoolExecutor.java:1144) ~[na:na]
	at java.base/java.util.concurrent.ThreadPoolExecutor$Worker.run(ThreadPoolExecutor.java:642) ~[na:na]
	at java.base/java.lang.Thread.run(Thread.java:1583) ~[na:na]
Caused by: org.hibernate.exception.JDBCConnectionException: JDBC exception executing SQL [Ошибка ввода/вывода при отправке бэкенду.] [select re1_0.id,re1_0.code,re1_0.created_at,re1_0.host_id,re1_0.host_ready,re1_0.idle_expires_at,re1_0.joiner_id,re1_0.joiner_ready,re1_0.match_id,re1_0.status,re1_0.version from rooms re1_0 where re1_0.status=? and re1_0.idle_expires_at<?]
	at org.hibernate.exception.internal.SQLStateConversionDelegate.convert(SQLStateConversionDelegate.java:80) ~[hibernate-core-7.4.5.Final.jar:7.4.5.Final]
	at org.hibernate.exception.internal.StandardSQLExceptionConverter.convert(StandardSQLExceptionConverter.java:34) ~[hibernate-core-7.4.5.Final.jar:7.4.5.Final]
	at org.hibernate.engine.jdbc.spi.SqlExceptionHelper.convert(SqlExceptionHelper.java:115) ~[hibernate-core-7.4.5.Final.jar:7.4.5.Final]
	at org.hibernate.sql.results.jdbc.internal.DeferredResultSetAccess.executeQuery(DeferredResultSetAccess.java:292) ~[hibernate-core-7.4.5.Final.jar:7.4.5.Final]
	at org.hibernate.sql.results.jdbc.internal.DeferredResultSetAccess.getResultSet(DeferredResultSetAccess.java:188) ~[hibernate-core-7.4.5.Final.jar:7.4.5.Final]
	at org.hibernate.sql.results.jdbc.internal.JdbcValuesResultSetImpl.<init>(JdbcValuesResultSetImpl.java:71) ~[hibernate-core-7.4.5.Final.jar:7.4.5.Final]
	at org.hibernate.sql.exec.internal.JdbcSelectExecutorStandardImpl.resolveJdbcValues(JdbcSelectExecutorStandardImpl.java:422) ~[hibernate-core-7.4.5.Final.jar:7.4.5.Final]
	at org.hibernate.sql.exec.internal.JdbcSelectExecutorStandardImpl.resolveJdbcValuesSource(JdbcSelectExecutorStandardImpl.java:349) ~[hibernate-core-7.4.5.Final.jar:7.4.5.Final]
	at org.hibernate.sql.exec.internal.JdbcSelectExecutorStandardImpl.doExecuteQuery(JdbcSelectExecutorStandardImpl.java:143) ~[hibernate-core-7.4.5.Final.jar:7.4.5.Final]
	at org.hibernate.sql.exec.internal.JdbcSelectExecutorStandardImpl.executeQuery(JdbcSelectExecutorStandardImpl.java:100) ~[hibernate-core-7.4.5.Final.jar:7.4.5.Final]
	at org.hibernate.sql.exec.spi.JdbcSelectExecutor.executeQuery(JdbcSelectExecutor.java:63) ~[hibernate-core-7.4.5.Final.jar:7.4.5.Final]
	at org.hibernate.sql.exec.spi.JdbcSelectExecutor.list(JdbcSelectExecutor.java:137) ~[hibernate-core-7.4.5.Final.jar:7.4.5.Final]
	at org.hibernate.query.sqm.internal.ConcreteSqmSelectQueryPlan.lambda$new$1(ConcreteSqmSelectQueryPlan.java:136) ~[hibernate-core-7.4.5.Final.jar:7.4.5.Final]
	at org.hibernate.query.sqm.internal.ConcreteSqmSelectQueryPlan.withCacheableSqmInterpretation(ConcreteSqmSelectQueryPlan.java:484) ~[hibernate-core-7.4.5.Final.jar:7.4.5.Final]
	at org.hibernate.query.sqm.internal.ConcreteSqmSelectQueryPlan.performList(ConcreteSqmSelectQueryPlan.java:411) ~[hibernate-core-7.4.5.Final.jar:7.4.5.Final]
	at org.hibernate.query.sqm.internal.SqmQueryImpl.doList(SqmQueryImpl.java:379) ~[hibernate-core-7.4.5.Final.jar:7.4.5.Final]
	at org.hibernate.query.spi.AbstractSelectionQuery.list(AbstractSelectionQuery.java:153) ~[hibernate-core-7.4.5.Final.jar:7.4.5.Final]
	at org.hibernate.query.Query.getResultList(Query.java:121) ~[hibernate-core-7.4.5.Final.jar:7.4.5.Final]
	at org.springframework.data.jpa.repository.query.JpaQueryExecution$CollectionExecution.doExecute(JpaQueryExecution.java:141) ~[spring-data-jpa-4.1.1.jar:4.1.1]
	at org.springframework.data.jpa.repository.query.JpaQueryExecution.execute(JpaQueryExecution.java:100) ~[spring-data-jpa-4.1.1.jar:4.1.1]
	at org.springframework.data.jpa.repository.query.AbstractJpaQuery.doExecute(AbstractJpaQuery.java:166) ~[spring-data-jpa-4.1.1.jar:4.1.1]
	at org.springframework.data.jpa.repository.query.AbstractJpaQuery.execute(AbstractJpaQuery.java:156) ~[spring-data-jpa-4.1.1.jar:4.1.1]
	at org.springframework.data.repository.core.support.RepositoryMethodInvoker.doInvoke(RepositoryMethodInvoker.java:169) ~[spring-data-commons-4.1.1.jar:4.1.1]
	at org.springframework.data.repository.core.support.RepositoryMethodInvoker.invoke(RepositoryMethodInvoker.java:158) ~[spring-data-commons-4.1.1.jar:4.1.1]
	at org.springframework.data.repository.core.support.QueryExecutorMethodInterceptor.doInvoke(QueryExecutorMethodInterceptor.java:167) ~[spring-data-commons-4.1.1.jar:4.1.1]
	at org.springframework.data.repository.core.support.QueryExecutorMethodInterceptor.invoke(QueryExecutorMethodInterceptor.java:146) ~[spring-data-commons-4.1.1.jar:4.1.1]
	at org.springframework.aop.framework.ReflectiveMethodInvocation.proceed(ReflectiveMethodInvocation.java:179) ~[spring-aop-7.0.9.jar:7.0.9]
	at org.springframework.data.projection.DefaultMethodInvokingMethodInterceptor.invoke(DefaultMethodInvokingMethodInterceptor.java:69) ~[spring-data-commons-4.1.1.jar:4.1.1]
	at org.springframework.aop.framework.ReflectiveMethodInvocation.proceed(ReflectiveMethodInvocation.java:179) ~[spring-aop-7.0.9.jar:7.0.9]
	at org.springframework.transaction.interceptor.TransactionInterceptor$1.proceedWithInvocation(TransactionInterceptor.java:133) ~[spring-tx-7.0.9.jar:7.0.9]
	at org.springframework.transaction.interceptor.TransactionAspectSupport.invokeWithinTransaction(TransactionAspectSupport.java:371) ~[spring-tx-7.0.9.jar:7.0.9]
	at org.springframework.transaction.interceptor.TransactionInterceptor.invoke(TransactionInterceptor.java:130) ~[spring-tx-7.0.9.jar:7.0.9]
	at org.springframework.aop.framework.ReflectiveMethodInvocation.proceed(ReflectiveMethodInvocation.java:179) ~[spring-aop-7.0.9.jar:7.0.9]
	at org.springframework.dao.support.PersistenceExceptionTranslationInterceptor.invoke(PersistenceExceptionTranslationInterceptor.java:135) ~[spring-tx-7.0.9.jar:7.0.9]
	... 22 common frames omitted
Caused by: org.postgresql.util.PSQLException: Ошибка ввода/вывода при отправке бэкенду.
	at org.postgresql.core.v3.QueryExecutorImpl.execute(QueryExecutorImpl.java:474) ~[postgresql-42.7.13.jar:42.7.13]
	at org.postgresql.jdbc.PgStatement.executeInternal(PgStatement.java:533) ~[postgresql-42.7.13.jar:42.7.13]
	at org.postgresql.jdbc.PgStatement.execute(PgStatement.java:449) ~[postgresql-42.7.13.jar:42.7.13]
	at org.postgresql.jdbc.PgPreparedStatement.executeWithFlags(PgPreparedStatement.java:197) ~[postgresql-42.7.13.jar:42.7.13]
	at org.postgresql.jdbc.PgPreparedStatement.executeQuery(PgPreparedStatement.java:140) ~[postgresql-42.7.13.jar:42.7.13]
	at com.zaxxer.hikari.pool.ProxyPreparedStatement.executeQuery(ProxyPreparedStatement.java:52) ~[HikariCP-7.0.2.jar:na]
	at com.zaxxer.hikari.pool.HikariProxyPreparedStatement.executeQuery(HikariProxyPreparedStatement.java) ~[HikariCP-7.0.2.jar:na]
	at org.hibernate.sql.results.jdbc.internal.DeferredResultSetAccess.executeQuery(DeferredResultSetAccess.java:269) ~[hibernate-core-7.4.5.Final.jar:7.4.5.Final]
	... 52 common frames omitted
Caused by: java.io.EOFException
	at org.postgresql.core.PGStream.receiveChar(PGStream.java:482) ~[postgresql-42.7.13.jar:42.7.13]
	at org.postgresql.core.v3.QueryExecutorImpl.processResults(QueryExecutorImpl.java:2383) ~[postgresql-42.7.13.jar:42.7.13]
	at org.postgresql.core.v3.QueryExecutorImpl.execute(QueryExecutorImpl.java:446) ~[postgresql-42.7.13.jar:42.7.13]
	... 59 common frames omitted

2026-09-11T15:19:46.658+05:00 ERROR 31148 --- [nomad-games] [   scheduling-1] o.s.s.s.TaskUtils$LoggingErrorHandler    : Unexpected error occurred in scheduled task

org.springframework.orm.jpa.JpaSystemException: Unable to rollback against JDBC Connection
	at org.springframework.orm.jpa.hibernate.HibernateExceptionTranslator.convertHibernateAccessException(HibernateExceptionTranslator.java:223) ~[spring-orm-7.0.9.jar:7.0.9]
	at org.springframework.orm.jpa.hibernate.HibernateExceptionTranslator.convertHibernateAccessException(HibernateExceptionTranslator.java:131) ~[spring-orm-7.0.9.jar:7.0.9]
	at org.springframework.orm.jpa.hibernate.HibernateExceptionTranslator.translateExceptionIfPossible(HibernateExceptionTranslator.java:105) ~[spring-orm-7.0.9.jar:7.0.9]
	at org.springframework.orm.jpa.vendor.HibernateJpaDialect.translateExceptionIfPossible(HibernateJpaDialect.java:223) ~[spring-orm-7.0.9.jar:7.0.9]
	at org.springframework.orm.jpa.JpaTransactionManager.doRollback(JpaTransactionManager.java:583) ~[spring-orm-7.0.9.jar:7.0.9]
	at org.springframework.transaction.support.AbstractPlatformTransactionManager.processRollback(AbstractPlatformTransactionManager.java:896) ~[spring-tx-7.0.9.jar:7.0.9]
	at org.springframework.transaction.support.AbstractPlatformTransactionManager.rollback(AbstractPlatformTransactionManager.java:865) ~[spring-tx-7.0.9.jar:7.0.9]
	at org.springframework.transaction.support.TransactionTemplate.rollbackOnException(TransactionTemplate.java:165) ~[spring-tx-7.0.9.jar:7.0.9]
	at org.springframework.transaction.support.TransactionTemplate.execute(TransactionTemplate.java:141) ~[spring-tx-7.0.9.jar:7.0.9]
	at com.nomadgames.matchmaking.RoomService.closeExpiredLobbies(RoomService.java:150) ~[classes/:na]
	at java.base/jdk.internal.reflect.DirectMethodHandleAccessor.invoke(DirectMethodHandleAccessor.java:103) ~[na:na]
	at java.base/java.lang.reflect.Method.invoke(Method.java:580) ~[na:na]
	at org.springframework.scheduling.support.ScheduledMethodRunnable.runInternal(ScheduledMethodRunnable.java:128) ~[spring-context-7.0.9.jar:7.0.9]
	at org.springframework.scheduling.support.ScheduledMethodRunnable.lambda$run$1(ScheduledMethodRunnable.java:122) ~[spring-context-7.0.9.jar:7.0.9]
	at io.micrometer.observation.Observation.observe(Observation.java:569) ~[micrometer-observation-1.17.1.jar:1.17.1]
	at org.springframework.scheduling.support.ScheduledMethodRunnable.run(ScheduledMethodRunnable.java:122) ~[spring-context-7.0.9.jar:7.0.9]
	at org.springframework.scheduling.config.Task$OutcomeTrackingRunnable.run(Task.java:88) ~[spring-context-7.0.9.jar:7.0.9]
	at org.springframework.scheduling.support.DelegatingErrorHandlingRunnable.run(DelegatingErrorHandlingRunnable.java:54) ~[spring-context-7.0.9.jar:7.0.9]
	at java.base/java.util.concurrent.Executors$RunnableAdapter.call(Executors.java:572) ~[na:na]
	at java.base/java.util.concurrent.FutureTask.runAndReset(FutureTask.java:358) ~[na:na]
	at java.base/java.util.concurrent.ScheduledThreadPoolExecutor$ScheduledFutureTask.run(ScheduledThreadPoolExecutor.java:305) ~[na:na]
	at java.base/java.util.concurrent.ThreadPoolExecutor.runWorker(ThreadPoolExecutor.java:1144) ~[na:na]
	at java.base/java.util.concurrent.ThreadPoolExecutor$Worker.run(ThreadPoolExecutor.java:642) ~[na:na]
	at java.base/java.lang.Thread.run(Thread.java:1583) ~[na:na]
Caused by: org.hibernate.TransactionException: Unable to rollback against JDBC Connection
	at org.hibernate.resource.jdbc.internal.AbstractLogicalConnectionImplementor.rollback(AbstractLogicalConnectionImplementor.java:151) ~[hibernate-core-7.4.5.Final.jar:7.4.5.Final]
	at org.hibernate.resource.transaction.backend.jdbc.internal.JdbcResourceLocalTransactionCoordinatorImpl$TransactionDriverControlImpl.rollback(JdbcResourceLocalTransactionCoordinatorImpl.java:300) ~[hibernate-core-7.4.5.Final.jar:7.4.5.Final]
	at org.hibernate.engine.transaction.internal.TransactionImpl.rollback(TransactionImpl.java:123) ~[hibernate-core-7.4.5.Final.jar:7.4.5.Final]
	at org.springframework.orm.jpa.JpaTransactionManager.doRollback(JpaTransactionManager.java:579) ~[spring-orm-7.0.9.jar:7.0.9]
	... 19 common frames omitted
Caused by: java.sql.SQLException: Connection is closed
	at com.zaxxer.hikari.pool.ProxyConnection$ClosedConnection.lambda$getClosedConnection$0(ProxyConnection.java:559) ~[HikariCP-7.0.2.jar:na]
	at jdk.proxy3/jdk.proxy3.$Proxy161.rollback(Unknown Source) ~[na:na]
	at com.zaxxer.hikari.pool.ProxyConnection.rollback(ProxyConnection.java:386) ~[HikariCP-7.0.2.jar:na]
	at com.zaxxer.hikari.pool.HikariProxyConnection.rollback(HikariProxyConnection.java) ~[HikariCP-7.0.2.jar:na]
	at org.hibernate.resource.jdbc.internal.AbstractLogicalConnectionImplementor.rollback(AbstractLogicalConnectionImplementor.java:141) ~[hibernate-core-7.4.5.Final.jar:7.4.5.Final]
	... 22 common frames omitted

[ERROR] Tests run: 6, Failures: 6, Errors: 0, Skipped: 0, Time elapsed: 18.27 s <<< FAILURE! -- in com.nomadgames.matchmaking.CasualQueueIT
[ERROR] com.nomadgames.matchmaking.CasualQueueIT.casualSettleGrantsMatchPrivatePath -- Time elapsed: 0.816 s <<< FAILURE!
java.lang.AssertionError: Status expected:<200> but was:<404>
	at org.springframework.test.util.AssertionErrors.fail(AssertionErrors.java:62)
	at org.springframework.test.util.AssertionErrors.assertEquals(AssertionErrors.java:129)
	at org.springframework.test.web.servlet.result.StatusResultMatchers.lambda$matcher$0(StatusResultMatchers.java:600)
	at org.springframework.test.web.servlet.MockMvc$1.andExpect(MockMvc.java:212)
	at com.nomadgames.matchmaking.CasualQueueIT.casualSettleGrantsMatchPrivatePath(CasualQueueIT.java:170)

[ERROR] com.nomadgames.matchmaking.CasualQueueIT.enqueueRateLimited -- Time elapsed: 0.304 s <<< FAILURE!
org.opentest4j.AssertionFailedError: flood enqueue must eventually 429 (T-5-01) ==> expected: <429> but was: <404>
	at org.junit.jupiter.api.AssertionFailureBuilder.build(AssertionFailureBuilder.java:158)
	at org.junit.jupiter.api.AssertionFailureBuilder.buildAndThrow(AssertionFailureBuilder.java:139)
	at org.junit.jupiter.api.AssertEquals.failNotEqual(AssertEquals.java:201)
	at org.junit.jupiter.api.AssertEquals.assertEquals(AssertEquals.java:152)
	at org.junit.jupiter.api.Assertions.assertEquals(Assertions.java:590)
	at com.nomadgames.matchmaking.CasualQueueIT.enqueueRateLimited(CasualQueueIT.java:155)

[ERROR] com.nomadgames.matchmaking.CasualQueueIT.singlePlayerStaysSearching -- Time elapsed: 0.052 s <<< FAILURE!
java.lang.AssertionError: Status expected:<200> but was:<404>
	at org.springframework.test.util.AssertionErrors.fail(AssertionErrors.java:62)
	at org.springframework.test.util.AssertionErrors.assertEquals(AssertionErrors.java:129)
	at org.springframework.test.web.servlet.result.StatusResultMatchers.lambda$matcher$0(StatusResultMatchers.java:600)
	at org.springframework.test.web.servlet.MockMvc$1.andExpect(MockMvc.java:212)
	at com.nomadgames.matchmaking.CasualQueueIT.singlePlayerStaysSearching(CasualQueueIT.java:97)

[ERROR] com.nomadgames.matchmaking.CasualQueueIT.twoPlayersPair -- Time elapsed: 0.085 s <<< FAILURE!
java.lang.AssertionError: Status expected:<200> but was:<404>
	at org.springframework.test.util.AssertionErrors.fail(AssertionErrors.java:62)
	at org.springframework.test.util.AssertionErrors.assertEquals(AssertionErrors.java:129)
	at org.springframework.test.web.servlet.result.StatusResultMatchers.lambda$matcher$0(StatusResultMatchers.java:600)
	at org.springframework.test.web.servlet.MockMvc$1.andExpect(MockMvc.java:212)
	at com.nomadgames.matchmaking.CasualQueueIT.twoPlayersPair(CasualQueueIT.java:61)

[ERROR] com.nomadgames.matchmaking.CasualQueueIT.rejectEnqueueWhileInPlay -- Time elapsed: 0.281 s <<< FAILURE!
java.lang.AssertionError: Status expected:<409> but was:<404>
	at org.springframework.test.util.AssertionErrors.fail(AssertionErrors.java:62)
	at org.springframework.test.util.AssertionErrors.assertEquals(AssertionErrors.java:129)
	at org.springframework.test.web.servlet.result.StatusResultMatchers.lambda$matcher$0(StatusResultMatchers.java:600)
	at org.springframework.test.web.servlet.MockMvc$1.andExpect(MockMvc.java:212)
	at com.nomadgames.matchmaking.CasualQueueIT.rejectEnqueueWhileInPlay(CasualQueueIT.java:136)

[ERROR] com.nomadgames.matchmaking.CasualQueueIT.dequeueClearsTicket -- Time elapsed: 0.048 s <<< FAILURE!
java.lang.AssertionError: Status expected:<200> but was:<404>
	at org.springframework.test.util.AssertionErrors.fail(AssertionErrors.java:62)
	at org.springframework.test.util.AssertionErrors.assertEquals(AssertionErrors.java:129)
	at org.springframework.test.web.servlet.result.StatusResultMatchers.lambda$matcher$0(StatusResultMatchers.java:600)
	at org.springframework.test.web.servlet.MockMvc$1.andExpect(MockMvc.java:212)
	at com.nomadgames.matchmaking.CasualQueueIT.dequeueClearsTicket(CasualQueueIT.java:115)

[INFO] Running com.nomadgames.profile.ProfileIT
2026-09-11T15:19:46.839+05:00  INFO 31148 --- [nomad-games] [           main] tc.postgres:18                           : Creating container for image: postgres:18
2026-09-11T15:19:46.976+05:00  INFO 31148 --- [nomad-games] [           main] tc.postgres:18                           : Container postgres:18 is starting: a0edc0b71837f2b88d22ac169b0b3fcef723ef43fcc86688d76c9020bca11e31
2026-09-11T15:19:47.633+05:00  WARN 31148 --- [nomad-games] [   scheduling-1] com.zaxxer.hikari.pool.PoolBase          : HikariPool-1 - Failed to validate connection org.postgresql.jdbc.PgConnection@51f3edf9 (Соединение закрыто.). Possibly consider using a shorter maxLifetime value.
2026-09-11T15:19:47.634+05:00  WARN 31148 --- [nomad-games] [   scheduling-1] com.zaxxer.hikari.pool.PoolBase          : HikariPool-1 - Failed to validate connection org.postgresql.jdbc.PgConnection@7fbdc9f7 (Соединение закрыто.). Possibly consider using a shorter maxLifetime value.
2026-09-11T15:19:47.635+05:00  WARN 31148 --- [nomad-games] [   scheduling-1] com.zaxxer.hikari.pool.PoolBase          : HikariPool-1 - Failed to validate connection org.postgresql.jdbc.PgConnection@4ceea848 (Соединение закрыто.). Possibly consider using a shorter maxLifetime value.
2026-09-11T15:19:47.636+05:00  WARN 31148 --- [nomad-games] [   scheduling-1] com.zaxxer.hikari.pool.PoolBase          : HikariPool-1 - Failed to validate connection org.postgresql.jdbc.PgConnection@3a32c4d1 (Соединение закрыто.). Possibly consider using a shorter maxLifetime value.
2026-09-11T15:19:47.636+05:00  WARN 31148 --- [nomad-games] [   scheduling-1] com.zaxxer.hikari.pool.PoolBase          : HikariPool-1 - Failed to validate connection org.postgresql.jdbc.PgConnection@74e06a4b (Соединение закрыто.). Possibly consider using a shorter maxLifetime value.
2026-09-11T15:19:47.638+05:00  WARN 31148 --- [nomad-games] [   scheduling-1] com.zaxxer.hikari.pool.PoolBase          : HikariPool-1 - Failed to validate connection org.postgresql.jdbc.PgConnection@6503f751 (Соединение закрыто.). Possibly consider using a shorter maxLifetime value.
2026-09-11T15:19:47.639+05:00  WARN 31148 --- [nomad-games] [   scheduling-1] com.zaxxer.hikari.pool.PoolBase          : HikariPool-1 - Failed to validate connection org.postgresql.jdbc.PgConnection@5c16af51 (Соединение закрыто.). Possibly consider using a shorter maxLifetime value.
2026-09-11T15:19:47.639+05:00  WARN 31148 --- [nomad-games] [   scheduling-1] com.zaxxer.hikari.pool.PoolBase          : HikariPool-1 - Failed to validate connection org.postgresql.jdbc.PgConnection@702efc4e (Соединение закрыто.). Possibly consider using a shorter maxLifetime value.
2026-09-11T15:19:48.457+05:00  INFO 31148 --- [nomad-games] [           main] tc.postgres:18                           : Container postgres:18 started in PT1.6182438S
2026-09-11T15:19:48.458+05:00  INFO 31148 --- [nomad-games] [           main] tc.postgres:18                           : Container is started (JDBC URL: jdbc:postgresql://localhost:57335/test?loggerLevel=OFF)
2026-09-11T15:20:17.639+05:00  WARN 31148 --- [nomad-games] [   scheduling-1] org.hibernate.orm.jdbc.error             : HHH000247: ErrorCode: 0, SQLState: 08001
2026-09-11T15:20:17.639+05:00  WARN 31148 --- [nomad-games] [   scheduling-1] org.hibernate.orm.jdbc.error             : HikariPool-1 - Connection is not available, request timed out after 30004ms (total=0, active=0, idle=0, waiting=0)
2026-09-11T15:20:17.639+05:00  WARN 31148 --- [nomad-games] [   scheduling-1] org.hibernate.orm.jdbc.error             : HHH000247: ErrorCode: 0, SQLState: 08001
2026-09-11T15:20:17.639+05:00  WARN 31148 --- [nomad-games] [   scheduling-1] org.hibernate.orm.jdbc.error             : HikariPool-1 - Connection is not available, request timed out after 30004ms (total=0, active=0, idle=0, waiting=0)
2026-09-11T15:20:17.640+05:00 ERROR 31148 --- [nomad-games] [   scheduling-1] o.s.s.s.TaskUtils$LoggingErrorHandler    : Unexpected error occurred in scheduled task

org.springframework.transaction.CannotCreateTransactionException: Could not open JPA EntityManager for transaction
	at org.springframework.orm.jpa.JpaTransactionManager.doBegin(JpaTransactionManager.java:457) ~[spring-orm-7.0.9.jar:7.0.9]
	at org.springframework.transaction.support.AbstractPlatformTransactionManager.startTransaction(AbstractPlatformTransactionManager.java:532) ~[spring-tx-7.0.9.jar:7.0.9]
	at org.springframework.transaction.support.AbstractPlatformTransactionManager.getTransaction(AbstractPlatformTransactionManager.java:405) ~[spring-tx-7.0.9.jar:7.0.9]
	at org.springframework.transaction.interceptor.TransactionAspectSupport.createTransactionIfNecessary(TransactionAspectSupport.java:628) ~[spring-tx-7.0.9.jar:7.0.9]
	at org.springframework.transaction.interceptor.TransactionAspectSupport.invokeWithinTransaction(TransactionAspectSupport.java:365) ~[spring-tx-7.0.9.jar:7.0.9]
	at org.springframework.transaction.interceptor.TransactionInterceptor.invoke(TransactionInterceptor.java:130) ~[spring-tx-7.0.9.jar:7.0.9]
	at org.springframework.aop.framework.ReflectiveMethodInvocation.proceed(ReflectiveMethodInvocation.java:179) ~[spring-aop-7.0.9.jar:7.0.9]
	at org.springframework.aop.framework.CglibAopProxy$DynamicAdvisedInterceptor.intercept(CglibAopProxy.java:719) ~[spring-aop-7.0.9.jar:7.0.9]
	at com.nomadgames.session.MatchService$$SpringCGLIB$$0.expireReconnectGraces(<generated>) ~[classes/:na]
	at java.base/jdk.internal.reflect.DirectMethodHandleAccessor.invoke(DirectMethodHandleAccessor.java:103) ~[na:na]
	at java.base/java.lang.reflect.Method.invoke(Method.java:580) ~[na:na]
	at org.springframework.scheduling.support.ScheduledMethodRunnable.runInternal(ScheduledMethodRunnable.java:128) ~[spring-context-7.0.9.jar:7.0.9]
	at org.springframework.scheduling.support.ScheduledMethodRunnable.lambda$run$1(ScheduledMethodRunnable.java:122) ~[spring-context-7.0.9.jar:7.0.9]
	at io.micrometer.observation.Observation.observe(Observation.java:569) ~[micrometer-observation-1.17.1.jar:1.17.1]
	at org.springframework.scheduling.support.ScheduledMethodRunnable.run(ScheduledMethodRunnable.java:122) ~[spring-context-7.0.9.jar:7.0.9]
	at org.springframework.scheduling.config.Task$OutcomeTrackingRunnable.run(Task.java:88) ~[spring-context-7.0.9.jar:7.0.9]
	at org.springframework.scheduling.support.DelegatingErrorHandlingRunnable.run(DelegatingErrorHandlingRunnable.java:54) ~[spring-context-7.0.9.jar:7.0.9]
	at java.base/java.util.concurrent.Executors$RunnableAdapter.call(Executors.java:572) ~[na:na]
	at java.base/java.util.concurrent.FutureTask.runAndReset(FutureTask.java:358) ~[na:na]
	at java.base/java.util.concurrent.ScheduledThreadPoolExecutor$ScheduledFutureTask.run(ScheduledThreadPoolExecutor.java:305) ~[na:na]
	at java.base/java.util.concurrent.ThreadPoolExecutor.runWorker(ThreadPoolExecutor.java:1144) ~[na:na]
	at java.base/java.util.concurrent.ThreadPoolExecutor$Worker.run(ThreadPoolExecutor.java:642) ~[na:na]
	at java.base/java.lang.Thread.run(Thread.java:1583) ~[na:na]
Caused by: org.hibernate.exception.JDBCConnectionException: Unable to acquire JDBC Connection [HikariPool-1 - Connection is not available, request timed out after 30004ms (total=0, active=0, idle=0, waiting=0)] [n/a]
	at org.hibernate.exception.internal.SQLExceptionTypeDelegate.convert(SQLExceptionTypeDelegate.java:49) ~[hibernate-core-7.4.5.Final.jar:7.4.5.Final]
	at org.hibernate.exception.internal.StandardSQLExceptionConverter.convert(StandardSQLExceptionConverter.java:34) ~[hibernate-core-7.4.5.Final.jar:7.4.5.Final]
	at org.hibernate.engine.jdbc.spi.SqlExceptionHelper.convert(SqlExceptionHelper.java:115) ~[hibernate-core-7.4.5.Final.jar:7.4.5.Final]
	at org.hibernate.engine.jdbc.spi.SqlExceptionHelper.convert(SqlExceptionHelper.java:101) ~[hibernate-core-7.4.5.Final.jar:7.4.5.Final]
	at org.hibernate.resource.jdbc.internal.LogicalConnectionManagedImpl.acquire(LogicalConnectionManagedImpl.java:190) ~[hibernate-core-7.4.5.Final.jar:7.4.5.Final]
	at org.hibernate.resource.jdbc.internal.LogicalConnectionManagedImpl.acquireConnectionIfNeeded(LogicalConnectionManagedImpl.java:87) ~[hibernate-core-7.4.5.Final.jar:7.4.5.Final]
	at org.hibernate.resource.jdbc.internal.LogicalConnectionManagedImpl.getPhysicalConnection(LogicalConnectionManagedImpl.java:126) ~[hibernate-core-7.4.5.Final.jar:7.4.5.Final]
	at org.hibernate.resource.jdbc.internal.LogicalConnectionManagedImpl.getConnectionForTransactionManagement(LogicalConnectionManagedImpl.java:281) ~[hibernate-core-7.4.5.Final.jar:7.4.5.Final]
	at org.hibernate.resource.jdbc.internal.LogicalConnectionManagedImpl.begin(LogicalConnectionManagedImpl.java:290) ~[hibernate-core-7.4.5.Final.jar:7.4.5.Final]
	at org.hibernate.resource.transaction.backend.jdbc.internal.JdbcResourceLocalTransactionCoordinatorImpl$TransactionDriverControlImpl.begin(JdbcResourceLocalTransactionCoordinatorImpl.java:226) ~[hibernate-core-7.4.5.Final.jar:7.4.5.Final]
	at org.hibernate.engine.transaction.internal.TransactionImpl.begin(TransactionImpl.java:75) ~[hibernate-core-7.4.5.Final.jar:7.4.5.Final]
	at org.springframework.orm.jpa.vendor.HibernateJpaDialect.beginTransaction(HibernateJpaDialect.java:147) ~[spring-orm-7.0.9.jar:7.0.9]
	at org.springframework.orm.jpa.JpaTransactionManager.doBegin(JpaTransactionManager.java:411) ~[spring-orm-7.0.9.jar:7.0.9]
	... 22 common frames omitted
Caused by: java.sql.SQLTransientConnectionException: HikariPool-1 - Connection is not available, request timed out after 30004ms (total=0, active=0, idle=0, waiting=0)
	at com.zaxxer.hikari.pool.HikariPool.createTimeoutException(HikariPool.java:714) ~[HikariCP-7.0.2.jar:na]
	at com.zaxxer.hikari.pool.HikariPool.getConnection(HikariPool.java:184) ~[HikariCP-7.0.2.jar:na]
	at com.zaxxer.hikari.pool.HikariPool.getConnection(HikariPool.java:142) ~[HikariCP-7.0.2.jar:na]
	at com.zaxxer.hikari.HikariDataSource.getConnection(HikariDataSource.java:127) ~[HikariCP-7.0.2.jar:na]
	at org.hibernate.engine.jdbc.connections.internal.DataSourceConnectionProvider.getConnection(DataSourceConnectionProvider.java:149) ~[hibernate-core-7.4.5.Final.jar:7.4.5.Final]
	at org.hibernate.internal.NonContextualJdbcConnectionAccess.obtainConnection(NonContextualJdbcConnectionAccess.java:62) ~[hibernate-core-7.4.5.Final.jar:7.4.5.Final]
	at org.hibernate.resource.jdbc.internal.LogicalConnectionManagedImpl.acquire(LogicalConnectionManagedImpl.java:187) ~[hibernate-core-7.4.5.Final.jar:7.4.5.Final]
	... 30 common frames omitted
Caused by: org.postgresql.util.PSQLException: Подключение по адресу localhost:57310 отклонено. Проверьте, что хост и порт указаны правильно и что postmaster принимает TCP/IP-соединения.
	at org.postgresql.core.v3.ConnectionFactoryImpl.openConnectionImpl(ConnectionFactoryImpl.java:427) ~[postgresql-42.7.13.jar:42.7.13]
	at org.postgresql.core.ConnectionFactory.openConnection(ConnectionFactory.java:52) ~[postgresql-42.7.13.jar:42.7.13]
	at org.postgresql.jdbc.PgConnection.<init>(PgConnection.java:295) ~[postgresql-42.7.13.jar:42.7.13]
	at org.postgresql.Driver.makeConnection(Driver.java:437) ~[postgresql-42.7.13.jar:42.7.13]
	at org.postgresql.Driver.connect(Driver.java:305) ~[postgresql-42.7.13.jar:42.7.13]
	at com.zaxxer.hikari.util.DriverDataSource.getConnection(DriverDataSource.java:144) ~[HikariCP-7.0.2.jar:na]
	at com.zaxxer.hikari.pool.PoolBase.newConnection(PoolBase.java:373) ~[HikariCP-7.0.2.jar:na]
	at com.zaxxer.hikari.pool.PoolBase.newPoolEntry(PoolBase.java:210) ~[HikariCP-7.0.2.jar:na]
	at com.zaxxer.hikari.pool.HikariPool.createPoolEntry(HikariPool.java:488) ~[HikariCP-7.0.2.jar:na]
	at com.zaxxer.hikari.pool.HikariPool$PoolEntryCreator.call(HikariPool.java:752) ~[HikariCP-7.0.2.jar:na]
	at com.zaxxer.hikari.pool.HikariPool$PoolEntryCreator.call(HikariPool.java:731) ~[HikariCP-7.0.2.jar:na]
	at java.base/java.util.concurrent.FutureTask.run(FutureTask.java:317) ~[na:na]
	... 3 common frames omitted
Caused by: java.net.ConnectException: Connection refused: getsockopt
	at java.base/sun.nio.ch.Net.pollConnect(Native Method) ~[na:na]
	at java.base/sun.nio.ch.Net.pollConnectNow(Net.java:694) ~[na:na]
	at java.base/sun.nio.ch.NioSocketImpl.timedFinishConnect(NioSocketImpl.java:542) ~[na:na]
	at java.base/sun.nio.ch.NioSocketImpl.connect(NioSocketImpl.java:592) ~[na:na]
	at java.base/java.net.SocksSocketImpl.connect(SocksSocketImpl.java:327) ~[na:na]
	at java.base/java.net.Socket.connect(Socket.java:751) ~[na:na]
	at org.postgresql.core.PGStream.createSocket(PGStream.java:270) ~[postgresql-42.7.13.jar:42.7.13]
	at org.postgresql.core.PGStream.<init>(PGStream.java:131) ~[postgresql-42.7.13.jar:42.7.13]
	at org.postgresql.core.v3.ConnectionFactoryImpl.tryConnect(ConnectionFactoryImpl.java:221) ~[postgresql-42.7.13.jar:42.7.13]
	at org.postgresql.core.v3.ConnectionFactoryImpl.openConnectionImpl(ConnectionFactoryImpl.java:367) ~[postgresql-42.7.13.jar:42.7.13]
	... 14 common frames omitted


  .   ____          _            __ _ _
 /\\ / ___'_ __ _ _(_)_ __  __ _ \ \ \ \
( ( )\___ | '_ | '_| | '_ \/ _` | \ \ \ \
 \\/  ___)| |_)| | | | | || (_| |  ) ) ) )
  '  |____| .__|_| |_|_| |_\__, | / / / /
 =========|_|==============|___/=/_/_/_/

 :: Spring Boot ::                (v4.1.1)

2026-09-11T15:20:17.675+05:00  INFO 31148 --- [nomad-games] [           main] com.nomadgames.profile.ProfileIT         : Starting ProfileIT using Java 21.0.11 with PID 31148 (started by sergei.elistratov in C:\Users\sergei.elistratov\Documents\проекты\nomad-game\backend)
2026-09-11T15:20:17.675+05:00  INFO 31148 --- [nomad-games] [           main] com.nomadgames.profile.ProfileIT         : No active profile set, falling back to 1 default profile: "default"
2026-09-11T15:20:17.971+05:00  INFO 31148 --- [nomad-games] [           main] .s.d.r.c.RepositoryConfigurationDelegate : Bootstrapping Spring Data JPA repositories in DEFAULT mode.
2026-09-11T15:20:18.008+05:00  INFO 31148 --- [nomad-games] [           main] .s.d.r.c.RepositoryConfigurationDelegate : Finished Spring Data repository scanning in 34 ms. Found 4 JPA repository interfaces.
2026-09-11T15:20:18.340+05:00  INFO 31148 --- [nomad-games] [           main] org.flywaydb.core.FlywayExecutor         : Database: jdbc:postgresql://localhost:57335/test?loggerLevel=OFF (PostgreSQL 18.6)
2026-09-11T15:20:18.394+05:00  INFO 31148 --- [nomad-games] [           main] o.f.c.i.s.JdbcTableSchemaHistory         : Schema history table "public"."flyway_schema_history" does not exist yet
2026-09-11T15:20:18.396+05:00  INFO 31148 --- [nomad-games] [           main] o.f.core.internal.command.DbValidate     : Successfully validated 8 migrations (execution time 00:00.015s)
2026-09-11T15:20:18.418+05:00  INFO 31148 --- [nomad-games] [           main] o.f.c.i.s.JdbcTableSchemaHistory         : Creating Schema History table "public"."flyway_schema_history" ...
2026-09-11T15:20:18.461+05:00  INFO 31148 --- [nomad-games] [           main] o.f.core.internal.command.DbMigrate      : Current version of schema "public": << Empty Schema >>
2026-09-11T15:20:18.467+05:00  INFO 31148 --- [nomad-games] [           main] o.f.core.internal.command.DbMigrate      : Migrating schema "public" to version "1 - identity"
2026-09-11T15:20:18.497+05:00  INFO 31148 --- [nomad-games] [           main] o.f.core.internal.command.DbMigrate      : Migrating schema "public" to version "2 - matches"
2026-09-11T15:20:18.521+05:00  INFO 31148 --- [nomad-games] [           main] o.f.core.internal.command.DbMigrate      : Migrating schema "public" to version "3 - rooms"
2026-09-11T15:20:18.545+05:00  INFO 31148 --- [nomad-games] [           main] o.f.core.internal.command.DbMigrate      : Migrating schema "public" to version "4 - match seats"
2026-09-11T15:20:18.567+05:00  INFO 31148 --- [nomad-games] [           main] o.f.core.internal.command.DbMigrate      : Migrating schema "public" to version "5 - reconnect tokens"
2026-09-11T15:20:18.587+05:00  INFO 31148 --- [nomad-games] [           main] o.f.core.internal.command.DbMigrate      : Migrating schema "public" to version "6 - room version"
2026-09-11T15:20:18.609+05:00  INFO 31148 --- [nomad-games] [           main] o.f.core.internal.command.DbMigrate      : Migrating schema "public" to version "7 - economy ledger shop"
2026-09-11T15:20:18.658+05:00  INFO 31148 --- [nomad-games] [           main] o.f.core.internal.command.DbMigrate      : Migrating schema "public" to version "8 - soft purchase sku unique"
2026-09-11T15:20:18.673+05:00  INFO 31148 --- [nomad-games] [           main] o.f.core.internal.command.DbMigrate      : Successfully applied 8 migrations to schema "public", now at version v8 (execution time 00:00.090s)
2026-09-11T15:20:18.701+05:00  INFO 31148 --- [nomad-games] [           main] org.hibernate.orm.jpa                    : HHH008540: Processing PersistenceUnitInfo [name: default]
2026-09-11T15:20:18.736+05:00  INFO 31148 --- [nomad-games] [           main] o.s.o.j.p.SpringPersistenceUnitInfo      : No LoadTimeWeaver setup: ignoring JPA class transformer
2026-09-11T15:20:18.738+05:00  INFO 31148 --- [nomad-games] [           main] com.zaxxer.hikari.HikariDataSource       : HikariPool-2 - Starting...
2026-09-11T15:20:18.757+05:00  INFO 31148 --- [nomad-games] [           main] com.zaxxer.hikari.pool.HikariPool        : HikariPool-2 - Added connection org.postgresql.jdbc.PgConnection@f7473b2
2026-09-11T15:20:18.757+05:00  INFO 31148 --- [nomad-games] [           main] com.zaxxer.hikari.HikariDataSource       : HikariPool-2 - Start completed.
2026-09-11T15:20:18.767+05:00  INFO 31148 --- [nomad-games] [           main] org.hibernate.orm.connections.pooling    : HHH10001005: Database info:
	Database JDBC URL [jdbc:postgresql://localhost:57335/test?loggerLevel=OFF]
	Database driver: PostgreSQL JDBC Driver
	Database dialect: PostgreSQLDialect
	Database version: 18.6
	Default catalog/schema: test/public
	Autocommit mode: undefined/unknown
	Isolation level: READ_COMMITTED [default READ_COMMITTED]
	JDBC fetch size: none
	Pool: DataSourceConnectionProvider
	Minimum pool size: undefined/unknown
	Maximum pool size: undefined/unknown
2026-09-11T15:20:18.853+05:00  INFO 31148 --- [nomad-games] [           main] org.hibernate.orm.core                   : HHH000489: No JTA platform available (set 'hibernate.transaction.jta.platform' to enable JTA platform integration)
2026-09-11T15:20:18.877+05:00  INFO 31148 --- [nomad-games] [           main] j.LocalContainerEntityManagerFactoryBean : Initialized JPA EntityManagerFactory for persistence unit 'default'
2026-09-11T15:20:19.234+05:00  INFO 31148 --- [nomad-games] [           main] o.s.b.t.m.w.SpringBootMockServletContext : Initializing Spring TestDispatcherServlet ''
2026-09-11T15:20:19.234+05:00  INFO 31148 --- [nomad-games] [           main] o.s.t.web.servlet.TestDispatcherServlet  : Initializing Servlet ''
2026-09-11T15:20:19.240+05:00  INFO 31148 --- [nomad-games] [           main] o.s.b.a.e.web.EndpointLinksResolver      : Exposing 1 endpoint beneath base path '/actuator'
2026-09-11T15:20:19.247+05:00  INFO 31148 --- [nomad-games] [           main] o.s.t.web.servlet.TestDispatcherServlet  : Completed initialization in 13 ms
2026-09-11T15:20:19.285+05:00  INFO 31148 --- [nomad-games] [           main] com.nomadgames.profile.ProfileIT         : Started ProfileIT in 1.641 seconds (process running for 51.601)

MockHttpServletRequest:
      HTTP Method = POST
      Request URI = /v1/identity/guest
       Parameters = {}
          Headers = [Content-Type:"application/json;charset=UTF-8", Content-Length:"2"]
             Body = {}
    Session Attrs = {}

Handler:
             Type = com.nomadgames.identity.GuestController
           Method = com.nomadgames.identity.GuestController#createGuest(HttpServletRequest)

Async:
    Async started = false
     Async result = null

Resolved Exception:
             Type = null

ModelAndView:
        View name = null
             View = null
            Model = null

FlashMap:
       Attributes = null

MockHttpServletResponse:
           Status = 201
    Error message = null
          Headers = [Content-Type:"application/json", X-Content-Type-Options:"nosniff", X-XSS-Protection:"0", Cache-Control:"no-cache, no-store, max-age=0, must-revalidate", Pragma:"no-cache", Expires:"0", X-Frame-Options:"DENY"]
     Content type = application/json
             Body = {"playerId":"7b366a94-45b1-474a-8a87-40ffe0447ad7","accessToken":"eyJraWQiOiJKR2U3VHBLalVQZmNlWFJBdjZ3a2FERndXV3ZDR18tVjY3SFNyb2NhRU04IiwidHlwIjoiSldUIiwiYWxnIjoiSFMyNTYifQ.eyJzdWIiOiI3YjM2NmE5NC00NWIxLTQ3NGEtOGE4Ny00MGZmZTA0NDdhZDciLCJndWVzdCI6dHJ1ZSwiZXhwIjoxNzg5MTIyOTE5LCJpYXQiOjE3ODkxMjIwMTksImp0aSI6ImYyMDAyMjhmLTI2OGMtNGQzOC1hMDViLTQyMDRlYmQ4NjUwYyJ9.XeNOsgIXdZlgHV8N8aURZ9AUaS1-v4iMewgJTxecRq0","refreshToken":"NQMnD7L1ZCQCxxghB-DpH32bgE5o8hkrNdU6kEGOUhI","guest":true}
    Forwarded URL = null
   Redirected URL = null
          Cookies = []

MockHttpServletRequest:
      HTTP Method = PUT
      Request URI = /v1/profile/avatar
       Parameters = {}
          Headers = [Content-Type:"application/json;charset=UTF-8", Authorization:"Bearer eyJraWQiOiJKR2U3VHBLalVQZmNlWFJBdjZ3a2FERndXV3ZDR18tVjY3SFNyb2NhRU04IiwidHlwIjoiSldUIiwiYWxnIjoiSFMyNTYifQ.eyJzdWIiOiI3YjM2NmE5NC00NWIxLTQ3NGEtOGE4Ny00MGZmZTA0NDdhZDciLCJndWVzdCI6dHJ1ZSwiZXhwIjoxNzg5MTIyOTE5LCJpYXQiOjE3ODkxMjIwMTksImp0aSI6ImYyMDAyMjhmLTI2OGMtNGQzOC1hMDViLTQyMDRlYmQ4NjUwYyJ9.XeNOsgIXdZlgHV8N8aURZ9AUaS1-v4iMewgJTxecRq0", Content-Length:"28"]
             Body = {"avatarPreset":"avatar_03"}
    Session Attrs = {}

Handler:
             Type = org.springframework.web.servlet.resource.ResourceHttpRequestHandler

Async:
    Async started = false
     Async result = null

Resolved Exception:
             Type = org.springframework.web.servlet.resource.NoResourceFoundException

ModelAndView:
        View name = null
             View = null
            Model = null

FlashMap:
       Attributes = null

MockHttpServletResponse:
           Status = 404
    Error message = No static resource v1/profile/avatar.
          Headers = [X-Content-Type-Options:"nosniff", X-XSS-Protection:"0", Cache-Control:"no-cache, no-store, max-age=0, must-revalidate", Pragma:"no-cache", Expires:"0", X-Frame-Options:"DENY"]
     Content type = null
             Body = 
    Forwarded URL = null
   Redirected URL = null
          Cookies = []

MockHttpServletRequest:
      HTTP Method = POST
      Request URI = /v1/identity/guest
       Parameters = {}
          Headers = [Content-Type:"application/json;charset=UTF-8", Content-Length:"2"]
             Body = {}
    Session Attrs = {}

Handler:
             Type = com.nomadgames.identity.GuestController
           Method = com.nomadgames.identity.GuestController#createGuest(HttpServletRequest)

Async:
    Async started = false
     Async result = null

Resolved Exception:
             Type = null

ModelAndView:
        View name = null
             View = null
            Model = null

FlashMap:
       Attributes = null

MockHttpServletResponse:
           Status = 201
    Error message = null
          Headers = [Content-Type:"application/json", X-Content-Type-Options:"nosniff", X-XSS-Protection:"0", Cache-Control:"no-cache, no-store, max-age=0, must-revalidate", Pragma:"no-cache", Expires:"0", X-Frame-Options:"DENY"]
     Content type = application/json
             Body = {"playerId":"aa673f8a-a85e-431f-afb9-b2a488e4016d","accessToken":"eyJraWQiOiJKR2U3VHBLalVQZmNlWFJBdjZ3a2FERndXV3ZDR18tVjY3SFNyb2NhRU04IiwidHlwIjoiSldUIiwiYWxnIjoiSFMyNTYifQ.eyJzdWIiOiJhYTY3M2Y4YS1hODVlLTQzMWYtYWZiOS1iMmE0ODhlNDAxNmQiLCJndWVzdCI6dHJ1ZSwiZXhwIjoxNzg5MTIyOTE5LCJpYXQiOjE3ODkxMjIwMTksImp0aSI6IjkwMTI1OTA0LWQ3MDQtNDk4MS05Zjc4LTQzODAyODg2Y2UzZCJ9.KGVTFY-nXqU4AAQZJDSNcwK-0oipqjrTqYJAVUqihfc","refreshToken":"AcR1a3jJZLudJ7xkQFNfCPdmFWvxOBhyfu91eTXRwSM","guest":true}
    Forwarded URL = null
   Redirected URL = null
          Cookies = []

MockHttpServletRequest:
      HTTP Method = POST
      Request URI = /v1/identity/guest
       Parameters = {}
          Headers = [Content-Type:"application/json;charset=UTF-8", Content-Length:"2"]
             Body = {}
    Session Attrs = {}

Handler:
             Type = com.nomadgames.identity.GuestController
           Method = com.nomadgames.identity.GuestController#createGuest(HttpServletRequest)

Async:
    Async started = false
     Async result = null

Resolved Exception:
             Type = null

ModelAndView:
        View name = null
             View = null
            Model = null

FlashMap:
       Attributes = null

MockHttpServletResponse:
           Status = 201
    Error message = null
          Headers = [Content-Type:"application/json", X-Content-Type-Options:"nosniff", X-XSS-Protection:"0", Cache-Control:"no-cache, no-store, max-age=0, must-revalidate", Pragma:"no-cache", Expires:"0", X-Frame-Options:"DENY"]
     Content type = application/json
             Body = {"playerId":"996f7dee-5fda-450f-b578-d0b57347158c","accessToken":"eyJraWQiOiJKR2U3VHBLalVQZmNlWFJBdjZ3a2FERndXV3ZDR18tVjY3SFNyb2NhRU04IiwidHlwIjoiSldUIiwiYWxnIjoiSFMyNTYifQ.eyJzdWIiOiI5OTZmN2RlZS01ZmRhLTQ1MGYtYjU3OC1kMGI1NzM0NzE1OGMiLCJndWVzdCI6dHJ1ZSwiZXhwIjoxNzg5MTIyOTE5LCJpYXQiOjE3ODkxMjIwMTksImp0aSI6IjcyNGZjZjRkLThlOWItNDgxNi04NWI2LTA4YWQwNmFhMzY4ZSJ9.m0kLhrEw7l7TmP_s8RzBvHyL-hpMvjFTmhgKdVAVw_E","refreshToken":"6JrKK4SHBTWvYpTvypfhPvZ4s2LdtYilwnGGSujjzyw","guest":true}
    Forwarded URL = null
   Redirected URL = null
          Cookies = []

MockHttpServletRequest:
      HTTP Method = POST
      Request URI = /v1/matchmaking/casual
       Parameters = {}
          Headers = [Content-Type:"application/json;charset=UTF-8", Authorization:"Bearer eyJraWQiOiJKR2U3VHBLalVQZmNlWFJBdjZ3a2FERndXV3ZDR18tVjY3SFNyb2NhRU04IiwidHlwIjoiSldUIiwiYWxnIjoiSFMyNTYifQ.eyJzdWIiOiJhYTY3M2Y4YS1hODVlLTQzMWYtYWZiOS1iMmE0ODhlNDAxNmQiLCJndWVzdCI6dHJ1ZSwiZXhwIjoxNzg5MTIyOTE5LCJpYXQiOjE3ODkxMjIwMTksImp0aSI6IjkwMTI1OTA0LWQ3MDQtNDk4MS05Zjc4LTQzODAyODg2Y2UzZCJ9.KGVTFY-nXqU4AAQZJDSNcwK-0oipqjrTqYJAVUqihfc", Content-Length:"2"]
             Body = {}
    Session Attrs = {}

Handler:
             Type = org.springframework.web.servlet.resource.ResourceHttpRequestHandler

Async:
    Async started = false
     Async result = null

Resolved Exception:
             Type = org.springframework.web.servlet.resource.NoResourceFoundException

ModelAndView:
        View name = null
             View = null
            Model = null

FlashMap:
       Attributes = null

MockHttpServletResponse:
           Status = 404
    Error message = No static resource v1/matchmaking/casual.
          Headers = [X-Content-Type-Options:"nosniff", X-XSS-Protection:"0", Cache-Control:"no-cache, no-store, max-age=0, must-revalidate", Pragma:"no-cache", Expires:"0", X-Frame-Options:"DENY"]
     Content type = null
             Body = 
    Forwarded URL = null
   Redirected URL = null
          Cookies = []

MockHttpServletRequest:
      HTTP Method = POST
      Request URI = /v1/identity/guest
       Parameters = {}
          Headers = [Content-Type:"application/json;charset=UTF-8", Content-Length:"2"]
             Body = {}
    Session Attrs = {}

Handler:
             Type = com.nomadgames.identity.GuestController
           Method = com.nomadgames.identity.GuestController#createGuest(HttpServletRequest)

Async:
    Async started = false
     Async result = null

Resolved Exception:
             Type = null

ModelAndView:
        View name = null
             View = null
            Model = null

FlashMap:
       Attributes = null

MockHttpServletResponse:
           Status = 201
    Error message = null
          Headers = [Content-Type:"application/json", X-Content-Type-Options:"nosniff", X-XSS-Protection:"0", Cache-Control:"no-cache, no-store, max-age=0, must-revalidate", Pragma:"no-cache", Expires:"0", X-Frame-Options:"DENY"]
     Content type = application/json
             Body = {"playerId":"e4374f7e-629a-41c4-8b8b-b539ddf2dfb1","accessToken":"eyJraWQiOiJKR2U3VHBLalVQZmNlWFJBdjZ3a2FERndXV3ZDR18tVjY3SFNyb2NhRU04IiwidHlwIjoiSldUIiwiYWxnIjoiSFMyNTYifQ.eyJzdWIiOiJlNDM3NGY3ZS02MjlhLTQxYzQtOGI4Yi1iNTM5ZGRmMmRmYjEiLCJndWVzdCI6dHJ1ZSwiZXhwIjoxNzg5MTIyOTE5LCJpYXQiOjE3ODkxMjIwMTksImp0aSI6ImMwOWYxZmViLTE1MTItNDE2My1hZDhjLTJkODgxYTExNjRhYiJ9.K0niwHluLtHarOziJPxoZ6-C5Aftf3KmImVN75bCrJg","refreshToken":"ScVhOW3_KpYJfTCa6m_lZsAZnEogHai6WPPvrBqnZK4","guest":true}
    Forwarded URL = null
   Redirected URL = null
          Cookies = []

MockHttpServletRequest:
      HTTP Method = POST
      Request URI = /v1/matches
       Parameters = {}
          Headers = [Content-Type:"application/json;charset=UTF-8", Authorization:"Bearer eyJraWQiOiJKR2U3VHBLalVQZmNlWFJBdjZ3a2FERndXV3ZDR18tVjY3SFNyb2NhRU04IiwidHlwIjoiSldUIiwiYWxnIjoiSFMyNTYifQ.eyJzdWIiOiJlNDM3NGY3ZS02MjlhLTQxYzQtOGI4Yi1iNTM5ZGRmMmRmYjEiLCJndWVzdCI6dHJ1ZSwiZXhwIjoxNzg5MTIyOTE5LCJpYXQiOjE3ODkxMjIwMTksImp0aSI6ImMwOWYxZmViLTE1MTItNDE2My1hZDhjLTJkODgxYTExNjRhYiJ9.K0niwHluLtHarOziJPxoZ6-C5Aftf3KmImVN75bCrJg", Content-Length:"21"]
             Body = {"difficulty":"EASY"}
    Session Attrs = {}

Handler:
             Type = com.nomadgames.session.MatchController
           Method = com.nomadgames.session.MatchController#create(Jwt, CreateMatchRequest)

Async:
    Async started = false
     Async result = null

Resolved Exception:
             Type = java.lang.IllegalArgumentException

ModelAndView:
        View name = null
             View = null
            Model = null

FlashMap:
       Attributes = null

MockHttpServletResponse:
           Status = 400
    Error message = null
          Headers = [X-Content-Type-Options:"nosniff", X-XSS-Protection:"0", Cache-Control:"no-cache, no-store, max-age=0, must-revalidate", Pragma:"no-cache", Expires:"0", X-Frame-Options:"DENY"]
     Content type = null
             Body = 
    Forwarded URL = null
   Redirected URL = null
          Cookies = []

MockHttpServletRequest:
      HTTP Method = POST
      Request URI = /v1/identity/guest
       Parameters = {}
          Headers = [Content-Type:"application/json;charset=UTF-8", Content-Length:"2"]
             Body = {}
    Session Attrs = {}

Handler:
             Type = com.nomadgames.identity.GuestController
           Method = com.nomadgames.identity.GuestController#createGuest(HttpServletRequest)

Async:
    Async started = false
     Async result = null

Resolved Exception:
             Type = null

ModelAndView:
        View name = null
             View = null
            Model = null

FlashMap:
       Attributes = null

MockHttpServletResponse:
           Status = 201
    Error message = null
          Headers = [Content-Type:"application/json", X-Content-Type-Options:"nosniff", X-XSS-Protection:"0", Cache-Control:"no-cache, no-store, max-age=0, must-revalidate", Pragma:"no-cache", Expires:"0", X-Frame-Options:"DENY"]
     Content type = application/json
             Body = {"playerId":"74a779a4-e64e-484c-9040-752ccca4dcd5","accessToken":"eyJraWQiOiJKR2U3VHBLalVQZmNlWFJBdjZ3a2FERndXV3ZDR18tVjY3SFNyb2NhRU04IiwidHlwIjoiSldUIiwiYWxnIjoiSFMyNTYifQ.eyJzdWIiOiI3NGE3NzlhNC1lNjRlLTQ4NGMtOTA0MC03NTJjY2NhNGRjZDUiLCJndWVzdCI6dHJ1ZSwiZXhwIjoxNzg5MTIyOTE5LCJpYXQiOjE3ODkxMjIwMTksImp0aSI6Ijc3NGM1N2JmLWM2YmUtNGMxZi1iODBmLWYyZTNkNjYwYmE3MSJ9.-A8ZH6KpHolUjALR2aNEUgEQkxQcDkehIfdxaraoq7Y","refreshToken":"lwKMKD8yKJYacneG3EwlbTqbEV_5FzXukUPzsqcq53k","guest":true}
    Forwarded URL = null
   Redirected URL = null
          Cookies = []

MockHttpServletRequest:
      HTTP Method = GET
      Request URI = /v1/profile
       Parameters = {}
          Headers = [Authorization:"Bearer eyJraWQiOiJKR2U3VHBLalVQZmNlWFJBdjZ3a2FERndXV3ZDR18tVjY3SFNyb2NhRU04IiwidHlwIjoiSldUIiwiYWxnIjoiSFMyNTYifQ.eyJzdWIiOiI3NGE3NzlhNC1lNjRlLTQ4NGMtOTA0MC03NTJjY2NhNGRjZDUiLCJndWVzdCI6dHJ1ZSwiZXhwIjoxNzg5MTIyOTE5LCJpYXQiOjE3ODkxMjIwMTksImp0aSI6Ijc3NGM1N2JmLWM2YmUtNGMxZi1iODBmLWYyZTNkNjYwYmE3MSJ9.-A8ZH6KpHolUjALR2aNEUgEQkxQcDkehIfdxaraoq7Y"]
             Body = null
    Session Attrs = {}

Handler:
             Type = org.springframework.web.servlet.resource.ResourceHttpRequestHandler

Async:
    Async started = false
     Async result = null

Resolved Exception:
             Type = org.springframework.web.servlet.resource.NoResourceFoundException

ModelAndView:
        View name = null
             View = null
            Model = null

FlashMap:
       Attributes = null

MockHttpServletResponse:
           Status = 404
    Error message = No static resource v1/profile.
          Headers = [X-Content-Type-Options:"nosniff", X-XSS-Protection:"0", Cache-Control:"no-cache, no-store, max-age=0, must-revalidate", Pragma:"no-cache", Expires:"0", X-Frame-Options:"DENY"]
     Content type = null
             Body = 
    Forwarded URL = null
   Redirected URL = null
          Cookies = []

MockHttpServletRequest:
      HTTP Method = POST
      Request URI = /v1/identity/guest
       Parameters = {}
          Headers = [Content-Type:"application/json;charset=UTF-8", Content-Length:"2"]
             Body = {}
    Session Attrs = {}

Handler:
             Type = com.nomadgames.identity.GuestController
           Method = com.nomadgames.identity.GuestController#createGuest(HttpServletRequest)

Async:
    Async started = false
     Async result = null

Resolved Exception:
             Type = null

ModelAndView:
        View name = null
             View = null
            Model = null

FlashMap:
       Attributes = null

MockHttpServletResponse:
           Status = 201
    Error message = null
          Headers = [Content-Type:"application/json", X-Content-Type-Options:"nosniff", X-XSS-Protection:"0", Cache-Control:"no-cache, no-store, max-age=0, must-revalidate", Pragma:"no-cache", Expires:"0", X-Frame-Options:"DENY"]
     Content type = application/json
             Body = {"playerId":"25b9d10f-6508-4457-a2b0-df115b8f91a1","accessToken":"eyJraWQiOiJKR2U3VHBLalVQZmNlWFJBdjZ3a2FERndXV3ZDR18tVjY3SFNyb2NhRU04IiwidHlwIjoiSldUIiwiYWxnIjoiSFMyNTYifQ.eyJzdWIiOiIyNWI5ZDEwZi02NTA4LTQ0NTctYTJiMC1kZjExNWI4ZjkxYTEiLCJndWVzdCI6dHJ1ZSwiZXhwIjoxNzg5MTIyOTE5LCJpYXQiOjE3ODkxMjIwMTksImp0aSI6ImYwN2U5OTg1LWFmNDAtNDEzNi05MDYwLWUxZDM4ZDIyYzBmYyJ9.tL-ccQcZNMu2yziZpMNR-Dh2-8qdaigIZpNmwpp07-o","refreshToken":"sik2RPvT-ATYTgK-cdesVvNbN0IM_sauiiXkILPpxcg","guest":true}
    Forwarded URL = null
   Redirected URL = null
          Cookies = []

MockHttpServletRequest:
      HTTP Method = POST
      Request URI = /v1/identity/guest
       Parameters = {}
          Headers = [Content-Type:"application/json;charset=UTF-8", Content-Length:"2"]
             Body = {}
    Session Attrs = {}

Handler:
             Type = com.nomadgames.identity.GuestController
           Method = com.nomadgames.identity.GuestController#createGuest(HttpServletRequest)

Async:
    Async started = false
     Async result = null

Resolved Exception:
             Type = null

ModelAndView:
        View name = null
             View = null
            Model = null

FlashMap:
       Attributes = null

MockHttpServletResponse:
           Status = 201
    Error message = null
          Headers = [Content-Type:"application/json", X-Content-Type-Options:"nosniff", X-XSS-Protection:"0", Cache-Control:"no-cache, no-store, max-age=0, must-revalidate", Pragma:"no-cache", Expires:"0", X-Frame-Options:"DENY"]
     Content type = application/json
             Body = {"playerId":"3c642b14-609e-4b3e-bbf3-5bf13f689db2","accessToken":"eyJraWQiOiJKR2U3VHBLalVQZmNlWFJBdjZ3a2FERndXV3ZDR18tVjY3SFNyb2NhRU04IiwidHlwIjoiSldUIiwiYWxnIjoiSFMyNTYifQ.eyJzdWIiOiIzYzY0MmIxNC02MDllLTRiM2UtYmJmMy01YmYxM2Y2ODlkYjIiLCJndWVzdCI6dHJ1ZSwiZXhwIjoxNzg5MTIyOTE5LCJpYXQiOjE3ODkxMjIwMTksImp0aSI6ImIzNjBlMDhkLTZlM2MtNDA0Yi1iZWYyLTQ0ZmY4NDNiZjA4MyJ9.In-b8TuCZFGR6kLbQ0oeGPJw8BF0cPaBe23ctTU8PHY","refreshToken":"w1zOSENJO04bSERkTwZbrAOqSMGmLLbtRKeg2vVLWOA","guest":true}
    Forwarded URL = null
   Redirected URL = null
          Cookies = []

MockHttpServletRequest:
      HTTP Method = GET
      Request URI = /v1/profile
       Parameters = {}
          Headers = [Authorization:"Bearer eyJraWQiOiJKR2U3VHBLalVQZmNlWFJBdjZ3a2FERndXV3ZDR18tVjY3SFNyb2NhRU04IiwidHlwIjoiSldUIiwiYWxnIjoiSFMyNTYifQ.eyJzdWIiOiIyNWI5ZDEwZi02NTA4LTQ0NTctYTJiMC1kZjExNWI4ZjkxYTEiLCJndWVzdCI6dHJ1ZSwiZXhwIjoxNzg5MTIyOTE5LCJpYXQiOjE3ODkxMjIwMTksImp0aSI6ImYwN2U5OTg1LWFmNDAtNDEzNi05MDYwLWUxZDM4ZDIyYzBmYyJ9.tL-ccQcZNMu2yziZpMNR-Dh2-8qdaigIZpNmwpp07-o"]
             Body = null
    Session Attrs = {}

Handler:
             Type = org.springframework.web.servlet.resource.ResourceHttpRequestHandler

Async:
    Async started = false
     Async result = null

Resolved Exception:
             Type = org.springframework.web.servlet.resource.NoResourceFoundException

ModelAndView:
        View name = null
             View = null
            Model = null

FlashMap:
       Attributes = null

MockHttpServletResponse:
           Status = 404
    Error message = No static resource v1/profile.
          Headers = [X-Content-Type-Options:"nosniff", X-XSS-Protection:"0", Cache-Control:"no-cache, no-store, max-age=0, must-revalidate", Pragma:"no-cache", Expires:"0", X-Frame-Options:"DENY"]
     Content type = null
             Body = 
    Forwarded URL = null
   Redirected URL = null
          Cookies = []
[ERROR] Tests run: 5, Failures: 5, Errors: 0, Skipped: 0, Time elapsed: 33.36 s <<< FAILURE! -- in com.nomadgames.profile.ProfileIT
[ERROR] com.nomadgames.profile.ProfileIT.putAvatarAllowList -- Time elapsed: 0.063 s <<< FAILURE!
java.lang.AssertionError: Status expected:<200> but was:<404>
	at org.springframework.test.util.AssertionErrors.fail(AssertionErrors.java:62)
	at org.springframework.test.util.AssertionErrors.assertEquals(AssertionErrors.java:129)
	at org.springframework.test.web.servlet.result.StatusResultMatchers.lambda$matcher$0(StatusResultMatchers.java:600)
	at org.springframework.test.web.servlet.MockMvc$1.andExpect(MockMvc.java:212)
	at com.nomadgames.profile.ProfileIT.putAvatarAllowList(ProfileIT.java:91)

[ERROR] com.nomadgames.profile.ProfileIT.eloUpdatesOnCasualSettleOnly -- Time elapsed: 0.069 s <<< FAILURE!
java.lang.AssertionError: Status expected:<200> but was:<404>
	at org.springframework.test.util.AssertionErrors.fail(AssertionErrors.java:62)
	at org.springframework.test.util.AssertionErrors.assertEquals(AssertionErrors.java:129)
	at org.springframework.test.web.servlet.result.StatusResultMatchers.lambda$matcher$0(StatusResultMatchers.java:600)
	at org.springframework.test.web.servlet.MockMvc$1.andExpect(MockMvc.java:212)
	at com.nomadgames.profile.ProfileIT.eloUpdatesOnCasualSettleOnly(ProfileIT.java:131)

[ERROR] com.nomadgames.profile.ProfileIT.xpIncrementsOnBotSettleRatingUnchanged -- Time elapsed: 0.049 s <<< FAILURE!
java.lang.AssertionError: Status expected:<201> but was:<400>
	at org.springframework.test.util.AssertionErrors.fail(AssertionErrors.java:62)
	at org.springframework.test.util.AssertionErrors.assertEquals(AssertionErrors.java:129)
	at org.springframework.test.web.servlet.result.StatusResultMatchers.lambda$matcher$0(StatusResultMatchers.java:600)
	at org.springframework.test.web.servlet.MockMvc$1.andExpect(MockMvc.java:212)
	at com.nomadgames.profile.ProfileIT.createBotMatch(ProfileIT.java:185)
	at com.nomadgames.profile.ProfileIT.xpIncrementsOnBotSettleRatingUnchanged(ProfileIT.java:104)

[ERROR] com.nomadgames.profile.ProfileIT.profileReturnsGuestDefaults -- Time elapsed: 0.046 s <<< FAILURE!
java.lang.AssertionError: Status expected:<200> but was:<404>
	at org.springframework.test.util.AssertionErrors.fail(AssertionErrors.java:62)
	at org.springframework.test.util.AssertionErrors.assertEquals(AssertionErrors.java:129)
	at org.springframework.test.web.servlet.result.StatusResultMatchers.lambda$matcher$0(StatusResultMatchers.java:600)
	at org.springframework.test.web.servlet.MockMvc$1.andExpect(MockMvc.java:212)
	at com.nomadgames.profile.ProfileIT.profileReturnsGuestDefaults(ProfileIT.java:70)

[ERROR] com.nomadgames.profile.ProfileIT.profileSelfOnly -- Time elapsed: 0.081 s <<< FAILURE!
java.lang.AssertionError: Status expected:<200> but was:<404>
	at org.springframework.test.util.AssertionErrors.fail(AssertionErrors.java:62)
	at org.springframework.test.util.AssertionErrors.assertEquals(AssertionErrors.java:129)
	at org.springframework.test.web.servlet.result.StatusResultMatchers.lambda$matcher$0(StatusResultMatchers.java:600)
	at org.springframework.test.web.servlet.MockMvc$1.andExpect(MockMvc.java:212)
	at com.nomadgames.profile.ProfileIT.profileSelfOnly(ProfileIT.java:173)

[INFO] Running com.nomadgames.session.CasualRematchIT
2026-09-11T15:20:20.193+05:00  INFO 31148 --- [nomad-games] [           main] tc.postgres:18                           : Creating container for image: postgres:18
2026-09-11T15:20:20.296+05:00  WARN 31148 --- [nomad-games] [   scheduling-1] com.zaxxer.hikari.pool.PoolBase          : HikariPool-2 - Failed to validate connection org.postgresql.jdbc.PgConnection@f7473b2 (Соединение закрыто.). Possibly consider using a shorter maxLifetime value.
2026-09-11T15:20:20.300+05:00  WARN 31148 --- [nomad-games] [   scheduling-1] com.zaxxer.hikari.pool.PoolBase          : HikariPool-2 - Failed to validate connection org.postgresql.jdbc.PgConnection@7c557ae4 (Соединение закрыто.). Possibly consider using a shorter maxLifetime value.
2026-09-11T15:20:20.301+05:00  WARN 31148 --- [nomad-games] [   scheduling-1] com.zaxxer.hikari.pool.PoolBase          : HikariPool-2 - Failed to validate connection org.postgresql.jdbc.PgConnection@19eba17f (Соединение закрыто.). Possibly consider using a shorter maxLifetime value.
2026-09-11T15:20:20.301+05:00  WARN 31148 --- [nomad-games] [   scheduling-1] com.zaxxer.hikari.pool.PoolBase          : HikariPool-2 - Failed to validate connection org.postgresql.jdbc.PgConnection@46c6d0c6 (Соединение закрыто.). Possibly consider using a shorter maxLifetime value.
2026-09-11T15:20:20.302+05:00  WARN 31148 --- [nomad-games] [   scheduling-1] com.zaxxer.hikari.pool.PoolBase          : HikariPool-2 - Failed to validate connection org.postgresql.jdbc.PgConnection@4711217e (Соединение закрыто.). Possibly consider using a shorter maxLifetime value.
2026-09-11T15:20:20.303+05:00  WARN 31148 --- [nomad-games] [   scheduling-1] com.zaxxer.hikari.pool.PoolBase          : HikariPool-2 - Failed to validate connection org.postgresql.jdbc.PgConnection@10c4e122 (Соединение закрыто.). Possibly consider using a shorter maxLifetime value.
2026-09-11T15:20:20.304+05:00  WARN 31148 --- [nomad-games] [   scheduling-1] com.zaxxer.hikari.pool.PoolBase          : HikariPool-2 - Failed to validate connection org.postgresql.jdbc.PgConnection@54604a1c (Соединение закрыто.). Possibly consider using a shorter maxLifetime value.
2026-09-11T15:20:20.304+05:00  INFO 31148 --- [nomad-games] [           main] tc.postgres:18                           : Container postgres:18 is starting: 128141b4d6b3f65f83f56f3c4a626c5fa51c35772eef003254b64b64ec359f71
2026-09-11T15:20:20.305+05:00  WARN 31148 --- [nomad-games] [   scheduling-1] com.zaxxer.hikari.pool.PoolBase          : HikariPool-2 - Failed to validate connection org.postgresql.jdbc.PgConnection@24d0f0b6 (Соединение закрыто.). Possibly consider using a shorter maxLifetime value.
2026-09-11T15:20:20.306+05:00  WARN 31148 --- [nomad-games] [   scheduling-1] com.zaxxer.hikari.pool.PoolBase          : HikariPool-2 - Failed to validate connection org.postgresql.jdbc.PgConnection@6a843f83 (Соединение закрыто.). Possibly consider using a shorter maxLifetime value.
2026-09-11T15:20:20.309+05:00  WARN 31148 --- [nomad-games] [   scheduling-1] com.zaxxer.hikari.pool.PoolBase          : HikariPool-2 - Failed to validate connection org.postgresql.jdbc.PgConnection@5dfe0e00 (Соединение закрыто.). Possibly consider using a shorter maxLifetime value.
2026-09-11T15:20:22.123+05:00  INFO 31148 --- [nomad-games] [           main] tc.postgres:18                           : Container postgres:18 started in PT1.9299416S
2026-09-11T15:20:22.123+05:00  INFO 31148 --- [nomad-games] [           main] tc.postgres:18                           : Container is started (JDBC URL: jdbc:postgresql://localhost:57370/test?loggerLevel=OFF)
2026-09-11T15:20:47.037+05:00  WARN 31148 --- [nomad-games] [onnection-adder] com.zaxxer.hikari.pool.PoolBase          : HikariPool-1 - Pool is empty, failed to create/setup connection (948f4d86-ef0f-4848-b59a-1dc78d4edd2f)

org.postgresql.util.PSQLException: Подключение по адресу localhost:57310 отклонено. Проверьте, что хост и порт указаны правильно и что postmaster принимает TCP/IP-соединения.
	at org.postgresql.core.v3.ConnectionFactoryImpl.openConnectionImpl(ConnectionFactoryImpl.java:427) ~[postgresql-42.7.13.jar:42.7.13]
	at org.postgresql.core.ConnectionFactory.openConnection(ConnectionFactory.java:52) ~[postgresql-42.7.13.jar:42.7.13]
	at org.postgresql.jdbc.PgConnection.<init>(PgConnection.java:295) ~[postgresql-42.7.13.jar:42.7.13]
	at org.postgresql.Driver.makeConnection(Driver.java:437) ~[postgresql-42.7.13.jar:42.7.13]
	at org.postgresql.Driver.connect(Driver.java:305) ~[postgresql-42.7.13.jar:42.7.13]
	at com.zaxxer.hikari.util.DriverDataSource.getConnection(DriverDataSource.java:144) ~[HikariCP-7.0.2.jar:na]
	at com.zaxxer.hikari.pool.PoolBase.newConnection(PoolBase.java:373) ~[HikariCP-7.0.2.jar:na]
	at com.zaxxer.hikari.pool.PoolBase.newPoolEntry(PoolBase.java:210) ~[HikariCP-7.0.2.jar:na]
	at com.zaxxer.hikari.pool.HikariPool.createPoolEntry(HikariPool.java:488) ~[HikariCP-7.0.2.jar:na]
	at com.zaxxer.hikari.pool.HikariPool$PoolEntryCreator.call(HikariPool.java:752) ~[HikariCP-7.0.2.jar:na]
	at com.zaxxer.hikari.pool.HikariPool$PoolEntryCreator.call(HikariPool.java:731) ~[HikariCP-7.0.2.jar:na]
	at java.base/java.util.concurrent.FutureTask.run(FutureTask.java:317) ~[na:na]
	at java.base/java.util.concurrent.ThreadPoolExecutor.runWorker(ThreadPoolExecutor.java:1144) ~[na:na]
	at java.base/java.util.concurrent.ThreadPoolExecutor$Worker.run(ThreadPoolExecutor.java:642) ~[na:na]
	at java.base/java.lang.Thread.run(Thread.java:1583) ~[na:na]
Caused by: java.net.ConnectException: Connection refused: getsockopt
	at java.base/sun.nio.ch.Net.pollConnect(Native Method) ~[na:na]
	at java.base/sun.nio.ch.Net.pollConnectNow(Net.java:694) ~[na:na]
	at java.base/sun.nio.ch.NioSocketImpl.timedFinishConnect(NioSocketImpl.java:542) ~[na:na]
	at java.base/sun.nio.ch.NioSocketImpl.connect(NioSocketImpl.java:592) ~[na:na]
	at java.base/java.net.SocksSocketImpl.connect(SocksSocketImpl.java:327) ~[na:na]
	at java.base/java.net.Socket.connect(Socket.java:751) ~[na:na]
	at org.postgresql.core.PGStream.createSocket(PGStream.java:270) ~[postgresql-42.7.13.jar:42.7.13]
	at org.postgresql.core.PGStream.<init>(PGStream.java:131) ~[postgresql-42.7.13.jar:42.7.13]
	at org.postgresql.core.v3.ConnectionFactoryImpl.tryConnect(ConnectionFactoryImpl.java:221) ~[postgresql-42.7.13.jar:42.7.13]
	at org.postgresql.core.v3.ConnectionFactoryImpl.openConnectionImpl(ConnectionFactoryImpl.java:367) ~[postgresql-42.7.13.jar:42.7.13]
	... 14 common frames omitted

2026-09-11T15:20:50.302+05:00  WARN 31148 --- [nomad-games] [   scheduling-1] org.hibernate.orm.jdbc.error             : HHH000247: ErrorCode: 0, SQLState: 08001
2026-09-11T15:20:50.303+05:00  WARN 31148 --- [nomad-games] [   scheduling-1] org.hibernate.orm.jdbc.error             : HikariPool-2 - Connection is not available, request timed out after 30006ms (total=0, active=0, idle=0, waiting=0)
2026-09-11T15:20:50.303+05:00  WARN 31148 --- [nomad-games] [   scheduling-1] org.hibernate.orm.jdbc.error             : HHH000247: ErrorCode: 0, SQLState: 08001
2026-09-11T15:20:50.303+05:00  WARN 31148 --- [nomad-games] [   scheduling-1] org.hibernate.orm.jdbc.error             : HikariPool-2 - Connection is not available, request timed out after 30006ms (total=0, active=0, idle=0, waiting=0)
2026-09-11T15:20:50.304+05:00 ERROR 31148 --- [nomad-games] [   scheduling-1] o.s.s.s.TaskUtils$LoggingErrorHandler    : Unexpected error occurred in scheduled task

org.springframework.transaction.CannotCreateTransactionException: Could not open JPA EntityManager for transaction
	at org.springframework.orm.jpa.JpaTransactionManager.doBegin(JpaTransactionManager.java:457) ~[spring-orm-7.0.9.jar:7.0.9]
	at org.springframework.transaction.support.AbstractPlatformTransactionManager.startTransaction(AbstractPlatformTransactionManager.java:532) ~[spring-tx-7.0.9.jar:7.0.9]
	at org.springframework.transaction.support.AbstractPlatformTransactionManager.getTransaction(AbstractPlatformTransactionManager.java:405) ~[spring-tx-7.0.9.jar:7.0.9]
	at org.springframework.transaction.interceptor.TransactionAspectSupport.createTransactionIfNecessary(TransactionAspectSupport.java:628) ~[spring-tx-7.0.9.jar:7.0.9]
	at org.springframework.transaction.interceptor.TransactionAspectSupport.invokeWithinTransaction(TransactionAspectSupport.java:365) ~[spring-tx-7.0.9.jar:7.0.9]
	at org.springframework.transaction.interceptor.TransactionInterceptor.invoke(TransactionInterceptor.java:130) ~[spring-tx-7.0.9.jar:7.0.9]
	at org.springframework.aop.framework.ReflectiveMethodInvocation.proceed(ReflectiveMethodInvocation.java:179) ~[spring-aop-7.0.9.jar:7.0.9]
	at org.springframework.aop.framework.CglibAopProxy$DynamicAdvisedInterceptor.intercept(CglibAopProxy.java:719) ~[spring-aop-7.0.9.jar:7.0.9]
	at com.nomadgames.session.MatchService$$SpringCGLIB$$0.expireReconnectGraces(<generated>) ~[classes/:na]
	at java.base/jdk.internal.reflect.DirectMethodHandleAccessor.invoke(DirectMethodHandleAccessor.java:103) ~[na:na]
	at java.base/java.lang.reflect.Method.invoke(Method.java:580) ~[na:na]
	at org.springframework.scheduling.support.ScheduledMethodRunnable.runInternal(ScheduledMethodRunnable.java:128) ~[spring-context-7.0.9.jar:7.0.9]
	at org.springframework.scheduling.support.ScheduledMethodRunnable.lambda$run$1(ScheduledMethodRunnable.java:122) ~[spring-context-7.0.9.jar:7.0.9]
	at io.micrometer.observation.Observation.observe(Observation.java:569) ~[micrometer-observation-1.17.1.jar:1.17.1]
	at org.springframework.scheduling.support.ScheduledMethodRunnable.run(ScheduledMethodRunnable.java:122) ~[spring-context-7.0.9.jar:7.0.9]
	at org.springframework.scheduling.config.Task$OutcomeTrackingRunnable.run(Task.java:88) ~[spring-context-7.0.9.jar:7.0.9]
	at org.springframework.scheduling.support.DelegatingErrorHandlingRunnable.run(DelegatingErrorHandlingRunnable.java:54) ~[spring-context-7.0.9.jar:7.0.9]
	at java.base/java.util.concurrent.Executors$RunnableAdapter.call(Executors.java:572) ~[na:na]
	at java.base/java.util.concurrent.FutureTask.runAndReset(FutureTask.java:358) ~[na:na]
	at java.base/java.util.concurrent.ScheduledThreadPoolExecutor$ScheduledFutureTask.run(ScheduledThreadPoolExecutor.java:305) ~[na:na]
	at java.base/java.util.concurrent.ThreadPoolExecutor.runWorker(ThreadPoolExecutor.java:1144) ~[na:na]
	at java.base/java.util.concurrent.ThreadPoolExecutor$Worker.run(ThreadPoolExecutor.java:642) ~[na:na]
	at java.base/java.lang.Thread.run(Thread.java:1583) ~[na:na]
Caused by: org.hibernate.exception.JDBCConnectionException: Unable to acquire JDBC Connection [HikariPool-2 - Connection is not available, request timed out after 30006ms (total=0, active=0, idle=0, waiting=0)] [n/a]
	at org.hibernate.exception.internal.SQLExceptionTypeDelegate.convert(SQLExceptionTypeDelegate.java:49) ~[hibernate-core-7.4.5.Final.jar:7.4.5.Final]
	at org.hibernate.exception.internal.StandardSQLExceptionConverter.convert(StandardSQLExceptionConverter.java:34) ~[hibernate-core-7.4.5.Final.jar:7.4.5.Final]
	at org.hibernate.engine.jdbc.spi.SqlExceptionHelper.convert(SqlExceptionHelper.java:115) ~[hibernate-core-7.4.5.Final.jar:7.4.5.Final]
	at org.hibernate.engine.jdbc.spi.SqlExceptionHelper.convert(SqlExceptionHelper.java:101) ~[hibernate-core-7.4.5.Final.jar:7.4.5.Final]
	at org.hibernate.resource.jdbc.internal.LogicalConnectionManagedImpl.acquire(LogicalConnectionManagedImpl.java:190) ~[hibernate-core-7.4.5.Final.jar:7.4.5.Final]
	at org.hibernate.resource.jdbc.internal.LogicalConnectionManagedImpl.acquireConnectionIfNeeded(LogicalConnectionManagedImpl.java:87) ~[hibernate-core-7.4.5.Final.jar:7.4.5.Final]
	at org.hibernate.resource.jdbc.internal.LogicalConnectionManagedImpl.getPhysicalConnection(LogicalConnectionManagedImpl.java:126) ~[hibernate-core-7.4.5.Final.jar:7.4.5.Final]
	at org.hibernate.resource.jdbc.internal.LogicalConnectionManagedImpl.getConnectionForTransactionManagement(LogicalConnectionManagedImpl.java:281) ~[hibernate-core-7.4.5.Final.jar:7.4.5.Final]
	at org.hibernate.resource.jdbc.internal.LogicalConnectionManagedImpl.begin(LogicalConnectionManagedImpl.java:290) ~[hibernate-core-7.4.5.Final.jar:7.4.5.Final]
	at org.hibernate.resource.transaction.backend.jdbc.internal.JdbcResourceLocalTransactionCoordinatorImpl$TransactionDriverControlImpl.begin(JdbcResourceLocalTransactionCoordinatorImpl.java:226) ~[hibernate-core-7.4.5.Final.jar:7.4.5.Final]
	at org.hibernate.engine.transaction.internal.TransactionImpl.begin(TransactionImpl.java:75) ~[hibernate-core-7.4.5.Final.jar:7.4.5.Final]
	at org.springframework.orm.jpa.vendor.HibernateJpaDialect.beginTransaction(HibernateJpaDialect.java:147) ~[spring-orm-7.0.9.jar:7.0.9]
	at org.springframework.orm.jpa.JpaTransactionManager.doBegin(JpaTransactionManager.java:411) ~[spring-orm-7.0.9.jar:7.0.9]
	... 22 common frames omitted
Caused by: java.sql.SQLTransientConnectionException: HikariPool-2 - Connection is not available, request timed out after 30006ms (total=0, active=0, idle=0, waiting=0)
	at com.zaxxer.hikari.pool.HikariPool.createTimeoutException(HikariPool.java:714) ~[HikariCP-7.0.2.jar:na]
	at com.zaxxer.hikari.pool.HikariPool.getConnection(HikariPool.java:184) ~[HikariCP-7.0.2.jar:na]
	at com.zaxxer.hikari.pool.HikariPool.getConnection(HikariPool.java:142) ~[HikariCP-7.0.2.jar:na]
	at com.zaxxer.hikari.HikariDataSource.getConnection(HikariDataSource.java:127) ~[HikariCP-7.0.2.jar:na]
	at org.hibernate.engine.jdbc.connections.internal.DataSourceConnectionProvider.getConnection(DataSourceConnectionProvider.java:149) ~[hibernate-core-7.4.5.Final.jar:7.4.5.Final]
	at org.hibernate.internal.NonContextualJdbcConnectionAccess.obtainConnection(NonContextualJdbcConnectionAccess.java:62) ~[hibernate-core-7.4.5.Final.jar:7.4.5.Final]
	at org.hibernate.resource.jdbc.internal.LogicalConnectionManagedImpl.acquire(LogicalConnectionManagedImpl.java:187) ~[hibernate-core-7.4.5.Final.jar:7.4.5.Final]
	... 30 common frames omitted
Caused by: org.postgresql.util.PSQLException: Подключение по адресу localhost:57335 отклонено. Проверьте, что хост и порт указаны правильно и что postmaster принимает TCP/IP-соединения.
	at org.postgresql.core.v3.ConnectionFactoryImpl.openConnectionImpl(ConnectionFactoryImpl.java:427) ~[postgresql-42.7.13.jar:42.7.13]
	at org.postgresql.core.ConnectionFactory.openConnection(ConnectionFactory.java:52) ~[postgresql-42.7.13.jar:42.7.13]
	at org.postgresql.jdbc.PgConnection.<init>(PgConnection.java:295) ~[postgresql-42.7.13.jar:42.7.13]
	at org.postgresql.Driver.makeConnection(Driver.java:437) ~[postgresql-42.7.13.jar:42.7.13]
	at org.postgresql.Driver.connect(Driver.java:305) ~[postgresql-42.7.13.jar:42.7.13]
	at com.zaxxer.hikari.util.DriverDataSource.getConnection(DriverDataSource.java:144) ~[HikariCP-7.0.2.jar:na]
	at com.zaxxer.hikari.pool.PoolBase.newConnection(PoolBase.java:373) ~[HikariCP-7.0.2.jar:na]
	at com.zaxxer.hikari.pool.PoolBase.newPoolEntry(PoolBase.java:210) ~[HikariCP-7.0.2.jar:na]
	at com.zaxxer.hikari.pool.HikariPool.createPoolEntry(HikariPool.java:488) ~[HikariCP-7.0.2.jar:na]
	at com.zaxxer.hikari.pool.HikariPool$PoolEntryCreator.call(HikariPool.java:752) ~[HikariCP-7.0.2.jar:na]
	at com.zaxxer.hikari.pool.HikariPool$PoolEntryCreator.call(HikariPool.java:731) ~[HikariCP-7.0.2.jar:na]
	at java.base/java.util.concurrent.FutureTask.run(FutureTask.java:317) ~[na:na]
	... 3 common frames omitted
Caused by: java.net.ConnectException: Connection refused: getsockopt
	at java.base/sun.nio.ch.Net.pollConnect(Native Method) ~[na:na]
	at java.base/sun.nio.ch.Net.pollConnectNow(Net.java:694) ~[na:na]
	at java.base/sun.nio.ch.NioSocketImpl.timedFinishConnect(NioSocketImpl.java:542) ~[na:na]
	at java.base/sun.nio.ch.NioSocketImpl.connect(NioSocketImpl.java:592) ~[na:na]
	at java.base/java.net.SocksSocketImpl.connect(SocksSocketImpl.java:327) ~[na:na]
	at java.base/java.net.Socket.connect(Socket.java:751) ~[na:na]
	at org.postgresql.core.PGStream.createSocket(PGStream.java:270) ~[postgresql-42.7.13.jar:42.7.13]
	at org.postgresql.core.PGStream.<init>(PGStream.java:131) ~[postgresql-42.7.13.jar:42.7.13]
	at org.postgresql.core.v3.ConnectionFactoryImpl.tryConnect(ConnectionFactoryImpl.java:221) ~[postgresql-42.7.13.jar:42.7.13]
	at org.postgresql.core.v3.ConnectionFactoryImpl.openConnectionImpl(ConnectionFactoryImpl.java:367) ~[postgresql-42.7.13.jar:42.7.13]
	... 14 common frames omitted


  .   ____          _            __ _ _
 /\\ / ___'_ __ _ _(_)_ __  __ _ \ \ \ \
( ( )\___ | '_ | '_| | '_ \/ _` | \ \ \ \
 \\/  ___)| |_)| | | | | || (_| |  ) ) ) )
  '  |____| .__|_| |_|_| |_\__, | / / / /
 =========|_|==============|___/=/_/_/_/

 :: Spring Boot ::                (v4.1.1)

2026-09-11T15:20:50.332+05:00  INFO 31148 --- [nomad-games] [           main] com.nomadgames.session.CasualRematchIT   : Starting CasualRematchIT using Java 21.0.11 with PID 31148 (started by sergei.elistratov in C:\Users\sergei.elistratov\Documents\проекты\nomad-game\backend)
2026-09-11T15:20:50.332+05:00  INFO 31148 --- [nomad-games] [           main] com.nomadgames.session.CasualRematchIT   : No active profile set, falling back to 1 default profile: "default"
2026-09-11T15:20:50.672+05:00  INFO 31148 --- [nomad-games] [           main] .s.d.r.c.RepositoryConfigurationDelegate : Bootstrapping Spring Data JPA repositories in DEFAULT mode.
2026-09-11T15:20:50.714+05:00  INFO 31148 --- [nomad-games] [           main] .s.d.r.c.RepositoryConfigurationDelegate : Finished Spring Data repository scanning in 39 ms. Found 4 JPA repository interfaces.
2026-09-11T15:20:50.958+05:00  INFO 31148 --- [nomad-games] [           main] org.flywaydb.core.FlywayExecutor         : Database: jdbc:postgresql://localhost:57370/test?loggerLevel=OFF (PostgreSQL 18.6)
2026-09-11T15:20:50.992+05:00  INFO 31148 --- [nomad-games] [           main] o.f.c.i.s.JdbcTableSchemaHistory         : Schema history table "public"."flyway_schema_history" does not exist yet
2026-09-11T15:20:50.993+05:00  INFO 31148 --- [nomad-games] [           main] o.f.core.internal.command.DbValidate     : Successfully validated 8 migrations (execution time 00:00.011s)
2026-09-11T15:20:51.008+05:00  INFO 31148 --- [nomad-games] [           main] o.f.c.i.s.JdbcTableSchemaHistory         : Creating Schema History table "public"."flyway_schema_history" ...
2026-09-11T15:20:51.046+05:00  INFO 31148 --- [nomad-games] [           main] o.f.core.internal.command.DbMigrate      : Current version of schema "public": << Empty Schema >>
2026-09-11T15:20:51.052+05:00  INFO 31148 --- [nomad-games] [           main] o.f.core.internal.command.DbMigrate      : Migrating schema "public" to version "1 - identity"
2026-09-11T15:20:51.081+05:00  INFO 31148 --- [nomad-games] [           main] o.f.core.internal.command.DbMigrate      : Migrating schema "public" to version "2 - matches"
2026-09-11T15:20:51.103+05:00  INFO 31148 --- [nomad-games] [           main] o.f.core.internal.command.DbMigrate      : Migrating schema "public" to version "3 - rooms"
2026-09-11T15:20:51.123+05:00  INFO 31148 --- [nomad-games] [           main] o.f.core.internal.command.DbMigrate      : Migrating schema "public" to version "4 - match seats"
2026-09-11T15:20:51.143+05:00  INFO 31148 --- [nomad-games] [           main] o.f.core.internal.command.DbMigrate      : Migrating schema "public" to version "5 - reconnect tokens"
2026-09-11T15:20:51.164+05:00  INFO 31148 --- [nomad-games] [           main] o.f.core.internal.command.DbMigrate      : Migrating schema "public" to version "6 - room version"
2026-09-11T15:20:51.185+05:00  INFO 31148 --- [nomad-games] [           main] o.f.core.internal.command.DbMigrate      : Migrating schema "public" to version "7 - economy ledger shop"
2026-09-11T15:20:51.225+05:00  INFO 31148 --- [nomad-games] [           main] o.f.core.internal.command.DbMigrate      : Migrating schema "public" to version "8 - soft purchase sku unique"
2026-09-11T15:20:51.240+05:00  INFO 31148 --- [nomad-games] [           main] o.f.core.internal.command.DbMigrate      : Successfully applied 8 migrations to schema "public", now at version v8 (execution time 00:00.077s)
2026-09-11T15:20:51.270+05:00  INFO 31148 --- [nomad-games] [           main] org.hibernate.orm.jpa                    : HHH008540: Processing PersistenceUnitInfo [name: default]
2026-09-11T15:20:51.301+05:00  INFO 31148 --- [nomad-games] [           main] o.s.o.j.p.SpringPersistenceUnitInfo      : No LoadTimeWeaver setup: ignoring JPA class transformer
2026-09-11T15:20:51.302+05:00  INFO 31148 --- [nomad-games] [           main] com.zaxxer.hikari.HikariDataSource       : HikariPool-3 - Starting...
2026-09-11T15:20:51.319+05:00  INFO 31148 --- [nomad-games] [           main] com.zaxxer.hikari.pool.HikariPool        : HikariPool-3 - Added connection org.postgresql.jdbc.PgConnection@2899f9e9
2026-09-11T15:20:51.320+05:00  INFO 31148 --- [nomad-games] [           main] com.zaxxer.hikari.HikariDataSource       : HikariPool-3 - Start completed.
2026-09-11T15:20:51.331+05:00  INFO 31148 --- [nomad-games] [           main] org.hibernate.orm.connections.pooling    : HHH10001005: Database info:
	Database JDBC URL [jdbc:postgresql://localhost:57370/test?loggerLevel=OFF]
	Database driver: PostgreSQL JDBC Driver
	Database dialect: PostgreSQLDialect
	Database version: 18.6
	Default catalog/schema: test/public
	Autocommit mode: undefined/unknown
	Isolation level: READ_COMMITTED [default READ_COMMITTED]
	JDBC fetch size: none
	Pool: DataSourceConnectionProvider
	Minimum pool size: undefined/unknown
	Maximum pool size: undefined/unknown
2026-09-11T15:20:51.419+05:00  INFO 31148 --- [nomad-games] [           main] org.hibernate.orm.core                   : HHH000489: No JTA platform available (set 'hibernate.transaction.jta.platform' to enable JTA platform integration)
2026-09-11T15:20:51.441+05:00  INFO 31148 --- [nomad-games] [           main] j.LocalContainerEntityManagerFactoryBean : Initialized JPA EntityManagerFactory for persistence unit 'default'
2026-09-11T15:20:51.790+05:00  INFO 31148 --- [nomad-games] [           main] o.s.b.t.m.w.SpringBootMockServletContext : Initializing Spring TestDispatcherServlet ''
2026-09-11T15:20:51.791+05:00  INFO 31148 --- [nomad-games] [           main] o.s.t.web.servlet.TestDispatcherServlet  : Initializing Servlet ''
2026-09-11T15:20:51.797+05:00  INFO 31148 --- [nomad-games] [           main] o.s.b.a.e.web.EndpointLinksResolver      : Exposing 1 endpoint beneath base path '/actuator'
2026-09-11T15:20:51.802+05:00  INFO 31148 --- [nomad-games] [           main] o.s.t.web.servlet.TestDispatcherServlet  : Completed initialization in 11 ms
2026-09-11T15:20:51.831+05:00  INFO 31148 --- [nomad-games] [           main] com.nomadgames.session.CasualRematchIT   : Started CasualRematchIT in 1.524 seconds (process running for 84.148)

MockHttpServletRequest:
      HTTP Method = POST
      Request URI = /v1/identity/guest
       Parameters = {}
          Headers = [Content-Type:"application/json;charset=UTF-8", Content-Length:"2"]
             Body = {}
    Session Attrs = {}

Handler:
             Type = com.nomadgames.identity.GuestController
           Method = com.nomadgames.identity.GuestController#createGuest(HttpServletRequest)

Async:
    Async started = false
     Async result = null

Resolved Exception:
             Type = null

ModelAndView:
        View name = null
             View = null
            Model = null

FlashMap:
       Attributes = null

MockHttpServletResponse:
           Status = 201
    Error message = null
          Headers = [Content-Type:"application/json", X-Content-Type-Options:"nosniff", X-XSS-Protection:"0", Cache-Control:"no-cache, no-store, max-age=0, must-revalidate", Pragma:"no-cache", Expires:"0", X-Frame-Options:"DENY"]
     Content type = application/json
             Body = {"playerId":"91d19131-6b0d-43ee-94d8-1266b2dd483d","accessToken":"eyJraWQiOiJKR2U3VHBLalVQZmNlWFJBdjZ3a2FERndXV3ZDR18tVjY3SFNyb2NhRU04IiwidHlwIjoiSldUIiwiYWxnIjoiSFMyNTYifQ.eyJzdWIiOiI5MWQxOTEzMS02YjBkLTQzZWUtOTRkOC0xMjY2YjJkZDQ4M2QiLCJndWVzdCI6dHJ1ZSwiZXhwIjoxNzg5MTIyOTUxLCJpYXQiOjE3ODkxMjIwNTEsImp0aSI6IjEzNTM4OTlhLTUyZjEtNDExMS1iMjZmLTMyOWJjOWM4OTZiNCJ9.sx0c0jNbwG8hIpZC59umK_kGl3oGMAO4UnB9xa9pzro","refreshToken":"CMPyNDZb3X6rPquWcPLqV6Pp3pjcUcsoFK0ObYEt6NE","guest":true}
    Forwarded URL = null
   Redirected URL = null
          Cookies = []

MockHttpServletRequest:
      HTTP Method = POST
      Request URI = /v1/identity/guest
       Parameters = {}
          Headers = [Content-Type:"application/json;charset=UTF-8", Content-Length:"2"]
             Body = {}
    Session Attrs = {}

Handler:
             Type = com.nomadgames.identity.GuestController
           Method = com.nomadgames.identity.GuestController#createGuest(HttpServletRequest)

Async:
    Async started = false
     Async result = null

Resolved Exception:
             Type = null

ModelAndView:
        View name = null
             View = null
            Model = null

FlashMap:
       Attributes = null

MockHttpServletResponse:
           Status = 201
    Error message = null
          Headers = [Content-Type:"application/json", X-Content-Type-Options:"nosniff", X-XSS-Protection:"0", Cache-Control:"no-cache, no-store, max-age=0, must-revalidate", Pragma:"no-cache", Expires:"0", X-Frame-Options:"DENY"]
     Content type = application/json
             Body = {"playerId":"97057844-e0da-4a69-bc58-10b6a3fb1a58","accessToken":"eyJraWQiOiJKR2U3VHBLalVQZmNlWFJBdjZ3a2FERndXV3ZDR18tVjY3SFNyb2NhRU04IiwidHlwIjoiSldUIiwiYWxnIjoiSFMyNTYifQ.eyJzdWIiOiI5NzA1Nzg0NC1lMGRhLTRhNjktYmM1OC0xMGI2YTNmYjFhNTgiLCJndWVzdCI6dHJ1ZSwiZXhwIjoxNzg5MTIyOTUxLCJpYXQiOjE3ODkxMjIwNTEsImp0aSI6IjMwOWNhODYwLWJlNDAtNDhlNC1hYTk5LThlNDkwZTM5ZjE4ZSJ9.-kWQUclwjHTlBYNKulMpK_2USR7n-1lwzyK5kSZzC-Q","refreshToken":"gpwleLAW9eMhOmLi_91rNQsiVqb30c72d2Sour2mK5w","guest":true}
    Forwarded URL = null
   Redirected URL = null
          Cookies = []

MockHttpServletRequest:
      HTTP Method = POST
      Request URI = /v1/matchmaking/casual
       Parameters = {}
          Headers = [Content-Type:"application/json;charset=UTF-8", Authorization:"Bearer eyJraWQiOiJKR2U3VHBLalVQZmNlWFJBdjZ3a2FERndXV3ZDR18tVjY3SFNyb2NhRU04IiwidHlwIjoiSldUIiwiYWxnIjoiSFMyNTYifQ.eyJzdWIiOiI5MWQxOTEzMS02YjBkLTQzZWUtOTRkOC0xMjY2YjJkZDQ4M2QiLCJndWVzdCI6dHJ1ZSwiZXhwIjoxNzg5MTIyOTUxLCJpYXQiOjE3ODkxMjIwNTEsImp0aSI6IjEzNTM4OTlhLTUyZjEtNDExMS1iMjZmLTMyOWJjOWM4OTZiNCJ9.sx0c0jNbwG8hIpZC59umK_kGl3oGMAO4UnB9xa9pzro", Content-Length:"2"]
             Body = {}
    Session Attrs = {}

Handler:
             Type = org.springframework.web.servlet.resource.ResourceHttpRequestHandler

Async:
    Async started = false
     Async result = null

Resolved Exception:
             Type = org.springframework.web.servlet.resource.NoResourceFoundException

ModelAndView:
        View name = null
             View = null
            Model = null

FlashMap:
       Attributes = null

MockHttpServletResponse:
           Status = 404
    Error message = No static resource v1/matchmaking/casual.
          Headers = [X-Content-Type-Options:"nosniff", X-XSS-Protection:"0", Cache-Control:"no-cache, no-store, max-age=0, must-revalidate", Pragma:"no-cache", Expires:"0", X-Frame-Options:"DENY"]
     Content type = null
             Body = 
    Forwarded URL = null
   Redirected URL = null
          Cookies = []

MockHttpServletRequest:
      HTTP Method = POST
      Request URI = /v1/identity/guest
       Parameters = {}
          Headers = [Content-Type:"application/json;charset=UTF-8", Content-Length:"2"]
             Body = {}
    Session Attrs = {}

Handler:
             Type = com.nomadgames.identity.GuestController
           Method = com.nomadgames.identity.GuestController#createGuest(HttpServletRequest)

Async:
    Async started = false
     Async result = null

Resolved Exception:
             Type = null

ModelAndView:
        View name = null
             View = null
            Model = null

FlashMap:
       Attributes = null

MockHttpServletResponse:
           Status = 201
    Error message = null
          Headers = [Content-Type:"application/json", X-Content-Type-Options:"nosniff", X-XSS-Protection:"0", Cache-Control:"no-cache, no-store, max-age=0, must-revalidate", Pragma:"no-cache", Expires:"0", X-Frame-Options:"DENY"]
     Content type = application/json
             Body = {"playerId":"c6f90737-15d4-4254-9131-7825a97f4866","accessToken":"eyJraWQiOiJKR2U3VHBLalVQZmNlWFJBdjZ3a2FERndXV3ZDR18tVjY3SFNyb2NhRU04IiwidHlwIjoiSldUIiwiYWxnIjoiSFMyNTYifQ.eyJzdWIiOiJjNmY5MDczNy0xNWQ0LTQyNTQtOTEzMS03ODI1YTk3ZjQ4NjYiLCJndWVzdCI6dHJ1ZSwiZXhwIjoxNzg5MTIyOTUxLCJpYXQiOjE3ODkxMjIwNTEsImp0aSI6IjgyNjg1MDMxLTBjNjktNDI2Yy1iNzc0LTU3YzcwYzYxMWRmMiJ9.tF07r1xJnZf7_dMg-C6FhWZJpMIdz833-LCvPIf-f_A","refreshToken":"d9Jrw5u9EvXhTZ7tJDijU2lE-rYub3odORal2GbgV4w","guest":true}
    Forwarded URL = null
   Redirected URL = null
          Cookies = []

MockHttpServletRequest:
      HTTP Method = POST
      Request URI = /v1/identity/guest
       Parameters = {}
          Headers = [Content-Type:"application/json;charset=UTF-8", Content-Length:"2"]
             Body = {}
    Session Attrs = {}

Handler:
             Type = com.nomadgames.identity.GuestController
           Method = com.nomadgames.identity.GuestController#createGuest(HttpServletRequest)

Async:
    Async started = false
     Async result = null

Resolved Exception:
             Type = null

ModelAndView:
        View name = null
             View = null
            Model = null

FlashMap:
       Attributes = null

MockHttpServletResponse:
           Status = 201
    Error message = null
          Headers = [Content-Type:"application/json", X-Content-Type-Options:"nosniff", X-XSS-Protection:"0", Cache-Control:"no-cache, no-store, max-age=0, must-revalidate", Pragma:"no-cache", Expires:"0", X-Frame-Options:"DENY"]
     Content type = application/json
             Body = {"playerId":"59ac16b1-61fd-4be7-8b27-597bad73b78b","accessToken":"eyJraWQiOiJKR2U3VHBLalVQZmNlWFJBdjZ3a2FERndXV3ZDR18tVjY3SFNyb2NhRU04IiwidHlwIjoiSldUIiwiYWxnIjoiSFMyNTYifQ.eyJzdWIiOiI1OWFjMTZiMS02MWZkLTRiZTctOGIyNy01OTdiYWQ3M2I3OGIiLCJndWVzdCI6dHJ1ZSwiZXhwIjoxNzg5MTIyOTUxLCJpYXQiOjE3ODkxMjIwNTEsImp0aSI6ImQyYmJmOWZiLTEyNzktNDY4NC05ODI4LTA0YTFlMGIzNjM0MSJ9._DJ9DvHrFd7BSsJrymY106PkCrc_Lr-5YTti4srWKEk","refreshToken":"_LYbiB5jHp8mdQS2DT-KteIVw34nNm7NypgrBGwDhuU","guest":true}
    Forwarded URL = null
   Redirected URL = null
          Cookies = []

MockHttpServletRequest:
      HTTP Method = POST
      Request URI = /v1/matchmaking/casual
       Parameters = {}
          Headers = [Content-Type:"application/json;charset=UTF-8", Authorization:"Bearer eyJraWQiOiJKR2U3VHBLalVQZmNlWFJBdjZ3a2FERndXV3ZDR18tVjY3SFNyb2NhRU04IiwidHlwIjoiSldUIiwiYWxnIjoiSFMyNTYifQ.eyJzdWIiOiJjNmY5MDczNy0xNWQ0LTQyNTQtOTEzMS03ODI1YTk3ZjQ4NjYiLCJndWVzdCI6dHJ1ZSwiZXhwIjoxNzg5MTIyOTUxLCJpYXQiOjE3ODkxMjIwNTEsImp0aSI6IjgyNjg1MDMxLTBjNjktNDI2Yy1iNzc0LTU3YzcwYzYxMWRmMiJ9.tF07r1xJnZf7_dMg-C6FhWZJpMIdz833-LCvPIf-f_A", Content-Length:"2"]
             Body = {}
    Session Attrs = {}

Handler:
             Type = org.springframework.web.servlet.resource.ResourceHttpRequestHandler

Async:
    Async started = false
     Async result = null

Resolved Exception:
             Type = org.springframework.web.servlet.resource.NoResourceFoundException

ModelAndView:
        View name = null
             View = null
            Model = null

FlashMap:
       Attributes = null

MockHttpServletResponse:
           Status = 404
    Error message = No static resource v1/matchmaking/casual.
          Headers = [X-Content-Type-Options:"nosniff", X-XSS-Protection:"0", Cache-Control:"no-cache, no-store, max-age=0, must-revalidate", Pragma:"no-cache", Expires:"0", X-Frame-Options:"DENY"]
     Content type = null
             Body = 
    Forwarded URL = null
   Redirected URL = null
          Cookies = []
[ERROR] Tests run: 2, Failures: 2, Errors: 0, Skipped: 0, Time elapsed: 32.23 s <<< FAILURE! -- in com.nomadgames.session.CasualRematchIT
[ERROR] com.nomadgames.session.CasualRematchIT.casualRematchRequiresSeat -- Time elapsed: 0.088 s <<< FAILURE!
java.lang.AssertionError: Status expected:<200> but was:<404>
	at org.springframework.test.util.AssertionErrors.fail(AssertionErrors.java:62)
	at org.springframework.test.util.AssertionErrors.assertEquals(AssertionErrors.java:129)
	at org.springframework.test.web.servlet.result.StatusResultMatchers.lambda$matcher$0(StatusResultMatchers.java:600)
	at org.springframework.test.web.servlet.MockMvc$1.andExpect(MockMvc.java:212)
	at com.nomadgames.session.CasualRematchIT.finishCasualViaLeave(CasualRematchIT.java:92)
	at com.nomadgames.session.CasualRematchIT.casualRematchRequiresSeat(CasualRematchIT.java:73)

[ERROR] com.nomadgames.session.CasualRematchIT.casualRematchCreatesCasualMatch -- Time elapsed: 0.071 s <<< FAILURE!
java.lang.AssertionError: Status expected:<200> but was:<404>
	at org.springframework.test.util.AssertionErrors.fail(AssertionErrors.java:62)
	at org.springframework.test.util.AssertionErrors.assertEquals(AssertionErrors.java:129)
	at org.springframework.test.web.servlet.result.StatusResultMatchers.lambda$matcher$0(StatusResultMatchers.java:600)
	at org.springframework.test.web.servlet.MockMvc$1.andExpect(MockMvc.java:212)
	at com.nomadgames.session.CasualRematchIT.finishCasualViaLeave(CasualRematchIT.java:92)
	at com.nomadgames.session.CasualRematchIT.casualRematchCreatesCasualMatch(CasualRematchIT.java:44)

[INFO] Running com.nomadgames.session.ReconnectIT
2026-09-11T15:20:52.423+05:00  INFO 31148 --- [nomad-games] [           main] tc.postgres:18                           : Creating container for image: postgres:18
2026-09-11T15:20:52.535+05:00  INFO 31148 --- [nomad-games] [           main] tc.postgres:18                           : Container postgres:18 is starting: 356410e811efba4edb588286a241ea5207c00272112646f88f7d87b58d85eaca
2026-09-11T15:20:52.845+05:00  WARN 31148 --- [nomad-games] [   scheduling-1] com.zaxxer.hikari.pool.PoolBase          : HikariPool-3 - Failed to validate connection org.postgresql.jdbc.PgConnection@2899f9e9 (Соединение закрыто.). Possibly consider using a shorter maxLifetime value.
2026-09-11T15:20:52.848+05:00  WARN 31148 --- [nomad-games] [   scheduling-1] com.zaxxer.hikari.pool.PoolBase          : HikariPool-3 - Failed to validate connection org.postgresql.jdbc.PgConnection@4cbf1115 (Соединение закрыто.). Possibly consider using a shorter maxLifetime value.
2026-09-11T15:20:52.849+05:00  WARN 31148 --- [nomad-games] [   scheduling-1] com.zaxxer.hikari.pool.PoolBase          : HikariPool-3 - Failed to validate connection org.postgresql.jdbc.PgConnection@53de6e9f (Соединение закрыто.). Possibly consider using a shorter maxLifetime value.
2026-09-11T15:20:52.850+05:00  WARN 31148 --- [nomad-games] [   scheduling-1] com.zaxxer.hikari.pool.PoolBase          : HikariPool-3 - Failed to validate connection org.postgresql.jdbc.PgConnection@79b25d00 (Соединение закрыто.). Possibly consider using a shorter maxLifetime value.
2026-09-11T15:20:52.850+05:00  WARN 31148 --- [nomad-games] [   scheduling-1] com.zaxxer.hikari.pool.PoolBase          : HikariPool-3 - Failed to validate connection org.postgresql.jdbc.PgConnection@4382f375 (Соединение закрыто.). Possibly consider using a shorter maxLifetime value.
2026-09-11T15:20:52.852+05:00  WARN 31148 --- [nomad-games] [   scheduling-1] com.zaxxer.hikari.pool.PoolBase          : HikariPool-3 - Failed to validate connection org.postgresql.jdbc.PgConnection@778175a9 (Соединение закрыто.). Possibly consider using a shorter maxLifetime value.
2026-09-11T15:20:52.853+05:00  WARN 31148 --- [nomad-games] [   scheduling-1] com.zaxxer.hikari.pool.PoolBase          : HikariPool-3 - Failed to validate connection org.postgresql.jdbc.PgConnection@570b4750 (Соединение закрыто.). Possibly consider using a shorter maxLifetime value.
2026-09-11T15:20:52.853+05:00  WARN 31148 --- [nomad-games] [   scheduling-1] com.zaxxer.hikari.pool.PoolBase          : HikariPool-3 - Failed to validate connection org.postgresql.jdbc.PgConnection@3c3a4aec (Соединение закрыто.). Possibly consider using a shorter maxLifetime value.
2026-09-11T15:20:52.854+05:00  WARN 31148 --- [nomad-games] [   scheduling-1] com.zaxxer.hikari.pool.PoolBase          : HikariPool-3 - Failed to validate connection org.postgresql.jdbc.PgConnection@68770f45 (Соединение закрыто.). Possibly consider using a shorter maxLifetime value.
2026-09-11T15:20:52.855+05:00  WARN 31148 --- [nomad-games] [   scheduling-1] com.zaxxer.hikari.pool.PoolBase          : HikariPool-3 - Failed to validate connection org.postgresql.jdbc.PgConnection@142713df (Соединение закрыто.). Possibly consider using a shorter maxLifetime value.
2026-09-11T15:20:54.103+05:00  INFO 31148 --- [nomad-games] [           main] tc.postgres:18                           : Container postgres:18 started in PT1.6798074S
2026-09-11T15:20:54.103+05:00  INFO 31148 --- [nomad-games] [           main] tc.postgres:18                           : Container is started (JDBC URL: jdbc:postgresql://localhost:60609/test?loggerLevel=OFF)
2026-09-11T15:21:20.613+05:00  WARN 31148 --- [nomad-games] [onnection-adder] com.zaxxer.hikari.pool.PoolBase          : HikariPool-2 - Pool is empty, failed to create/setup connection (12079f81-9424-4950-b188-21b6e6c05492)

org.postgresql.util.PSQLException: Подключение по адресу localhost:57335 отклонено. Проверьте, что хост и порт указаны правильно и что postmaster принимает TCP/IP-соединения.
	at org.postgresql.core.v3.ConnectionFactoryImpl.openConnectionImpl(ConnectionFactoryImpl.java:427) ~[postgresql-42.7.13.jar:42.7.13]
	at org.postgresql.core.ConnectionFactory.openConnection(ConnectionFactory.java:52) ~[postgresql-42.7.13.jar:42.7.13]
	at org.postgresql.jdbc.PgConnection.<init>(PgConnection.java:295) ~[postgresql-42.7.13.jar:42.7.13]
	at org.postgresql.Driver.makeConnection(Driver.java:437) ~[postgresql-42.7.13.jar:42.7.13]
	at org.postgresql.Driver.connect(Driver.java:305) ~[postgresql-42.7.13.jar:42.7.13]
	at com.zaxxer.hikari.util.DriverDataSource.getConnection(DriverDataSource.java:144) ~[HikariCP-7.0.2.jar:na]
	at com.zaxxer.hikari.pool.PoolBase.newConnection(PoolBase.java:373) ~[HikariCP-7.0.2.jar:na]
	at com.zaxxer.hikari.pool.PoolBase.newPoolEntry(PoolBase.java:210) ~[HikariCP-7.0.2.jar:na]
	at com.zaxxer.hikari.pool.HikariPool.createPoolEntry(HikariPool.java:488) ~[HikariCP-7.0.2.jar:na]
	at com.zaxxer.hikari.pool.HikariPool$PoolEntryCreator.call(HikariPool.java:752) ~[HikariCP-7.0.2.jar:na]
	at com.zaxxer.hikari.pool.HikariPool$PoolEntryCreator.call(HikariPool.java:731) ~[HikariCP-7.0.2.jar:na]
	at java.base/java.util.concurrent.FutureTask.run(FutureTask.java:317) ~[na:na]
	at java.base/java.util.concurrent.ThreadPoolExecutor.runWorker(ThreadPoolExecutor.java:1144) ~[na:na]
	at java.base/java.util.concurrent.ThreadPoolExecutor$Worker.run(ThreadPoolExecutor.java:642) ~[na:na]
	at java.base/java.lang.Thread.run(Thread.java:1583) ~[na:na]
Caused by: java.net.ConnectException: Connection refused: getsockopt
	at java.base/sun.nio.ch.Net.pollConnect(Native Method) ~[na:na]
	at java.base/sun.nio.ch.Net.pollConnectNow(Net.java:694) ~[na:na]
	at java.base/sun.nio.ch.NioSocketImpl.timedFinishConnect(NioSocketImpl.java:542) ~[na:na]
	at java.base/sun.nio.ch.NioSocketImpl.connect(NioSocketImpl.java:592) ~[na:na]
	at java.base/java.net.SocksSocketImpl.connect(SocksSocketImpl.java:327) ~[na:na]
	at java.base/java.net.Socket.connect(Socket.java:751) ~[na:na]
	at org.postgresql.core.PGStream.createSocket(PGStream.java:270) ~[postgresql-42.7.13.jar:42.7.13]
	at org.postgresql.core.PGStream.<init>(PGStream.java:131) ~[postgresql-42.7.13.jar:42.7.13]
	at org.postgresql.core.v3.ConnectionFactoryImpl.tryConnect(ConnectionFactoryImpl.java:221) ~[postgresql-42.7.13.jar:42.7.13]
	at org.postgresql.core.v3.ConnectionFactoryImpl.openConnectionImpl(ConnectionFactoryImpl.java:367) ~[postgresql-42.7.13.jar:42.7.13]
	... 14 common frames omitted

2026-09-11T15:21:22.853+05:00  WARN 31148 --- [nomad-games] [   scheduling-1] org.hibernate.orm.jdbc.error             : HHH000247: ErrorCode: 0, SQLState: 08001
2026-09-11T15:21:22.853+05:00  WARN 31148 --- [nomad-games] [   scheduling-1] org.hibernate.orm.jdbc.error             : HikariPool-3 - Connection is not available, request timed out after 30008ms (total=0, active=0, idle=0, waiting=0)
2026-09-11T15:21:22.853+05:00  WARN 31148 --- [nomad-games] [   scheduling-1] org.hibernate.orm.jdbc.error             : HHH000247: ErrorCode: 0, SQLState: 08001
2026-09-11T15:21:22.853+05:00  WARN 31148 --- [nomad-games] [   scheduling-1] org.hibernate.orm.jdbc.error             : HikariPool-3 - Connection is not available, request timed out after 30008ms (total=0, active=0, idle=0, waiting=0)
2026-09-11T15:21:22.854+05:00 ERROR 31148 --- [nomad-games] [   scheduling-1] o.s.s.s.TaskUtils$LoggingErrorHandler    : Unexpected error occurred in scheduled task

org.springframework.transaction.CannotCreateTransactionException: Could not open JPA EntityManager for transaction
	at org.springframework.orm.jpa.JpaTransactionManager.doBegin(JpaTransactionManager.java:457) ~[spring-orm-7.0.9.jar:7.0.9]
	at org.springframework.transaction.support.AbstractPlatformTransactionManager.startTransaction(AbstractPlatformTransactionManager.java:532) ~[spring-tx-7.0.9.jar:7.0.9]
	at org.springframework.transaction.support.AbstractPlatformTransactionManager.getTransaction(AbstractPlatformTransactionManager.java:405) ~[spring-tx-7.0.9.jar:7.0.9]
	at org.springframework.transaction.interceptor.TransactionAspectSupport.createTransactionIfNecessary(TransactionAspectSupport.java:628) ~[spring-tx-7.0.9.jar:7.0.9]
	at org.springframework.transaction.interceptor.TransactionAspectSupport.invokeWithinTransaction(TransactionAspectSupport.java:365) ~[spring-tx-7.0.9.jar:7.0.9]
	at org.springframework.transaction.interceptor.TransactionInterceptor.invoke(TransactionInterceptor.java:130) ~[spring-tx-7.0.9.jar:7.0.9]
	at org.springframework.aop.framework.ReflectiveMethodInvocation.proceed(ReflectiveMethodInvocation.java:179) ~[spring-aop-7.0.9.jar:7.0.9]
	at org.springframework.aop.framework.CglibAopProxy$DynamicAdvisedInterceptor.intercept(CglibAopProxy.java:719) ~[spring-aop-7.0.9.jar:7.0.9]
	at com.nomadgames.session.MatchService$$SpringCGLIB$$0.expireReconnectGraces(<generated>) ~[classes/:na]
	at java.base/jdk.internal.reflect.DirectMethodHandleAccessor.invoke(DirectMethodHandleAccessor.java:103) ~[na:na]
	at java.base/java.lang.reflect.Method.invoke(Method.java:580) ~[na:na]
	at org.springframework.scheduling.support.ScheduledMethodRunnable.runInternal(ScheduledMethodRunnable.java:128) ~[spring-context-7.0.9.jar:7.0.9]
	at org.springframework.scheduling.support.ScheduledMethodRunnable.lambda$run$1(ScheduledMethodRunnable.java:122) ~[spring-context-7.0.9.jar:7.0.9]
	at io.micrometer.observation.Observation.observe(Observation.java:569) ~[micrometer-observation-1.17.1.jar:1.17.1]
	at org.springframework.scheduling.support.ScheduledMethodRunnable.run(ScheduledMethodRunnable.java:122) ~[spring-context-7.0.9.jar:7.0.9]
	at org.springframework.scheduling.config.Task$OutcomeTrackingRunnable.run(Task.java:88) ~[spring-context-7.0.9.jar:7.0.9]
	at org.springframework.scheduling.support.DelegatingErrorHandlingRunnable.run(DelegatingErrorHandlingRunnable.java:54) ~[spring-context-7.0.9.jar:7.0.9]
	at java.base/java.util.concurrent.Executors$RunnableAdapter.call(Executors.java:572) ~[na:na]
	at java.base/java.util.concurrent.FutureTask.runAndReset(FutureTask.java:358) ~[na:na]
	at java.base/java.util.concurrent.ScheduledThreadPoolExecutor$ScheduledFutureTask.run(ScheduledThreadPoolExecutor.java:305) ~[na:na]
	at java.base/java.util.concurrent.ThreadPoolExecutor.runWorker(ThreadPoolExecutor.java:1144) ~[na:na]
	at java.base/java.util.concurrent.ThreadPoolExecutor$Worker.run(ThreadPoolExecutor.java:642) ~[na:na]
	at java.base/java.lang.Thread.run(Thread.java:1583) ~[na:na]
Caused by: org.hibernate.exception.JDBCConnectionException: Unable to acquire JDBC Connection [HikariPool-3 - Connection is not available, request timed out after 30008ms (total=0, active=0, idle=0, waiting=0)] [n/a]
	at org.hibernate.exception.internal.SQLExceptionTypeDelegate.convert(SQLExceptionTypeDelegate.java:49) ~[hibernate-core-7.4.5.Final.jar:7.4.5.Final]
	at org.hibernate.exception.internal.StandardSQLExceptionConverter.convert(StandardSQLExceptionConverter.java:34) ~[hibernate-core-7.4.5.Final.jar:7.4.5.Final]
	at org.hibernate.engine.jdbc.spi.SqlExceptionHelper.convert(SqlExceptionHelper.java:115) ~[hibernate-core-7.4.5.Final.jar:7.4.5.Final]
	at org.hibernate.engine.jdbc.spi.SqlExceptionHelper.convert(SqlExceptionHelper.java:101) ~[hibernate-core-7.4.5.Final.jar:7.4.5.Final]
	at org.hibernate.resource.jdbc.internal.LogicalConnectionManagedImpl.acquire(LogicalConnectionManagedImpl.java:190) ~[hibernate-core-7.4.5.Final.jar:7.4.5.Final]
	at org.hibernate.resource.jdbc.internal.LogicalConnectionManagedImpl.acquireConnectionIfNeeded(LogicalConnectionManagedImpl.java:87) ~[hibernate-core-7.4.5.Final.jar:7.4.5.Final]
	at org.hibernate.resource.jdbc.internal.LogicalConnectionManagedImpl.getPhysicalConnection(LogicalConnectionManagedImpl.java:126) ~[hibernate-core-7.4.5.Final.jar:7.4.5.Final]
	at org.hibernate.resource.jdbc.internal.LogicalConnectionManagedImpl.getConnectionForTransactionManagement(LogicalConnectionManagedImpl.java:281) ~[hibernate-core-7.4.5.Final.jar:7.4.5.Final]
	at org.hibernate.resource.jdbc.internal.LogicalConnectionManagedImpl.begin(LogicalConnectionManagedImpl.java:290) ~[hibernate-core-7.4.5.Final.jar:7.4.5.Final]
	at org.hibernate.resource.transaction.backend.jdbc.internal.JdbcResourceLocalTransactionCoordinatorImpl$TransactionDriverControlImpl.begin(JdbcResourceLocalTransactionCoordinatorImpl.java:226) ~[hibernate-core-7.4.5.Final.jar:7.4.5.Final]
	at org.hibernate.engine.transaction.internal.TransactionImpl.begin(TransactionImpl.java:75) ~[hibernate-core-7.4.5.Final.jar:7.4.5.Final]
	at org.springframework.orm.jpa.vendor.HibernateJpaDialect.beginTransaction(HibernateJpaDialect.java:147) ~[spring-orm-7.0.9.jar:7.0.9]
	at org.springframework.orm.jpa.JpaTransactionManager.doBegin(JpaTransactionManager.java:411) ~[spring-orm-7.0.9.jar:7.0.9]
	... 22 common frames omitted
Caused by: java.sql.SQLTransientConnectionException: HikariPool-3 - Connection is not available, request timed out after 30008ms (total=0, active=0, idle=0, waiting=0)
	at com.zaxxer.hikari.pool.HikariPool.createTimeoutException(HikariPool.java:714) ~[HikariCP-7.0.2.jar:na]
	at com.zaxxer.hikari.pool.HikariPool.getConnection(HikariPool.java:184) ~[HikariCP-7.0.2.jar:na]
	at com.zaxxer.hikari.pool.HikariPool.getConnection(HikariPool.java:142) ~[HikariCP-7.0.2.jar:na]
	at com.zaxxer.hikari.HikariDataSource.getConnection(HikariDataSource.java:127) ~[HikariCP-7.0.2.jar:na]
	at org.hibernate.engine.jdbc.connections.internal.DataSourceConnectionProvider.getConnection(DataSourceConnectionProvider.java:149) ~[hibernate-core-7.4.5.Final.jar:7.4.5.Final]
	at org.hibernate.internal.NonContextualJdbcConnectionAccess.obtainConnection(NonContextualJdbcConnectionAccess.java:62) ~[hibernate-core-7.4.5.Final.jar:7.4.5.Final]
	at org.hibernate.resource.jdbc.internal.LogicalConnectionManagedImpl.acquire(LogicalConnectionManagedImpl.java:187) ~[hibernate-core-7.4.5.Final.jar:7.4.5.Final]
	... 30 common frames omitted
Caused by: org.postgresql.util.PSQLException: Подключение по адресу localhost:57370 отклонено. Проверьте, что хост и порт указаны правильно и что postmaster принимает TCP/IP-соединения.
	at org.postgresql.core.v3.ConnectionFactoryImpl.openConnectionImpl(ConnectionFactoryImpl.java:427) ~[postgresql-42.7.13.jar:42.7.13]
	at org.postgresql.core.ConnectionFactory.openConnection(ConnectionFactory.java:52) ~[postgresql-42.7.13.jar:42.7.13]
	at org.postgresql.jdbc.PgConnection.<init>(PgConnection.java:295) ~[postgresql-42.7.13.jar:42.7.13]
	at org.postgresql.Driver.makeConnection(Driver.java:437) ~[postgresql-42.7.13.jar:42.7.13]
	at org.postgresql.Driver.connect(Driver.java:305) ~[postgresql-42.7.13.jar:42.7.13]
	at com.zaxxer.hikari.util.DriverDataSource.getConnection(DriverDataSource.java:144) ~[HikariCP-7.0.2.jar:na]
	at com.zaxxer.hikari.pool.PoolBase.newConnection(PoolBase.java:373) ~[HikariCP-7.0.2.jar:na]
	at com.zaxxer.hikari.pool.PoolBase.newPoolEntry(PoolBase.java:210) ~[HikariCP-7.0.2.jar:na]
	at com.zaxxer.hikari.pool.HikariPool.createPoolEntry(HikariPool.java:488) ~[HikariCP-7.0.2.jar:na]
	at com.zaxxer.hikari.pool.HikariPool$PoolEntryCreator.call(HikariPool.java:752) ~[HikariCP-7.0.2.jar:na]
	at com.zaxxer.hikari.pool.HikariPool$PoolEntryCreator.call(HikariPool.java:731) ~[HikariCP-7.0.2.jar:na]
	at java.base/java.util.concurrent.FutureTask.run(FutureTask.java:317) ~[na:na]
	... 3 common frames omitted
Caused by: java.net.ConnectException: Connection refused: getsockopt
	at java.base/sun.nio.ch.Net.pollConnect(Native Method) ~[na:na]
	at java.base/sun.nio.ch.Net.pollConnectNow(Net.java:694) ~[na:na]
	at java.base/sun.nio.ch.NioSocketImpl.timedFinishConnect(NioSocketImpl.java:542) ~[na:na]
	at java.base/sun.nio.ch.NioSocketImpl.connect(NioSocketImpl.java:592) ~[na:na]
	at java.base/java.net.SocksSocketImpl.connect(SocksSocketImpl.java:327) ~[na:na]
	at java.base/java.net.Socket.connect(Socket.java:751) ~[na:na]
	at org.postgresql.core.PGStream.createSocket(PGStream.java:270) ~[postgresql-42.7.13.jar:42.7.13]
	at org.postgresql.core.PGStream.<init>(PGStream.java:131) ~[postgresql-42.7.13.jar:42.7.13]
	at org.postgresql.core.v3.ConnectionFactoryImpl.tryConnect(ConnectionFactoryImpl.java:221) ~[postgresql-42.7.13.jar:42.7.13]
	at org.postgresql.core.v3.ConnectionFactoryImpl.openConnectionImpl(ConnectionFactoryImpl.java:367) ~[postgresql-42.7.13.jar:42.7.13]
	... 14 common frames omitted


  .   ____          _            __ _ _
 /\\ / ___'_ __ _ _(_)_ __  __ _ \ \ \ \
( ( )\___ | '_ | '_| | '_ \/ _` | \ \ \ \
 \\/  ___)| |_)| | | | | || (_| |  ) ) ) )
  '  |____| .__|_| |_|_| |_\__, | / / / /
 =========|_|==============|___/=/_/_/_/

 :: Spring Boot ::                (v4.1.1)

2026-09-11T15:21:22.886+05:00  INFO 31148 --- [nomad-games] [           main] com.nomadgames.session.ReconnectIT       : Starting ReconnectIT using Java 21.0.11 with PID 31148 (started by sergei.elistratov in C:\Users\sergei.elistratov\Documents\проекты\nomad-game\backend)
2026-09-11T15:21:22.886+05:00  INFO 31148 --- [nomad-games] [           main] com.nomadgames.session.ReconnectIT       : No active profile set, falling back to 1 default profile: "default"
2026-09-11T15:21:23.154+05:00  INFO 31148 --- [nomad-games] [           main] .s.d.r.c.RepositoryConfigurationDelegate : Bootstrapping Spring Data JPA repositories in DEFAULT mode.
2026-09-11T15:21:23.185+05:00  INFO 31148 --- [nomad-games] [           main] .s.d.r.c.RepositoryConfigurationDelegate : Finished Spring Data repository scanning in 30 ms. Found 4 JPA repository interfaces.
2026-09-11T15:21:23.509+05:00  INFO 31148 --- [nomad-games] [           main] o.s.boot.tomcat.TomcatWebServer          : Tomcat initialized with port 0 (http)
2026-09-11T15:21:23.538+05:00  INFO 31148 --- [nomad-games] [           main] o.apache.catalina.core.StandardService   : Starting service [Tomcat]
2026-09-11T15:21:23.539+05:00  INFO 31148 --- [nomad-games] [           main] o.apache.catalina.core.StandardEngine    : Starting Servlet engine: [Apache Tomcat/11.0.24]
2026-09-11T15:21:23.648+05:00  INFO 31148 --- [nomad-games] [           main] b.w.c.s.WebApplicationContextInitializer : Root WebApplicationContext: initialization completed in 758 ms
2026-09-11T15:21:23.876+05:00  INFO 31148 --- [nomad-games] [           main] org.flywaydb.core.FlywayExecutor         : Database: jdbc:postgresql://localhost:60609/test?loggerLevel=OFF (PostgreSQL 18.6)
2026-09-11T15:21:23.908+05:00  INFO 31148 --- [nomad-games] [           main] o.f.c.i.s.JdbcTableSchemaHistory         : Schema history table "public"."flyway_schema_history" does not exist yet
2026-09-11T15:21:23.909+05:00  INFO 31148 --- [nomad-games] [           main] o.f.core.internal.command.DbValidate     : Successfully validated 8 migrations (execution time 00:00.010s)
2026-09-11T15:21:23.928+05:00  INFO 31148 --- [nomad-games] [           main] o.f.c.i.s.JdbcTableSchemaHistory         : Creating Schema History table "public"."flyway_schema_history" ...
2026-09-11T15:21:23.967+05:00  INFO 31148 --- [nomad-games] [           main] o.f.core.internal.command.DbMigrate      : Current version of schema "public": << Empty Schema >>
2026-09-11T15:21:23.972+05:00  INFO 31148 --- [nomad-games] [           main] o.f.core.internal.command.DbMigrate      : Migrating schema "public" to version "1 - identity"
2026-09-11T15:21:24.001+05:00  INFO 31148 --- [nomad-games] [           main] o.f.core.internal.command.DbMigrate      : Migrating schema "public" to version "2 - matches"
2026-09-11T15:21:24.022+05:00  INFO 31148 --- [nomad-games] [           main] o.f.core.internal.command.DbMigrate      : Migrating schema "public" to version "3 - rooms"
2026-09-11T15:21:24.043+05:00  INFO 31148 --- [nomad-games] [           main] o.f.core.internal.command.DbMigrate      : Migrating schema "public" to version "4 - match seats"
2026-09-11T15:21:24.064+05:00  INFO 31148 --- [nomad-games] [           main] o.f.core.internal.command.DbMigrate      : Migrating schema "public" to version "5 - reconnect tokens"
2026-09-11T15:21:24.083+05:00  INFO 31148 --- [nomad-games] [           main] o.f.core.internal.command.DbMigrate      : Migrating schema "public" to version "6 - room version"
2026-09-11T15:21:24.103+05:00  INFO 31148 --- [nomad-games] [           main] o.f.core.internal.command.DbMigrate      : Migrating schema "public" to version "7 - economy ledger shop"
2026-09-11T15:21:24.141+05:00  INFO 31148 --- [nomad-games] [           main] o.f.core.internal.command.DbMigrate      : Migrating schema "public" to version "8 - soft purchase sku unique"
2026-09-11T15:21:24.156+05:00  INFO 31148 --- [nomad-games] [           main] o.f.core.internal.command.DbMigrate      : Successfully applied 8 migrations to schema "public", now at version v8 (execution time 00:00.075s)
2026-09-11T15:21:24.185+05:00  INFO 31148 --- [nomad-games] [           main] org.hibernate.orm.jpa                    : HHH008540: Processing PersistenceUnitInfo [name: default]
2026-09-11T15:21:24.218+05:00  INFO 31148 --- [nomad-games] [           main] o.s.o.j.p.SpringPersistenceUnitInfo      : No LoadTimeWeaver setup: ignoring JPA class transformer
2026-09-11T15:21:24.219+05:00  INFO 31148 --- [nomad-games] [           main] com.zaxxer.hikari.HikariDataSource       : HikariPool-4 - Starting...
2026-09-11T15:21:24.238+05:00  INFO 31148 --- [nomad-games] [           main] com.zaxxer.hikari.pool.HikariPool        : HikariPool-4 - Added connection org.postgresql.jdbc.PgConnection@40b0b906
2026-09-11T15:21:24.238+05:00  INFO 31148 --- [nomad-games] [           main] com.zaxxer.hikari.HikariDataSource       : HikariPool-4 - Start completed.
2026-09-11T15:21:24.249+05:00  INFO 31148 --- [nomad-games] [           main] org.hibernate.orm.connections.pooling    : HHH10001005: Database info:
	Database JDBC URL [jdbc:postgresql://localhost:60609/test?loggerLevel=OFF]
	Database driver: PostgreSQL JDBC Driver
	Database dialect: PostgreSQLDialect
	Database version: 18.6
	Default catalog/schema: test/public
	Autocommit mode: undefined/unknown
	Isolation level: READ_COMMITTED [default READ_COMMITTED]
	JDBC fetch size: none
	Pool: DataSourceConnectionProvider
	Minimum pool size: undefined/unknown
	Maximum pool size: undefined/unknown
2026-09-11T15:21:24.341+05:00  INFO 31148 --- [nomad-games] [           main] org.hibernate.orm.core                   : HHH000489: No JTA platform available (set 'hibernate.transaction.jta.platform' to enable JTA platform integration)
2026-09-11T15:21:24.360+05:00  INFO 31148 --- [nomad-games] [           main] j.LocalContainerEntityManagerFactoryBean : Initialized JPA EntityManagerFactory for persistence unit 'default'
2026-09-11T15:21:24.609+05:00  INFO 31148 --- [nomad-games] [           main] o.a.c.c.C.[Tomcat].[localhost].[/]       : Initializing Spring TestDispatcherServlet ''
2026-09-11T15:21:24.609+05:00  INFO 31148 --- [nomad-games] [           main] o.s.t.web.servlet.TestDispatcherServlet  : Initializing Servlet ''
2026-09-11T15:21:24.613+05:00  INFO 31148 --- [nomad-games] [           main] o.s.b.a.e.web.EndpointLinksResolver      : Exposing 1 endpoint beneath base path '/actuator'
2026-09-11T15:21:24.618+05:00  INFO 31148 --- [nomad-games] [           main] o.s.t.web.servlet.TestDispatcherServlet  : Completed initialization in 8 ms
2026-09-11T15:21:24.675+05:00  INFO 31148 --- [nomad-games] [           main] o.s.boot.tomcat.TomcatWebServer          : Tomcat started on port 60661 (http) with context path '/'
2026-09-11T15:21:24.685+05:00  INFO 31148 --- [nomad-games] [           main] com.nomadgames.session.ReconnectIT       : Started ReconnectIT in 1.829 seconds (process running for 117.001)
2026-09-11T15:21:25.096+05:00  INFO 31148 --- [nomad-games] [o-auto-1-exec-1] o.a.c.c.C.[Tomcat].[localhost].[/]       : Initializing Spring DispatcherServlet 'dispatcherServlet'
2026-09-11T15:21:25.096+05:00  INFO 31148 --- [nomad-games] [o-auto-1-exec-1] o.s.web.servlet.DispatcherServlet        : Initializing Servlet 'dispatcherServlet'
2026-09-11T15:21:25.097+05:00  INFO 31148 --- [nomad-games] [o-auto-1-exec-1] o.s.web.servlet.DispatcherServlet        : Completed initialization in 1 ms

MockHttpServletRequest:
      HTTP Method = POST
      Request URI = /v1/identity/guest
       Parameters = {}
          Headers = [Content-Type:"application/json;charset=UTF-8", Content-Length:"2"]
             Body = {}
    Session Attrs = {}

Handler:
             Type = com.nomadgames.identity.GuestController
           Method = com.nomadgames.identity.GuestController#createGuest(HttpServletRequest)

Async:
    Async started = false
     Async result = null

Resolved Exception:
             Type = null

ModelAndView:
        View name = null
             View = null
            Model = null

FlashMap:
       Attributes = null

MockHttpServletResponse:
           Status = 201
    Error message = null
          Headers = [Content-Type:"application/json", X-Content-Type-Options:"nosniff", X-XSS-Protection:"0", Cache-Control:"no-cache, no-store, max-age=0, must-revalidate", Pragma:"no-cache", Expires:"0", X-Frame-Options:"DENY"]
     Content type = application/json
             Body = {"playerId":"c9129859-d53a-41fa-b518-68c282eb85ce","accessToken":"eyJraWQiOiJKR2U3VHBLalVQZmNlWFJBdjZ3a2FERndXV3ZDR18tVjY3SFNyb2NhRU04IiwidHlwIjoiSldUIiwiYWxnIjoiSFMyNTYifQ.eyJzdWIiOiJjOTEyOTg1OS1kNTNhLTQxZmEtYjUxOC02OGMyODJlYjg1Y2UiLCJndWVzdCI6dHJ1ZSwiZXhwIjoxNzg5MTIyOTg4LCJpYXQiOjE3ODkxMjIwODgsImp0aSI6IjEwZTQ2ODFlLWMzOWYtNDQ1ZS05MDk4LWVhYmIxMTJjYTgwNSJ9.LPyAWUSNE0LbF82Fheo6S3reWOTg0bnLYwFv1BsWmYQ","refreshToken":"wyic-J_SP_yTsanFw4dRGuajdodVrsmQv7X1q3mFv1o","guest":true}
    Forwarded URL = null
   Redirected URL = null
          Cookies = []

MockHttpServletRequest:
      HTTP Method = POST
      Request URI = /v1/identity/guest
       Parameters = {}
          Headers = [Content-Type:"application/json;charset=UTF-8", Content-Length:"2"]
             Body = {}
    Session Attrs = {}

Handler:
             Type = com.nomadgames.identity.GuestController
           Method = com.nomadgames.identity.GuestController#createGuest(HttpServletRequest)

Async:
    Async started = false
     Async result = null

Resolved Exception:
             Type = null

ModelAndView:
        View name = null
             View = null
            Model = null

FlashMap:
       Attributes = null

MockHttpServletResponse:
           Status = 201
    Error message = null
          Headers = [Content-Type:"application/json", X-Content-Type-Options:"nosniff", X-XSS-Protection:"0", Cache-Control:"no-cache, no-store, max-age=0, must-revalidate", Pragma:"no-cache", Expires:"0", X-Frame-Options:"DENY"]
     Content type = application/json
             Body = {"playerId":"15860441-912f-486f-9b1a-916ca05dbd6c","accessToken":"eyJraWQiOiJKR2U3VHBLalVQZmNlWFJBdjZ3a2FERndXV3ZDR18tVjY3SFNyb2NhRU04IiwidHlwIjoiSldUIiwiYWxnIjoiSFMyNTYifQ.eyJzdWIiOiIxNTg2MDQ0MS05MTJmLTQ4NmYtOWIxYS05MTZjYTA1ZGJkNmMiLCJndWVzdCI6dHJ1ZSwiZXhwIjoxNzg5MTIyOTg4LCJpYXQiOjE3ODkxMjIwODgsImp0aSI6IjE4MjdhODkzLTViODktNDlkMS1iYzA4LTYxNDdiMWY4MjIyZiJ9.8eEwj3zu0wECtDB0e5yQVsphr7JwcZ_vBjvFsBd7Z2Q","refreshToken":"CR_RX0VNWqEdVAjorKqCwAIxkEHWwlec99awkcO8VbM","guest":true}
    Forwarded URL = null
   Redirected URL = null
          Cookies = []

MockHttpServletRequest:
      HTTP Method = POST
      Request URI = /v1/matchmaking/casual
       Parameters = {}
          Headers = [Content-Type:"application/json;charset=UTF-8", Authorization:"Bearer eyJraWQiOiJKR2U3VHBLalVQZmNlWFJBdjZ3a2FERndXV3ZDR18tVjY3SFNyb2NhRU04IiwidHlwIjoiSldUIiwiYWxnIjoiSFMyNTYifQ.eyJzdWIiOiJjOTEyOTg1OS1kNTNhLTQxZmEtYjUxOC02OGMyODJlYjg1Y2UiLCJndWVzdCI6dHJ1ZSwiZXhwIjoxNzg5MTIyOTg4LCJpYXQiOjE3ODkxMjIwODgsImp0aSI6IjEwZTQ2ODFlLWMzOWYtNDQ1ZS05MDk4LWVhYmIxMTJjYTgwNSJ9.LPyAWUSNE0LbF82Fheo6S3reWOTg0bnLYwFv1BsWmYQ", Content-Length:"2"]
             Body = {}
    Session Attrs = {}

Handler:
             Type = org.springframework.web.servlet.resource.ResourceHttpRequestHandler

Async:
    Async started = false
     Async result = null

Resolved Exception:
             Type = org.springframework.web.servlet.resource.NoResourceFoundException

ModelAndView:
        View name = null
             View = null
            Model = null

FlashMap:
       Attributes = null

MockHttpServletResponse:
           Status = 404
    Error message = No static resource v1/matchmaking/casual.
          Headers = [X-Content-Type-Options:"nosniff", X-XSS-Protection:"0", Cache-Control:"no-cache, no-store, max-age=0, must-revalidate", Pragma:"no-cache", Expires:"0", X-Frame-Options:"DENY"]
     Content type = null
             Body = 
    Forwarded URL = null
   Redirected URL = null
          Cookies = []
2026-09-11T15:21:52.194+05:00  WARN 31148 --- [nomad-games] [onnection-adder] com.zaxxer.hikari.pool.PoolBase          : HikariPool-1 - Pool is empty, failed to create/setup connection (c8bc798b-dd3f-42ab-b25d-61f7ea54e572)

org.postgresql.util.PSQLException: Подключение по адресу localhost:57310 отклонено. Проверьте, что хост и порт указаны правильно и что postmaster принимает TCP/IP-соединения.
	at org.postgresql.core.v3.ConnectionFactoryImpl.openConnectionImpl(ConnectionFactoryImpl.java:427) ~[postgresql-42.7.13.jar:42.7.13]
	at org.postgresql.core.ConnectionFactory.openConnection(ConnectionFactory.java:52) ~[postgresql-42.7.13.jar:42.7.13]
	at org.postgresql.jdbc.PgConnection.<init>(PgConnection.java:295) ~[postgresql-42.7.13.jar:42.7.13]
	at org.postgresql.Driver.makeConnection(Driver.java:437) ~[postgresql-42.7.13.jar:42.7.13]
	at org.postgresql.Driver.connect(Driver.java:305) ~[postgresql-42.7.13.jar:42.7.13]
	at com.zaxxer.hikari.util.DriverDataSource.getConnection(DriverDataSource.java:144) ~[HikariCP-7.0.2.jar:na]
	at com.zaxxer.hikari.pool.PoolBase.newConnection(PoolBase.java:373) ~[HikariCP-7.0.2.jar:na]
	at com.zaxxer.hikari.pool.PoolBase.newPoolEntry(PoolBase.java:210) ~[HikariCP-7.0.2.jar:na]
	at com.zaxxer.hikari.pool.HikariPool.createPoolEntry(HikariPool.java:488) ~[HikariCP-7.0.2.jar:na]
	at com.zaxxer.hikari.pool.HikariPool$PoolEntryCreator.call(HikariPool.java:752) ~[HikariCP-7.0.2.jar:na]
	at com.zaxxer.hikari.pool.HikariPool$PoolEntryCreator.call(HikariPool.java:731) ~[HikariCP-7.0.2.jar:na]
	at java.base/java.util.concurrent.FutureTask.run(FutureTask.java:317) ~[na:na]
	at java.base/java.util.concurrent.ThreadPoolExecutor.runWorker(ThreadPoolExecutor.java:1144) ~[na:na]
	at java.base/java.util.concurrent.ThreadPoolExecutor$Worker.run(ThreadPoolExecutor.java:642) ~[na:na]
	at java.base/java.lang.Thread.run(Thread.java:1583) ~[na:na]
Caused by: java.net.ConnectException: Connection refused: getsockopt
	at java.base/sun.nio.ch.Net.pollConnect(Native Method) ~[na:na]
	at java.base/sun.nio.ch.Net.pollConnectNow(Net.java:694) ~[na:na]
	at java.base/sun.nio.ch.NioSocketImpl.timedFinishConnect(NioSocketImpl.java:542) ~[na:na]
	at java.base/sun.nio.ch.NioSocketImpl.connect(NioSocketImpl.java:592) ~[na:na]
	at java.base/java.net.SocksSocketImpl.connect(SocksSocketImpl.java:327) ~[na:na]
	at java.base/java.net.Socket.connect(Socket.java:751) ~[na:na]
	at org.postgresql.core.PGStream.createSocket(PGStream.java:270) ~[postgresql-42.7.13.jar:42.7.13]
	at org.postgresql.core.PGStream.<init>(PGStream.java:131) ~[postgresql-42.7.13.jar:42.7.13]
	at org.postgresql.core.v3.ConnectionFactoryImpl.tryConnect(ConnectionFactoryImpl.java:221) ~[postgresql-42.7.13.jar:42.7.13]
	at org.postgresql.core.v3.ConnectionFactoryImpl.openConnectionImpl(ConnectionFactoryImpl.java:367) ~[postgresql-42.7.13.jar:42.7.13]
	... 14 common frames omitted

2026-09-11T15:21:53.192+05:00  WARN 31148 --- [nomad-games] [onnection-adder] com.zaxxer.hikari.pool.PoolBase          : HikariPool-3 - Pool is empty, failed to create/setup connection (e170cf7e-1148-48f8-9d22-72cabf1eaa0b)

org.postgresql.util.PSQLException: Подключение по адресу localhost:57370 отклонено. Проверьте, что хост и порт указаны правильно и что postmaster принимает TCP/IP-соединения.
	at org.postgresql.core.v3.ConnectionFactoryImpl.openConnectionImpl(ConnectionFactoryImpl.java:427) ~[postgresql-42.7.13.jar:42.7.13]
	at org.postgresql.core.ConnectionFactory.openConnection(ConnectionFactory.java:52) ~[postgresql-42.7.13.jar:42.7.13]
	at org.postgresql.jdbc.PgConnection.<init>(PgConnection.java:295) ~[postgresql-42.7.13.jar:42.7.13]
	at org.postgresql.Driver.makeConnection(Driver.java:437) ~[postgresql-42.7.13.jar:42.7.13]
	at org.postgresql.Driver.connect(Driver.java:305) ~[postgresql-42.7.13.jar:42.7.13]
	at com.zaxxer.hikari.util.DriverDataSource.getConnection(DriverDataSource.java:144) ~[HikariCP-7.0.2.jar:na]
	at com.zaxxer.hikari.pool.PoolBase.newConnection(PoolBase.java:373) ~[HikariCP-7.0.2.jar:na]
	at com.zaxxer.hikari.pool.PoolBase.newPoolEntry(PoolBase.java:210) ~[HikariCP-7.0.2.jar:na]
	at com.zaxxer.hikari.pool.HikariPool.createPoolEntry(HikariPool.java:488) ~[HikariCP-7.0.2.jar:na]
	at com.zaxxer.hikari.pool.HikariPool$PoolEntryCreator.call(HikariPool.java:752) ~[HikariCP-7.0.2.jar:na]
	at com.zaxxer.hikari.pool.HikariPool$PoolEntryCreator.call(HikariPool.java:731) ~[HikariCP-7.0.2.jar:na]
	at java.base/java.util.concurrent.FutureTask.run(FutureTask.java:317) ~[na:na]
	at java.base/java.util.concurrent.ThreadPoolExecutor.runWorker(ThreadPoolExecutor.java:1144) ~[na:na]
	at java.base/java.util.concurrent.ThreadPoolExecutor$Worker.run(ThreadPoolExecutor.java:642) ~[na:na]
	at java.base/java.lang.Thread.run(Thread.java:1583) ~[na:na]
Caused by: java.net.ConnectException: Connection refused: getsockopt
	at java.base/sun.nio.ch.Net.pollConnect(Native Method) ~[na:na]
	at java.base/sun.nio.ch.Net.pollConnectNow(Net.java:694) ~[na:na]
	at java.base/sun.nio.ch.NioSocketImpl.timedFinishConnect(NioSocketImpl.java:542) ~[na:na]
	at java.base/sun.nio.ch.NioSocketImpl.connect(NioSocketImpl.java:592) ~[na:na]
	at java.base/java.net.SocksSocketImpl.connect(SocksSocketImpl.java:327) ~[na:na]
	at java.base/java.net.Socket.connect(Socket.java:751) ~[na:na]
	at org.postgresql.core.PGStream.createSocket(PGStream.java:270) ~[postgresql-42.7.13.jar:42.7.13]
	at org.postgresql.core.PGStream.<init>(PGStream.java:131) ~[postgresql-42.7.13.jar:42.7.13]
	at org.postgresql.core.v3.ConnectionFactoryImpl.tryConnect(ConnectionFactoryImpl.java:221) ~[postgresql-42.7.13.jar:42.7.13]
	at org.postgresql.core.v3.ConnectionFactoryImpl.openConnectionImpl(ConnectionFactoryImpl.java:367) ~[postgresql-42.7.13.jar:42.7.13]
	... 14 common frames omitted

[ERROR] Tests run: 7, Failures: 1, Errors: 0, Skipped: 0, Time elapsed: 72.17 s <<< FAILURE! -- in com.nomadgames.session.ReconnectIT
[ERROR] com.nomadgames.session.ReconnectIT.casualRejoinWithinGrace -- Time elapsed: 0.062 s <<< FAILURE!
java.lang.AssertionError: Status expected:<200> but was:<404>
	at org.springframework.test.util.AssertionErrors.fail(AssertionErrors.java:62)
	at org.springframework.test.util.AssertionErrors.assertEquals(AssertionErrors.java:129)
	at org.springframework.test.web.servlet.result.StatusResultMatchers.lambda$matcher$0(StatusResultMatchers.java:600)
	at org.springframework.test.web.servlet.MockMvc$1.andExpect(MockMvc.java:212)
	at com.nomadgames.session.ReconnectIT.bothReadyCasual(ReconnectIT.java:396)
	at com.nomadgames.session.ReconnectIT.casualRejoinWithinGrace(ReconnectIT.java:246)

2026-09-11T15:22:04.609+05:00  INFO 31148 --- [nomad-games] [ionShutdownHook] j.LocalContainerEntityManagerFactoryBean : Closing JPA EntityManagerFactory for persistence unit 'default'
2026-09-11T15:22:04.612+05:00  INFO 31148 --- [nomad-games] [ionShutdownHook] com.zaxxer.hikari.HikariDataSource       : HikariPool-1 - Shutdown initiated...
2026-09-11T15:22:04.686+05:00  WARN 31148 --- [nomad-games] [   scheduling-1] com.zaxxer.hikari.pool.ProxyConnection   : HikariPool-4 - Connection org.postgresql.jdbc.PgConnection@b4ac5eb marked as broken because of SQLSTATE(08006), ErrorCode(0)

org.postgresql.util.PSQLException: Ошибка ввода/вывода при отправке бэкенду.
	at org.postgresql.core.v3.QueryExecutorImpl.execute(QueryExecutorImpl.java:474) ~[postgresql-42.7.13.jar:42.7.13]
	at org.postgresql.jdbc.PgStatement.executeInternal(PgStatement.java:533) ~[postgresql-42.7.13.jar:42.7.13]
	at org.postgresql.jdbc.PgStatement.execute(PgStatement.java:449) ~[postgresql-42.7.13.jar:42.7.13]
	at org.postgresql.jdbc.PgPreparedStatement.executeWithFlags(PgPreparedStatement.java:197) ~[postgresql-42.7.13.jar:42.7.13]
	at org.postgresql.jdbc.PgPreparedStatement.executeQuery(PgPreparedStatement.java:140) ~[postgresql-42.7.13.jar:42.7.13]
	at com.zaxxer.hikari.pool.ProxyPreparedStatement.executeQuery(ProxyPreparedStatement.java:52) ~[HikariCP-7.0.2.jar:na]
	at com.zaxxer.hikari.pool.HikariProxyPreparedStatement.executeQuery(HikariProxyPreparedStatement.java) ~[HikariCP-7.0.2.jar:na]
	at org.hibernate.sql.results.jdbc.internal.DeferredResultSetAccess.executeQuery(DeferredResultSetAccess.java:269) ~[hibernate-core-7.4.5.Final.jar:7.4.5.Final]
	at org.hibernate.sql.results.jdbc.internal.DeferredResultSetAccess.getResultSet(DeferredResultSetAccess.java:188) ~[hibernate-core-7.4.5.Final.jar:7.4.5.Final]
	at org.hibernate.sql.results.jdbc.internal.JdbcValuesResultSetImpl.<init>(JdbcValuesResultSetImpl.java:71) ~[hibernate-core-7.4.5.Final.jar:7.4.5.Final]
	at org.hibernate.sql.exec.internal.JdbcSelectExecutorStandardImpl.resolveJdbcValues(JdbcSelectExecutorStandardImpl.java:422) ~[hibernate-core-7.4.5.Final.jar:7.4.5.Final]
	at org.hibernate.sql.exec.internal.JdbcSelectExecutorStandardImpl.resolveJdbcValuesSource(JdbcSelectExecutorStandardImpl.java:349) ~[hibernate-core-7.4.5.Final.jar:7.4.5.Final]
	at org.hibernate.sql.exec.internal.JdbcSelectExecutorStandardImpl.doExecuteQuery(JdbcSelectExecutorStandardImpl.java:143) ~[hibernate-core-7.4.5.Final.jar:7.4.5.Final]
	at org.hibernate.sql.exec.internal.JdbcSelectExecutorStandardImpl.executeQuery(JdbcSelectExecutorStandardImpl.java:100) ~[hibernate-core-7.4.5.Final.jar:7.4.5.Final]
	at org.hibernate.sql.exec.spi.JdbcSelectExecutor.executeQuery(JdbcSelectExecutor.java:63) ~[hibernate-core-7.4.5.Final.jar:7.4.5.Final]
	at org.hibernate.sql.exec.spi.JdbcSelectExecutor.list(JdbcSelectExecutor.java:137) ~[hibernate-core-7.4.5.Final.jar:7.4.5.Final]
	at org.hibernate.query.sqm.internal.ConcreteSqmSelectQueryPlan.lambda$new$1(ConcreteSqmSelectQueryPlan.java:136) ~[hibernate-core-7.4.5.Final.jar:7.4.5.Final]
	at org.hibernate.query.sqm.internal.ConcreteSqmSelectQueryPlan.withCacheableSqmInterpretation(ConcreteSqmSelectQueryPlan.java:484) ~[hibernate-core-7.4.5.Final.jar:7.4.5.Final]
	at org.hibernate.query.sqm.internal.ConcreteSqmSelectQueryPlan.performList(ConcreteSqmSelectQueryPlan.java:411) ~[hibernate-core-7.4.5.Final.jar:7.4.5.Final]
	at org.hibernate.query.sqm.internal.SqmQueryImpl.doList(SqmQueryImpl.java:379) ~[hibernate-core-7.4.5.Final.jar:7.4.5.Final]
	at org.hibernate.query.spi.AbstractSelectionQuery.list(AbstractSelectionQuery.java:153) ~[hibernate-core-7.4.5.Final.jar:7.4.5.Final]
	at org.hibernate.query.Query.getResultList(Query.java:121) ~[hibernate-core-7.4.5.Final.jar:7.4.5.Final]
	at org.springframework.data.jpa.repository.query.JpaQueryExecution$CollectionExecution.doExecute(JpaQueryExecution.java:141) ~[spring-data-jpa-4.1.1.jar:4.1.1]
	at org.springframework.data.jpa.repository.query.JpaQueryExecution.execute(JpaQueryExecution.java:100) ~[spring-data-jpa-4.1.1.jar:4.1.1]
	at org.springframework.data.jpa.repository.query.AbstractJpaQuery.doExecute(AbstractJpaQuery.java:166) ~[spring-data-jpa-4.1.1.jar:4.1.1]
	at org.springframework.data.jpa.repository.query.AbstractJpaQuery.execute(AbstractJpaQuery.java:156) ~[spring-data-jpa-4.1.1.jar:4.1.1]
	at org.springframework.data.repository.core.support.RepositoryMethodInvoker.doInvoke(RepositoryMethodInvoker.java:169) ~[spring-data-commons-4.1.1.jar:4.1.1]
	at org.springframework.data.repository.core.support.RepositoryMethodInvoker.invoke(RepositoryMethodInvoker.java:158) ~[spring-data-commons-4.1.1.jar:4.1.1]
	at org.springframework.data.repository.core.support.QueryExecutorMethodInterceptor.doInvoke(QueryExecutorMethodInterceptor.java:167) ~[spring-data-commons-4.1.1.jar:4.1.1]
	at org.springframework.data.repository.core.support.QueryExecutorMethodInterceptor.invoke(QueryExecutorMethodInterceptor.java:146) ~[spring-data-commons-4.1.1.jar:4.1.1]
	at org.springframework.aop.framework.ReflectiveMethodInvocation.proceed(ReflectiveMethodInvocation.java:179) ~[spring-aop-7.0.9.jar:7.0.9]
	at org.springframework.data.projection.DefaultMethodInvokingMethodInterceptor.invoke(DefaultMethodInvokingMethodInterceptor.java:69) ~[spring-data-commons-4.1.1.jar:4.1.1]
	at org.springframework.aop.framework.ReflectiveMethodInvocation.proceed(ReflectiveMethodInvocation.java:179) ~[spring-aop-7.0.9.jar:7.0.9]
	at org.springframework.transaction.interceptor.TransactionInterceptor$1.proceedWithInvocation(TransactionInterceptor.java:133) ~[spring-tx-7.0.9.jar:7.0.9]
	at org.springframework.transaction.interceptor.TransactionAspectSupport.invokeWithinTransaction(TransactionAspectSupport.java:371) ~[spring-tx-7.0.9.jar:7.0.9]
	at org.springframework.transaction.interceptor.TransactionInterceptor.invoke(TransactionInterceptor.java:130) ~[spring-tx-7.0.9.jar:7.0.9]
	at org.springframework.aop.framework.ReflectiveMethodInvocation.proceed(ReflectiveMethodInvocation.java:179) ~[spring-aop-7.0.9.jar:7.0.9]
	at org.springframework.dao.support.PersistenceExceptionTranslationInterceptor.invoke(PersistenceExceptionTranslationInterceptor.java:135) ~[spring-tx-7.0.9.jar:7.0.9]
	at org.springframework.aop.framework.ReflectiveMethodInvocation.proceed(ReflectiveMethodInvocation.java:179) ~[spring-aop-7.0.9.jar:7.0.9]
	at org.springframework.data.jpa.repository.support.CrudMethodMetadataPostProcessor$CrudMethodMetadataPopulatingMethodInterceptor.invoke(CrudMethodMetadataPostProcessor.java:137) ~[spring-data-jpa-4.1.1.jar:4.1.1]
	at org.springframework.aop.framework.ReflectiveMethodInvocation.proceed(ReflectiveMethodInvocation.java:179) ~[spring-aop-7.0.9.jar:7.0.9]
	at org.springframework.aop.framework.JdkDynamicAopProxy.invoke(JdkDynamicAopProxy.java:222) ~[spring-aop-7.0.9.jar:7.0.9]
	at jdk.proxy2/jdk.proxy2.$Proxy199.findByStatusAndIdleExpiresAtBefore(Unknown Source) ~[na:na]
	at com.nomadgames.matchmaking.RoomService.lambda$closeExpiredLobbies$7(RoomService.java:151) ~[classes/:na]
	at org.springframework.transaction.support.TransactionTemplate.execute(TransactionTemplate.java:137) ~[spring-tx-7.0.9.jar:7.0.9]
	at com.nomadgames.matchmaking.RoomService.closeExpiredLobbies(RoomService.java:150) ~[classes/:na]
	at java.base/jdk.internal.reflect.DirectMethodHandleAccessor.invoke(DirectMethodHandleAccessor.java:103) ~[na:na]
	at java.base/java.lang.reflect.Method.invoke(Method.java:580) ~[na:na]
	at org.springframework.scheduling.support.ScheduledMethodRunnable.runInternal(ScheduledMethodRunnable.java:128) ~[spring-context-7.0.9.jar:7.0.9]
	at org.springframework.scheduling.support.ScheduledMethodRunnable.lambda$run$1(ScheduledMethodRunnable.java:122) ~[spring-context-7.0.9.jar:7.0.9]
	at io.micrometer.observation.Observation.observe(Observation.java:569) ~[micrometer-observation-1.17.1.jar:1.17.1]
	at org.springframework.scheduling.support.ScheduledMethodRunnable.run(ScheduledMethodRunnable.java:122) ~[spring-context-7.0.9.jar:7.0.9]
	at org.springframework.scheduling.config.Task$OutcomeTrackingRunnable.run(Task.java:88) ~[spring-context-7.0.9.jar:7.0.9]
	at org.springframework.scheduling.support.DelegatingErrorHandlingRunnable.run(DelegatingErrorHandlingRunnable.java:54) ~[spring-context-7.0.9.jar:7.0.9]
	at java.base/java.util.concurrent.Executors$RunnableAdapter.call(Executors.java:572) ~[na:na]
	at java.base/java.util.concurrent.FutureTask.runAndReset(FutureTask.java:358) ~[na:na]
	at java.base/java.util.concurrent.ScheduledThreadPoolExecutor$ScheduledFutureTask.run(ScheduledThreadPoolExecutor.java:305) ~[na:na]
	at java.base/java.util.concurrent.ThreadPoolExecutor.runWorker(ThreadPoolExecutor.java:1144) ~[na:na]
	at java.base/java.util.concurrent.ThreadPoolExecutor$Worker.run(ThreadPoolExecutor.java:642) ~[na:na]
	at java.base/java.lang.Thread.run(Thread.java:1583) ~[na:na]
Caused by: java.net.SocketException: Программа на вашем хост-компьютере разорвала установленное подключение
	at java.base/sun.nio.ch.SocketDispatcher.read0(Native Method) ~[na:na]
	at java.base/sun.nio.ch.SocketDispatcher.read(SocketDispatcher.java:47) ~[na:na]
	at java.base/sun.nio.ch.NioSocketImpl.tryRead(NioSocketImpl.java:256) ~[na:na]
	at java.base/sun.nio.ch.NioSocketImpl.implRead(NioSocketImpl.java:307) ~[na:na]
	at java.base/sun.nio.ch.NioSocketImpl.read(NioSocketImpl.java:346) ~[na:na]
	at java.base/sun.nio.ch.NioSocketImpl$1.read(NioSocketImpl.java:796) ~[na:na]
	at java.base/java.net.Socket$SocketInputStream.read(Socket.java:1099) ~[na:na]
	at org.postgresql.core.VisibleBufferedInputStream.readMore(VisibleBufferedInputStream.java:192) ~[postgresql-42.7.13.jar:42.7.13]
	at org.postgresql.core.VisibleBufferedInputStream.ensureBytes(VisibleBufferedInputStream.java:159) ~[postgresql-42.7.13.jar:42.7.13]
	at org.postgresql.core.VisibleBufferedInputStream.ensureBytes(VisibleBufferedInputStream.java:144) ~[postgresql-42.7.13.jar:42.7.13]
	at org.postgresql.core.VisibleBufferedInputStream.read(VisibleBufferedInputStream.java:76) ~[postgresql-42.7.13.jar:42.7.13]
	at org.postgresql.core.PGStream.receiveChar(PGStream.java:480) ~[postgresql-42.7.13.jar:42.7.13]
	at org.postgresql.core.v3.QueryExecutorImpl.processResults(QueryExecutorImpl.java:2383) ~[postgresql-42.7.13.jar:42.7.13]
	at org.postgresql.core.v3.QueryExecutorImpl.execute(QueryExecutorImpl.java:446) ~[postgresql-42.7.13.jar:42.7.13]
	... 59 common frames omitted

2026-09-11T15:22:04.689+05:00  WARN 31148 --- [nomad-games] [   scheduling-1] org.hibernate.orm.jdbc.error             : HHH000247: ErrorCode: 0, SQLState: 08006
2026-09-11T15:22:04.690+05:00  WARN 31148 --- [nomad-games] [   scheduling-1] org.hibernate.orm.jdbc.error             : Ошибка ввода/вывода при отправке бэкенду.
2026-09-11T15:22:04.691+05:00 ERROR 31148 --- [nomad-games] [   scheduling-1] o.s.t.support.TransactionTemplate        : Application exception overridden by rollback exception

org.springframework.dao.DataAccessResourceFailureException: JDBC exception executing SQL [Ошибка ввода/вывода при отправке бэкенду.] [select re1_0.id,re1_0.code,re1_0.created_at,re1_0.host_id,re1_0.host_ready,re1_0.idle_expires_at,re1_0.joiner_id,re1_0.joiner_ready,re1_0.match_id,re1_0.status,re1_0.version from rooms re1_0 where re1_0.status=? and re1_0.idle_expires_at<?]
	at org.springframework.orm.jpa.hibernate.HibernateExceptionTranslator.convertHibernateAccessException(HibernateExceptionTranslator.java:153) ~[spring-orm-7.0.9.jar:7.0.9]
	at org.springframework.orm.jpa.hibernate.HibernateExceptionTranslator.convertHibernateAccessException(HibernateExceptionTranslator.java:131) ~[spring-orm-7.0.9.jar:7.0.9]
	at org.springframework.orm.jpa.hibernate.HibernateExceptionTranslator.translateExceptionIfPossible(HibernateExceptionTranslator.java:105) ~[spring-orm-7.0.9.jar:7.0.9]
	at org.springframework.orm.jpa.vendor.HibernateJpaDialect.translateExceptionIfPossible(HibernateJpaDialect.java:223) ~[spring-orm-7.0.9.jar:7.0.9]
	at org.springframework.orm.jpa.AbstractEntityManagerFactoryBean.translateExceptionIfPossible(AbstractEntityManagerFactoryBean.java:577) ~[spring-orm-7.0.9.jar:7.0.9]
	at org.springframework.dao.support.ChainedPersistenceExceptionTranslator.translateExceptionIfPossible(ChainedPersistenceExceptionTranslator.java:61) ~[spring-tx-7.0.9.jar:7.0.9]
	at org.springframework.dao.support.DataAccessUtils.translateIfNecessary(DataAccessUtils.java:346) ~[spring-tx-7.0.9.jar:7.0.9]
	at org.springframework.dao.support.PersistenceExceptionTranslationInterceptor.invoke(PersistenceExceptionTranslationInterceptor.java:157) ~[spring-tx-7.0.9.jar:7.0.9]
	at org.springframework.aop.framework.ReflectiveMethodInvocation.proceed(ReflectiveMethodInvocation.java:179) ~[spring-aop-7.0.9.jar:7.0.9]
	at org.springframework.data.jpa.repository.support.CrudMethodMetadataPostProcessor$CrudMethodMetadataPopulatingMethodInterceptor.invoke(CrudMethodMetadataPostProcessor.java:137) ~[spring-data-jpa-4.1.1.jar:4.1.1]
	at org.springframework.aop.framework.ReflectiveMethodInvocation.proceed(ReflectiveMethodInvocation.java:179) ~[spring-aop-7.0.9.jar:7.0.9]
	at org.springframework.aop.framework.JdkDynamicAopProxy.invoke(JdkDynamicAopProxy.java:222) ~[spring-aop-7.0.9.jar:7.0.9]
	at jdk.proxy2/jdk.proxy2.$Proxy199.findByStatusAndIdleExpiresAtBefore(Unknown Source) ~[na:na]
	at com.nomadgames.matchmaking.RoomService.lambda$closeExpiredLobbies$7(RoomService.java:151) ~[classes/:na]
	at org.springframework.transaction.support.TransactionTemplate.execute(TransactionTemplate.java:137) ~[spring-tx-7.0.9.jar:7.0.9]
	at com.nomadgames.matchmaking.RoomService.closeExpiredLobbies(RoomService.java:150) ~[classes/:na]
	at java.base/jdk.internal.reflect.DirectMethodHandleAccessor.invoke(DirectMethodHandleAccessor.java:103) ~[na:na]
	at java.base/java.lang.reflect.Method.invoke(Method.java:580) ~[na:na]
	at org.springframework.scheduling.support.ScheduledMethodRunnable.runInternal(ScheduledMethodRunnable.java:128) ~[spring-context-7.0.9.jar:7.0.9]
	at org.springframework.scheduling.support.ScheduledMethodRunnable.lambda$run$1(ScheduledMethodRunnable.java:122) ~[spring-context-7.0.9.jar:7.0.9]
	at io.micrometer.observation.Observation.observe(Observation.java:569) ~[micrometer-observation-1.17.1.jar:1.17.1]
	at org.springframework.scheduling.support.ScheduledMethodRunnable.run(ScheduledMethodRunnable.java:122) ~[spring-context-7.0.9.jar:7.0.9]
	at org.springframework.scheduling.config.Task$OutcomeTrackingRunnable.run(Task.java:88) ~[spring-context-7.0.9.jar:7.0.9]
	at org.springframework.scheduling.support.DelegatingErrorHandlingRunnable.run(DelegatingErrorHandlingRunnable.java:54) ~[spring-context-7.0.9.jar:7.0.9]
	at java.base/java.util.concurrent.Executors$RunnableAdapter.call(Executors.java:572) ~[na:na]
	at java.base/java.util.concurrent.FutureTask.runAndReset(FutureTask.java:358) ~[na:na]
	at java.base/java.util.concurrent.ScheduledThreadPoolExecutor$ScheduledFutureTask.run(ScheduledThreadPoolExecutor.java:305) ~[na:na]
	at java.base/java.util.concurrent.ThreadPoolExecutor.runWorker(ThreadPoolExecutor.java:1144) ~[na:na]
	at java.base/java.util.concurrent.ThreadPoolExecutor$Worker.run(ThreadPoolExecutor.java:642) ~[na:na]
	at java.base/java.lang.Thread.run(Thread.java:1583) ~[na:na]
Caused by: org.hibernate.exception.JDBCConnectionException: JDBC exception executing SQL [Ошибка ввода/вывода при отправке бэкенду.] [select re1_0.id,re1_0.code,re1_0.created_at,re1_0.host_id,re1_0.host_ready,re1_0.idle_expires_at,re1_0.joiner_id,re1_0.joiner_ready,re1_0.match_id,re1_0.status,re1_0.version from rooms re1_0 where re1_0.status=? and re1_0.idle_expires_at<?]
	at org.hibernate.exception.internal.SQLStateConversionDelegate.convert(SQLStateConversionDelegate.java:80) ~[hibernate-core-7.4.5.Final.jar:7.4.5.Final]
	at org.hibernate.exception.internal.StandardSQLExceptionConverter.convert(StandardSQLExceptionConverter.java:34) ~[hibernate-core-7.4.5.Final.jar:7.4.5.Final]
	at org.hibernate.engine.jdbc.spi.SqlExceptionHelper.convert(SqlExceptionHelper.java:115) ~[hibernate-core-7.4.5.Final.jar:7.4.5.Final]
	at org.hibernate.sql.results.jdbc.internal.DeferredResultSetAccess.executeQuery(DeferredResultSetAccess.java:292) ~[hibernate-core-7.4.5.Final.jar:7.4.5.Final]
	at org.hibernate.sql.results.jdbc.internal.DeferredResultSetAccess.getResultSet(DeferredResultSetAccess.java:188) ~[hibernate-core-7.4.5.Final.jar:7.4.5.Final]
	at org.hibernate.sql.results.jdbc.internal.JdbcValuesResultSetImpl.<init>(JdbcValuesResultSetImpl.java:71) ~[hibernate-core-7.4.5.Final.jar:7.4.5.Final]
	at org.hibernate.sql.exec.internal.JdbcSelectExecutorStandardImpl.resolveJdbcValues(JdbcSelectExecutorStandardImpl.java:422) ~[hibernate-core-7.4.5.Final.jar:7.4.5.Final]
	at org.hibernate.sql.exec.internal.JdbcSelectExecutorStandardImpl.resolveJdbcValuesSource(JdbcSelectExecutorStandardImpl.java:349) ~[hibernate-core-7.4.5.Final.jar:7.4.5.Final]
	at org.hibernate.sql.exec.internal.JdbcSelectExecutorStandardImpl.doExecuteQuery(JdbcSelectExecutorStandardImpl.java:143) ~[hibernate-core-7.4.5.Final.jar:7.4.5.Final]
	at org.hibernate.sql.exec.internal.JdbcSelectExecutorStandardImpl.executeQuery(JdbcSelectExecutorStandardImpl.java:100) ~[hibernate-core-7.4.5.Final.jar:7.4.5.Final]
	at org.hibernate.sql.exec.spi.JdbcSelectExecutor.executeQuery(JdbcSelectExecutor.java:63) ~[hibernate-core-7.4.5.Final.jar:7.4.5.Final]
	at org.hibernate.sql.exec.spi.JdbcSelectExecutor.list(JdbcSelectExecutor.java:137) ~[hibernate-core-7.4.5.Final.jar:7.4.5.Final]
	at org.hibernate.query.sqm.internal.ConcreteSqmSelectQueryPlan.lambda$new$1(ConcreteSqmSelectQueryPlan.java:136) ~[hibernate-core-7.4.5.Final.jar:7.4.5.Final]
	at org.hibernate.query.sqm.internal.ConcreteSqmSelectQueryPlan.withCacheableSqmInterpretation(ConcreteSqmSelectQueryPlan.java:484) ~[hibernate-core-7.4.5.Final.jar:7.4.5.Final]
	at org.hibernate.query.sqm.internal.ConcreteSqmSelectQueryPlan.performList(ConcreteSqmSelectQueryPlan.java:411) ~[hibernate-core-7.4.5.Final.jar:7.4.5.Final]
	at org.hibernate.query.sqm.internal.SqmQueryImpl.doList(SqmQueryImpl.java:379) ~[hibernate-core-7.4.5.Final.jar:7.4.5.Final]
	at org.hibernate.query.spi.AbstractSelectionQuery.list(AbstractSelectionQuery.java:153) ~[hibernate-core-7.4.5.Final.jar:7.4.5.Final]
	at org.hibernate.query.Query.getResultList(Query.java:121) ~[hibernate-core-7.4.5.Final.jar:7.4.5.Final]
	at org.springframework.data.jpa.repository.query.JpaQueryExecution$CollectionExecution.doExecute(JpaQueryExecution.java:141) ~[spring-data-jpa-4.1.1.jar:4.1.1]
	at org.springframework.data.jpa.repository.query.JpaQueryExecution.execute(JpaQueryExecution.java:100) ~[spring-data-jpa-4.1.1.jar:4.1.1]
	at org.springframework.data.jpa.repository.query.AbstractJpaQuery.doExecute(AbstractJpaQuery.java:166) ~[spring-data-jpa-4.1.1.jar:4.1.1]
	at org.springframework.data.jpa.repository.query.AbstractJpaQuery.execute(AbstractJpaQuery.java:156) ~[spring-data-jpa-4.1.1.jar:4.1.1]
	at org.springframework.data.repository.core.support.RepositoryMethodInvoker.doInvoke(RepositoryMethodInvoker.java:169) ~[spring-data-commons-4.1.1.jar:4.1.1]
	at org.springframework.data.repository.core.support.RepositoryMethodInvoker.invoke(RepositoryMethodInvoker.java:158) ~[spring-data-commons-4.1.1.jar:4.1.1]
	at org.springframework.data.repository.core.support.QueryExecutorMethodInterceptor.doInvoke(QueryExecutorMethodInterceptor.java:167) ~[spring-data-commons-4.1.1.jar:4.1.1]
	at org.springframework.data.repository.core.support.QueryExecutorMethodInterceptor.invoke(QueryExecutorMethodInterceptor.java:146) ~[spring-data-commons-4.1.1.jar:4.1.1]
	at org.springframework.aop.framework.ReflectiveMethodInvocation.proceed(ReflectiveMethodInvocation.java:179) ~[spring-aop-7.0.9.jar:7.0.9]
	at org.springframework.data.projection.DefaultMethodInvokingMethodInterceptor.invoke(DefaultMethodInvokingMethodInterceptor.java:69) ~[spring-data-commons-4.1.1.jar:4.1.1]
	at org.springframework.aop.framework.ReflectiveMethodInvocation.proceed(ReflectiveMethodInvocation.java:179) ~[spring-aop-7.0.9.jar:7.0.9]
	at org.springframework.transaction.interceptor.TransactionInterceptor$1.proceedWithInvocation(TransactionInterceptor.java:133) ~[spring-tx-7.0.9.jar:7.0.9]
	at org.springframework.transaction.interceptor.TransactionAspectSupport.invokeWithinTransaction(TransactionAspectSupport.java:371) ~[spring-tx-7.0.9.jar:7.0.9]
	at org.springframework.transaction.interceptor.TransactionInterceptor.invoke(TransactionInterceptor.java:130) ~[spring-tx-7.0.9.jar:7.0.9]
	at org.springframework.aop.framework.ReflectiveMethodInvocation.proceed(ReflectiveMethodInvocation.java:179) ~[spring-aop-7.0.9.jar:7.0.9]
	at org.springframework.dao.support.PersistenceExceptionTranslationInterceptor.invoke(PersistenceExceptionTranslationInterceptor.java:135) ~[spring-tx-7.0.9.jar:7.0.9]
	... 22 common frames omitted
Caused by: org.postgresql.util.PSQLException: Ошибка ввода/вывода при отправке бэкенду.
	at org.postgresql.core.v3.QueryExecutorImpl.execute(QueryExecutorImpl.java:474) ~[postgresql-42.7.13.jar:42.7.13]
	at org.postgresql.jdbc.PgStatement.executeInternal(PgStatement.java:533) ~[postgresql-42.7.13.jar:42.7.13]
	at org.postgresql.jdbc.PgStatement.execute(PgStatement.java:449) ~[postgresql-42.7.13.jar:42.7.13]
	at org.postgresql.jdbc.PgPreparedStatement.executeWithFlags(PgPreparedStatement.java:197) ~[postgresql-42.7.13.jar:42.7.13]
	at org.postgresql.jdbc.PgPreparedStatement.executeQuery(PgPreparedStatement.java:140) ~[postgresql-42.7.13.jar:42.7.13]
	at com.zaxxer.hikari.pool.ProxyPreparedStatement.executeQuery(ProxyPreparedStatement.java:52) ~[HikariCP-7.0.2.jar:na]
	at com.zaxxer.hikari.pool.HikariProxyPreparedStatement.executeQuery(HikariProxyPreparedStatement.java) ~[HikariCP-7.0.2.jar:na]
	at org.hibernate.sql.results.jdbc.internal.DeferredResultSetAccess.executeQuery(DeferredResultSetAccess.java:269) ~[hibernate-core-7.4.5.Final.jar:7.4.5.Final]
	... 52 common frames omitted
Caused by: java.net.SocketException: Программа на вашем хост-компьютере разорвала установленное подключение
	at java.base/sun.nio.ch.SocketDispatcher.read0(Native Method) ~[na:na]
	at java.base/sun.nio.ch.SocketDispatcher.read(SocketDispatcher.java:47) ~[na:na]
	at java.base/sun.nio.ch.NioSocketImpl.tryRead(NioSocketImpl.java:256) ~[na:na]
	at java.base/sun.nio.ch.NioSocketImpl.implRead(NioSocketImpl.java:307) ~[na:na]
	at java.base/sun.nio.ch.NioSocketImpl.read(NioSocketImpl.java:346) ~[na:na]
	at java.base/sun.nio.ch.NioSocketImpl$1.read(NioSocketImpl.java:796) ~[na:na]
	at java.base/java.net.Socket$SocketInputStream.read(Socket.java:1099) ~[na:na]
	at org.postgresql.core.VisibleBufferedInputStream.readMore(VisibleBufferedInputStream.java:192) ~[postgresql-42.7.13.jar:42.7.13]
	at org.postgresql.core.VisibleBufferedInputStream.ensureBytes(VisibleBufferedInputStream.java:159) ~[postgresql-42.7.13.jar:42.7.13]
	at org.postgresql.core.VisibleBufferedInputStream.ensureBytes(VisibleBufferedInputStream.java:144) ~[postgresql-42.7.13.jar:42.7.13]
	at org.postgresql.core.VisibleBufferedInputStream.read(VisibleBufferedInputStream.java:76) ~[postgresql-42.7.13.jar:42.7.13]
	at org.postgresql.core.PGStream.receiveChar(PGStream.java:480) ~[postgresql-42.7.13.jar:42.7.13]
	at org.postgresql.core.v3.QueryExecutorImpl.processResults(QueryExecutorImpl.java:2383) ~[postgresql-42.7.13.jar:42.7.13]
	at org.postgresql.core.v3.QueryExecutorImpl.execute(QueryExecutorImpl.java:446) ~[postgresql-42.7.13.jar:42.7.13]
	... 59 common frames omitted

2026-09-11T15:22:04.693+05:00 ERROR 31148 --- [nomad-games] [   scheduling-1] o.s.s.s.TaskUtils$LoggingErrorHandler    : Unexpected error occurred in scheduled task

org.springframework.orm.jpa.JpaSystemException: Unable to rollback against JDBC Connection
	at org.springframework.orm.jpa.hibernate.HibernateExceptionTranslator.convertHibernateAccessException(HibernateExceptionTranslator.java:223) ~[spring-orm-7.0.9.jar:7.0.9]
	at org.springframework.orm.jpa.hibernate.HibernateExceptionTranslator.convertHibernateAccessException(HibernateExceptionTranslator.java:131) ~[spring-orm-7.0.9.jar:7.0.9]
	at org.springframework.orm.jpa.hibernate.HibernateExceptionTranslator.translateExceptionIfPossible(HibernateExceptionTranslator.java:105) ~[spring-orm-7.0.9.jar:7.0.9]
	at org.springframework.orm.jpa.vendor.HibernateJpaDialect.translateExceptionIfPossible(HibernateJpaDialect.java:223) ~[spring-orm-7.0.9.jar:7.0.9]
	at org.springframework.orm.jpa.JpaTransactionManager.doRollback(JpaTransactionManager.java:583) ~[spring-orm-7.0.9.jar:7.0.9]
	at org.springframework.transaction.support.AbstractPlatformTransactionManager.processRollback(AbstractPlatformTransactionManager.java:896) ~[spring-tx-7.0.9.jar:7.0.9]
	at org.springframework.transaction.support.AbstractPlatformTransactionManager.rollback(AbstractPlatformTransactionManager.java:865) ~[spring-tx-7.0.9.jar:7.0.9]
	at org.springframework.transaction.support.TransactionTemplate.rollbackOnException(TransactionTemplate.java:165) ~[spring-tx-7.0.9.jar:7.0.9]
	at org.springframework.transaction.support.TransactionTemplate.execute(TransactionTemplate.java:141) ~[spring-tx-7.0.9.jar:7.0.9]
	at com.nomadgames.matchmaking.RoomService.closeExpiredLobbies(RoomService.java:150) ~[classes/:na]
	at java.base/jdk.internal.reflect.DirectMethodHandleAccessor.invoke(DirectMethodHandleAccessor.java:103) ~[na:na]
	at java.base/java.lang.reflect.Method.invoke(Method.java:580) ~[na:na]
	at org.springframework.scheduling.support.ScheduledMethodRunnable.runInternal(ScheduledMethodRunnable.java:128) ~[spring-context-7.0.9.jar:7.0.9]
	at org.springframework.scheduling.support.ScheduledMethodRunnable.lambda$run$1(ScheduledMethodRunnable.java:122) ~[spring-context-7.0.9.jar:7.0.9]
	at io.micrometer.observation.Observation.observe(Observation.java:569) ~[micrometer-observation-1.17.1.jar:1.17.1]
	at org.springframework.scheduling.support.ScheduledMethodRunnable.run(ScheduledMethodRunnable.java:122) ~[spring-context-7.0.9.jar:7.0.9]
	at org.springframework.scheduling.config.Task$OutcomeTrackingRunnable.run(Task.java:88) ~[spring-context-7.0.9.jar:7.0.9]
	at org.springframework.scheduling.support.DelegatingErrorHandlingRunnable.run(DelegatingErrorHandlingRunnable.java:54) ~[spring-context-7.0.9.jar:7.0.9]
	at java.base/java.util.concurrent.Executors$RunnableAdapter.call(Executors.java:572) ~[na:na]
	at java.base/java.util.concurrent.FutureTask.runAndReset(FutureTask.java:358) ~[na:na]
	at java.base/java.util.concurrent.ScheduledThreadPoolExecutor$ScheduledFutureTask.run(ScheduledThreadPoolExecutor.java:305) ~[na:na]
	at java.base/java.util.concurrent.ThreadPoolExecutor.runWorker(ThreadPoolExecutor.java:1144) ~[na:na]
	at java.base/java.util.concurrent.ThreadPoolExecutor$Worker.run(ThreadPoolExecutor.java:642) ~[na:na]
	at java.base/java.lang.Thread.run(Thread.java:1583) ~[na:na]
Caused by: org.hibernate.TransactionException: Unable to rollback against JDBC Connection
	at org.hibernate.resource.jdbc.internal.AbstractLogicalConnectionImplementor.rollback(AbstractLogicalConnectionImplementor.java:151) ~[hibernate-core-7.4.5.Final.jar:7.4.5.Final]
	at org.hibernate.resource.transaction.backend.jdbc.internal.JdbcResourceLocalTransactionCoordinatorImpl$TransactionDriverControlImpl.rollback(JdbcResourceLocalTransactionCoordinatorImpl.java:300) ~[hibernate-core-7.4.5.Final.jar:7.4.5.Final]
	at org.hibernate.engine.transaction.internal.TransactionImpl.rollback(TransactionImpl.java:123) ~[hibernate-core-7.4.5.Final.jar:7.4.5.Final]
	at org.springframework.orm.jpa.JpaTransactionManager.doRollback(JpaTransactionManager.java:579) ~[spring-orm-7.0.9.jar:7.0.9]
	... 19 common frames omitted
Caused by: java.sql.SQLException: Connection is closed
	at com.zaxxer.hikari.pool.ProxyConnection$ClosedConnection.lambda$getClosedConnection$0(ProxyConnection.java:559) ~[HikariCP-7.0.2.jar:na]
	at jdk.proxy3/jdk.proxy3.$Proxy161.rollback(Unknown Source) ~[na:na]
	at com.zaxxer.hikari.pool.ProxyConnection.rollback(ProxyConnection.java:386) ~[HikariCP-7.0.2.jar:na]
	at com.zaxxer.hikari.pool.HikariProxyConnection.rollback(HikariProxyConnection.java) ~[HikariCP-7.0.2.jar:na]
	at org.hibernate.resource.jdbc.internal.AbstractLogicalConnectionImplementor.rollback(AbstractLogicalConnectionImplementor.java:141) ~[hibernate-core-7.4.5.Final.jar:7.4.5.Final]
	... 22 common frames omitted

2026-09-11T15:22:05.696+05:00  WARN 31148 --- [nomad-games] [   scheduling-1] com.zaxxer.hikari.pool.PoolBase          : HikariPool-4 - Failed to validate connection org.postgresql.jdbc.PgConnection@40b0b906 (Соединение закрыто.). Possibly consider using a shorter maxLifetime value.
2026-09-11T15:22:05.696+05:00  WARN 31148 --- [nomad-games] [   scheduling-1] com.zaxxer.hikari.pool.PoolBase          : HikariPool-4 - Failed to validate connection org.postgresql.jdbc.PgConnection@308642f2 (Соединение закрыто.). Possibly consider using a shorter maxLifetime value.
2026-09-11T15:22:05.697+05:00  WARN 31148 --- [nomad-games] [   scheduling-1] com.zaxxer.hikari.pool.PoolBase          : HikariPool-4 - Failed to validate connection org.postgresql.jdbc.PgConnection@22a00e56 (Соединение закрыто.). Possibly consider using a shorter maxLifetime value.
2026-09-11T15:22:05.697+05:00  WARN 31148 --- [nomad-games] [   scheduling-1] com.zaxxer.hikari.pool.PoolBase          : HikariPool-4 - Failed to validate connection org.postgresql.jdbc.PgConnection@5ab74f84 (Соединение закрыто.). Possibly consider using a shorter maxLifetime value.
2026-09-11T15:22:05.698+05:00  WARN 31148 --- [nomad-games] [   scheduling-1] com.zaxxer.hikari.pool.PoolBase          : HikariPool-4 - Failed to validate connection org.postgresql.jdbc.PgConnection@e56c50e (Соединение закрыто.). Possibly consider using a shorter maxLifetime value.
2026-09-11T15:22:05.698+05:00  WARN 31148 --- [nomad-games] [   scheduling-1] com.zaxxer.hikari.pool.PoolBase          : HikariPool-4 - Failed to validate connection org.postgresql.jdbc.PgConnection@cc587e4 (Соединение закрыто.). Possibly consider using a shorter maxLifetime value.
2026-09-11T15:22:05.699+05:00  WARN 31148 --- [nomad-games] [   scheduling-1] com.zaxxer.hikari.pool.PoolBase          : HikariPool-4 - Failed to validate connection org.postgresql.jdbc.PgConnection@2e35ea94 (Соединение закрыто.). Possibly consider using a shorter maxLifetime value.
2026-09-11T15:22:05.699+05:00  WARN 31148 --- [nomad-games] [   scheduling-1] com.zaxxer.hikari.pool.PoolBase          : HikariPool-4 - Failed to validate connection org.postgresql.jdbc.PgConnection@4e1e4bb9 (Соединение закрыто.). Possibly consider using a shorter maxLifetime value.
2026-09-11T15:22:05.700+05:00  WARN 31148 --- [nomad-games] [   scheduling-1] com.zaxxer.hikari.pool.PoolBase          : HikariPool-4 - Failed to validate connection org.postgresql.jdbc.PgConnection@76d899c1 (Соединение закрыто.). Possibly consider using a shorter maxLifetime value.
2026-09-11T15:22:07.210+05:00  INFO 31148 --- [nomad-games] [ionShutdownHook] com.zaxxer.hikari.HikariDataSource       : HikariPool-1 - Shutdown completed.
2026-09-11T15:22:07.212+05:00  INFO 31148 --- [nomad-games] [ionShutdownHook] j.LocalContainerEntityManagerFactoryBean : Closing JPA EntityManagerFactory for persistence unit 'default'
2026-09-11T15:22:07.213+05:00  INFO 31148 --- [nomad-games] [ionShutdownHook] com.zaxxer.hikari.HikariDataSource       : HikariPool-2 - Shutdown initiated...
2026-09-11T15:22:10.740+05:00  INFO 31148 --- [nomad-games] [ionShutdownHook] com.zaxxer.hikari.HikariDataSource       : HikariPool-2 - Shutdown completed.
2026-09-11T15:22:10.742+05:00  INFO 31148 --- [nomad-games] [ionShutdownHook] j.LocalContainerEntityManagerFactoryBean : Closing JPA EntityManagerFactory for persistence unit 'default'
2026-09-11T15:22:10.743+05:00  INFO 31148 --- [nomad-games] [ionShutdownHook] com.zaxxer.hikari.HikariDataSource       : HikariPool-3 - Shutdown initiated...
2026-09-11T15:22:13.215+05:00  INFO 31148 --- [nomad-games] [ionShutdownHook] com.zaxxer.hikari.HikariDataSource       : HikariPool-3 - Shutdown completed.
2026-09-11T15:22:13.217+05:00  INFO 31148 --- [nomad-games] [ionShutdownHook] o.s.boot.tomcat.GracefulShutdown         : Commencing graceful shutdown. Waiting for active requests to complete
2026-09-11T15:22:13.230+05:00  INFO 31148 --- [nomad-games] [tomcat-shutdown] o.s.boot.tomcat.GracefulShutdown         : Graceful shutdown complete
[ERROR] Surefire is going to kill self fork JVM. The exit has elapsed 30 seconds after System.exit(0).
[INFO] 
[INFO] Results:
[INFO] 
[ERROR] Failures: 
[ERROR]   CasualQueueIT.casualSettleGrantsMatchPrivatePath:170 Status expected:<200> but was:<404>
[ERROR]   CasualQueueIT.dequeueClearsTicket:115 Status expected:<200> but was:<404>
[ERROR]   CasualQueueIT.enqueueRateLimited:155 flood enqueue must eventually 429 (T-5-01) ==> expected: <429> but was: <404>
[ERROR]   CasualQueueIT.rejectEnqueueWhileInPlay:136 Status expected:<409> but was:<404>
[ERROR]   CasualQueueIT.singlePlayerStaysSearching:97 Status expected:<200> but was:<404>
[ERROR]   CasualQueueIT.twoPlayersPair:61 Status expected:<200> but was:<404>
[ERROR]   ProfileIT.eloUpdatesOnCasualSettleOnly:131 Status expected:<200> but was:<404>
[ERROR]   ProfileIT.profileReturnsGuestDefaults:70 Status expected:<200> but was:<404>
[ERROR]   ProfileIT.profileSelfOnly:173 Status expected:<200> but was:<404>
[ERROR]   ProfileIT.putAvatarAllowList:91 Status expected:<200> but was:<404>
[ERROR]   ProfileIT.xpIncrementsOnBotSettleRatingUnchanged:104->createBotMatch:185 Status expected:<201> but was:<400>
[ERROR]   CasualRematchIT.casualRematchCreatesCasualMatch:44->finishCasualViaLeave:92 Status expected:<200> but was:<404>
[ERROR]   CasualRematchIT.casualRematchRequiresSeat:73->finishCasualViaLeave:92 Status expected:<200> but was:<404>
[ERROR]   ReconnectIT.casualRejoinWithinGrace:246->bothReadyCasual:396 Status expected:<200> but was:<404>
[INFO] 
[ERROR] Tests run: 20, Failures: 14, Errors: 0, Skipped: 0
[INFO] 
[INFO] ------------------------------------------------------------------------
[INFO] Reactor Summary for Alchiki proto harness 0.1.0-SNAPSHOT:
[INFO] 
[INFO] Alchiki proto harness .............................. SUCCESS [  2.226 s]
[INFO] Nomad Games backend ................................ FAILURE [03:16 min]
[INFO] ------------------------------------------------------------------------
[INFO] BUILD FAILURE
[INFO] ------------------------------------------------------------------------
[INFO] Total time:  03:19 min
[INFO] Finished at: 2026-09-11T15:22:35+05:00
[INFO] ------------------------------------------------------------------------
[ERROR] Failed to execute goal org.apache.maven.plugins:maven-surefire-plugin:3.5.6:test (default-test) on project nomad-games-backend: There are test failures.
[ERROR] 
[ERROR] See C:\Users\sergei.elistratov\Documents\проекты\nomad-game\backend\target\surefire-reports for the individual test results.
[ERROR] See dump files (if any exist) [date].dump, [date]-jvmRun[N].dump and [date].dumpstream.
[ERROR] -> [Help 1]
[ERROR] 
[ERROR] To see the full stack trace of the errors, re-run Maven with the -e switch.
[ERROR] Re-run Maven using the -X switch to enable full debug logging.
[ERROR] 
[ERROR] For more information about the errors and possible solutions, please read the following articles:
[ERROR] [Help 1] http://cwiki.apache.org/confluence/display/MAVEN/MojoFailureException
[ERROR] 
[ERROR] After correcting the problems, you can resume the build with the command
[ERROR]   mvn <args> -rf :nomad-games-backend
