[INFO] Scanning for projects...
[INFO] ------------------------------------------------------------------------
[INFO] Reactor Build Order:
[INFO] 
[INFO] Alchiki proto harness                                              [jar]
[INFO] Nomad Games backend                                                [jar]
[INFO] 
[INFO] ----------------< com.nomadgames:alchiki-proto-harness >----------------
[INFO] Building Alchiki proto harness 0.1.0-SNAPSHOT                      [1/2]
[INFO]   from pom.xml
[INFO] --------------------------------[ jar ]---------------------------------
[INFO] 
[INFO] --- resources:3.3.1:resources (default-resources) @ alchiki-proto-harness ---
[INFO] skip non existing resourceDirectory C:\Users\sergei.elistratov\Documents\проекты\nomad-game\harness\src\main\resources
[INFO] 
[INFO] --- compiler:3.13.0:compile (default-compile) @ alchiki-proto-harness ---
[INFO] Nothing to compile - all classes are up to date.
[INFO] 
[INFO] --- resources:3.3.1:testResources (default-testResources) @ alchiki-proto-harness ---
[INFO] skip non existing resourceDirectory C:\Users\sergei.elistratov\Documents\проекты\nomad-game\harness\src\test\resources
[INFO] 
[INFO] --- compiler:3.13.0:testCompile (default-testCompile) @ alchiki-proto-harness ---
[INFO] Nothing to compile - all classes are up to date.
[INFO] 
[INFO] --- surefire:3.5.3:test (default-test) @ alchiki-proto-harness ---
[INFO] 
[INFO] -----------------< com.nomadgames:nomad-games-backend >-----------------
[INFO] Building Nomad Games backend 0.1.0-SNAPSHOT                        [2/2]
[INFO]   from C:\Users\sergei.elistratov\Documents\проекты\nomad-game\backend\pom.xml
[INFO] --------------------------------[ jar ]---------------------------------
[INFO] 
[INFO] --- resources:3.5.0:resources (default-resources) @ nomad-games-backend ---
[INFO] Copying 2 resources from src\main\resources to target\classes
[INFO] Copying 12 resources from src\main\resources to target\classes
[INFO] 
[INFO] --- compiler:3.15.0:compile (default-compile) @ nomad-games-backend ---
[INFO] Nothing to compile - all classes are up to date.
[INFO] 
[INFO] --- resources:3.5.0:testResources (default-testResources) @ nomad-games-backend ---
[INFO] skip non existing resourceDirectory C:\Users\sergei.elistratov\Documents\проекты\nomad-game\backend\src\test\resources
[INFO] 
[INFO] --- compiler:3.15.0:testCompile (default-testCompile) @ nomad-games-backend ---
[INFO] Nothing to compile - all classes are up to date.
[INFO] 
[INFO] --- surefire:3.5.6:test (default-test) @ nomad-games-backend ---
[INFO] Using auto detected provider org.apache.maven.surefire.junitplatform.JUnitPlatformProvider
[INFO] 
[INFO] -------------------------------------------------------
[INFO]  T E S T S
[INFO] -------------------------------------------------------
[INFO] Running com.nomadgames.session.RankedReconnectIT
20:05:04.509 [main] INFO org.testcontainers.images.PullPolicy -- Image pull policy will be performed by: DefaultPullPolicy()
20:05:04.514 [main] INFO org.testcontainers.utility.ImageNameSubstitutor -- Image name substitution will be performed by: DefaultImageNameSubstitutor (composite of 'ConfigurationFileImageNameSubstitutor' and 'PrefixingImageNameSubstitutor')
20:05:04.583 [main] INFO org.testcontainers.DockerClientFactory -- Testcontainers version: 2.0.5
20:05:04.901 [main] INFO org.testcontainers.dockerclient.DockerClientProviderStrategy -- Loaded org.testcontainers.dockerclient.NpipeSocketClientProviderStrategy from ~/.testcontainers.properties, will try it first
20:05:05.414 [main] INFO org.testcontainers.dockerclient.DockerClientProviderStrategy -- Found Docker environment with local Npipe socket (npipe:////./pipe/docker_engine)
20:05:05.415 [main] INFO org.testcontainers.DockerClientFactory -- Docker host IP address is localhost
20:05:05.437 [main] INFO org.testcontainers.DockerClientFactory -- Connected to docker: 
  Server Version: 29.7.2
  API Version: 1.55
  Operating System: Docker Desktop
  Total Memory: 13643 MB
  Labels: 
    com.docker.desktop.address=npipe://\\.\pipe\docker_cli
20:05:05.610 [main] INFO tc.testcontainers/ryuk:0.14.0 -- Creating container for image: testcontainers/ryuk:0.14.0
20:05:05.920 [main] INFO tc.testcontainers/ryuk:0.14.0 -- Container testcontainers/ryuk:0.14.0 is starting: 6e7c3dfd48e67dcecd5a31e364c2614ce381e8f18fe79b9bf4b05ad63ee57729
20:05:06.321 [main] INFO tc.testcontainers/ryuk:0.14.0 -- Container testcontainers/ryuk:0.14.0 started in PT0.7109294S
20:05:06.330 [main] INFO org.testcontainers.utility.RyukResourceReaper -- Ryuk started - will monitor and terminate Testcontainers containers on JVM exit
20:05:06.331 [main] INFO org.testcontainers.DockerClientFactory -- Checking the system...
20:05:06.331 [main] INFO org.testcontainers.DockerClientFactory -- ?? Docker server version should be at least 1.6.0
20:05:06.513 [main] INFO tc.postgres:18 -- Creating container for image: postgres:18
20:05:06.605 [main] INFO tc.postgres:18 -- Container postgres:18 is starting: b09fb05d933a3f9a7e12a944326d4ec2605a772942daa60ea7df916f3b5e517b
20:05:08.114 [main] INFO tc.postgres:18 -- Container postgres:18 started in PT1.6006712S
20:05:08.115 [main] INFO tc.postgres:18 -- Container is started (JDBC URL: jdbc:postgresql://localhost:49891/test?loggerLevel=OFF)

  .   ____          _            __ _ _
 /\\ / ___'_ __ _ _(_)_ __  __ _ \ \ \ \
( ( )\___ | '_ | '_| | '_ \/ _` | \ \ \ \
 \\/  ___)| |_)| | | | | || (_| |  ) ) ) )
  '  |____| .__|_| |_|_| |_\__, | / / / /
 =========|_|==============|___/=/_/_/_/

 :: Spring Boot ::                (v4.1.1)

2026-09-14T20:05:08.645+05:00  INFO 38132 --- [nomad-games] [           main] c.nomadgames.session.RankedReconnectIT   : Starting RankedReconnectIT using Java 21.0.11 with PID 38132 (started by sergei.elistratov in C:\Users\sergei.elistratov\Documents\проекты\nomad-game\backend)
2026-09-14T20:05:08.646+05:00  INFO 38132 --- [nomad-games] [           main] c.nomadgames.session.RankedReconnectIT   : No active profile set, falling back to 1 default profile: "default"
2026-09-14T20:05:09.910+05:00  INFO 38132 --- [nomad-games] [           main] .s.d.r.c.RepositoryConfigurationDelegate : Bootstrapping Spring Data JPA repositories in DEFAULT mode.
2026-09-14T20:05:10.038+05:00  INFO 38132 --- [nomad-games] [           main] .s.d.r.c.RepositoryConfigurationDelegate : Finished Spring Data repository scanning in 116 ms. Found 7 JPA repository interfaces.
2026-09-14T20:05:11.238+05:00  INFO 38132 --- [nomad-games] [           main] o.s.boot.tomcat.TomcatWebServer          : Tomcat initialized with port 0 (http)
2026-09-14T20:05:11.267+05:00  INFO 38132 --- [nomad-games] [           main] o.apache.catalina.core.StandardService   : Starting service [Tomcat]
2026-09-14T20:05:11.268+05:00  INFO 38132 --- [nomad-games] [           main] o.apache.catalina.core.StandardEngine    : Starting Servlet engine: [Apache Tomcat/11.0.24]
2026-09-14T20:05:11.398+05:00  INFO 38132 --- [nomad-games] [           main] b.w.c.s.WebApplicationContextInitializer : Root WebApplicationContext: initialization completed in 2714 ms
2026-09-14T20:05:12.290+05:00  INFO 38132 --- [nomad-games] [           main] org.flywaydb.core.FlywayExecutor         : Database: jdbc:postgresql://localhost:49891/test?loggerLevel=OFF (PostgreSQL 18.6)
2026-09-14T20:05:12.374+05:00  INFO 38132 --- [nomad-games] [           main] o.f.c.i.s.JdbcTableSchemaHistory         : Schema history table "public"."flyway_schema_history" does not exist yet
2026-09-14T20:05:12.378+05:00  INFO 38132 --- [nomad-games] [           main] o.f.core.internal.command.DbValidate     : Successfully validated 12 migrations (execution time 00:00.028s)
2026-09-14T20:05:12.401+05:00  INFO 38132 --- [nomad-games] [           main] o.f.c.i.s.JdbcTableSchemaHistory         : Creating Schema History table "public"."flyway_schema_history" ...
2026-09-14T20:05:12.462+05:00  INFO 38132 --- [nomad-games] [           main] o.f.core.internal.command.DbMigrate      : Current version of schema "public": << Empty Schema >>
2026-09-14T20:05:12.473+05:00  INFO 38132 --- [nomad-games] [           main] o.f.core.internal.command.DbMigrate      : Migrating schema "public" to version "1 - identity"
2026-09-14T20:05:12.513+05:00  INFO 38132 --- [nomad-games] [           main] o.f.core.internal.command.DbMigrate      : Migrating schema "public" to version "2 - matches"
2026-09-14T20:05:12.538+05:00  INFO 38132 --- [nomad-games] [           main] o.f.core.internal.command.DbMigrate      : Migrating schema "public" to version "3 - rooms"
2026-09-14T20:05:12.565+05:00  INFO 38132 --- [nomad-games] [           main] o.f.core.internal.command.DbMigrate      : Migrating schema "public" to version "4 - match seats"
2026-09-14T20:05:12.590+05:00  INFO 38132 --- [nomad-games] [           main] o.f.core.internal.command.DbMigrate      : Migrating schema "public" to version "5 - reconnect tokens"
2026-09-14T20:05:12.613+05:00  INFO 38132 --- [nomad-games] [           main] o.f.core.internal.command.DbMigrate      : Migrating schema "public" to version "6 - room version"
2026-09-14T20:05:12.640+05:00  INFO 38132 --- [nomad-games] [           main] o.f.core.internal.command.DbMigrate      : Migrating schema "public" to version "7 - economy ledger shop"
2026-09-14T20:05:12.682+05:00  INFO 38132 --- [nomad-games] [           main] o.f.core.internal.command.DbMigrate      : Migrating schema "public" to version "8 - soft purchase sku unique"
2026-09-14T20:05:12.711+05:00  INFO 38132 --- [nomad-games] [           main] o.f.core.internal.command.DbMigrate      : Migrating schema "public" to version "9 - profile casual"
2026-09-14T20:05:12.748+05:00  INFO 38132 --- [nomad-games] [           main] o.f.core.internal.command.DbMigrate      : Migrating schema "public" to version "10 - rooms game"
2026-09-14T20:05:12.772+05:00  INFO 38132 --- [nomad-games] [           main] o.f.core.internal.command.DbMigrate      : Migrating schema "public" to version "11 - credentials bind"
2026-09-14T20:05:12.802+05:00  INFO 38132 --- [nomad-games] [           main] o.f.core.internal.command.DbMigrate      : Migrating schema "public" to version "12 - glicko ratings"
2026-09-14T20:05:12.838+05:00  INFO 38132 --- [nomad-games] [           main] o.f.core.internal.command.DbMigrate      : Successfully applied 12 migrations to schema "public", now at version v12 (execution time 00:00.149s)
2026-09-14T20:05:12.992+05:00  INFO 38132 --- [nomad-games] [           main] org.hibernate.orm.jpa                    : HHH008540: Processing PersistenceUnitInfo [name: default]
2026-09-14T20:05:13.075+05:00  INFO 38132 --- [nomad-games] [           main] org.hibernate.orm.core                   : HHH000001: Hibernate ORM core version 7.4.5.Final
2026-09-14T20:05:13.615+05:00  INFO 38132 --- [nomad-games] [           main] o.s.o.j.p.SpringPersistenceUnitInfo      : No LoadTimeWeaver setup: ignoring JPA class transformer
2026-09-14T20:05:13.652+05:00  INFO 38132 --- [nomad-games] [           main] com.zaxxer.hikari.HikariDataSource       : HikariPool-1 - Starting...
2026-09-14T20:05:13.685+05:00  INFO 38132 --- [nomad-games] [           main] com.zaxxer.hikari.pool.HikariPool        : HikariPool-1 - Added connection org.postgresql.jdbc.PgConnection@68ecc60e
2026-09-14T20:05:13.688+05:00  INFO 38132 --- [nomad-games] [           main] com.zaxxer.hikari.HikariDataSource       : HikariPool-1 - Start completed.
2026-09-14T20:05:13.776+05:00  INFO 38132 --- [nomad-games] [           main] org.hibernate.orm.connections.pooling    : HHH10001005: Database info:
	Database JDBC URL [jdbc:postgresql://localhost:49891/test?loggerLevel=OFF]
	Database driver: PostgreSQL JDBC Driver
	Database dialect: PostgreSQLDialect
	Database version: 18.6
	Default catalog/schema: test/public
	Autocommit mode: undefined/unknown
	Isolation level: READ_COMMITTED [default READ_COMMITTED]
	JDBC fetch size: none
	Pool: DataSourceConnectionProvider
	Minimum pool size: undefined/unknown
	Maximum pool size: undefined/unknown
2026-09-14T20:05:14.955+05:00  INFO 38132 --- [nomad-games] [           main] org.hibernate.orm.core                   : HHH000489: No JTA platform available (set 'hibernate.transaction.jta.platform' to enable JTA platform integration)
2026-09-14T20:05:15.014+05:00  INFO 38132 --- [nomad-games] [           main] j.LocalContainerEntityManagerFactoryBean : Initialized JPA EntityManagerFactory for persistence unit 'default'
2026-09-14T20:05:15.192+05:00  INFO 38132 --- [nomad-games] [           main] o.s.d.j.r.query.QueryEnhancerFactories   : Hibernate is in classpath; If applicable, HQL parser will be used.
2026-09-14T20:05:17.572+05:00  INFO 38132 --- [nomad-games] [           main] o.a.c.c.C.[Tomcat].[localhost].[/]       : Initializing Spring TestDispatcherServlet ''
2026-09-14T20:05:17.572+05:00  INFO 38132 --- [nomad-games] [           main] o.s.t.web.servlet.TestDispatcherServlet  : Initializing Servlet ''
2026-09-14T20:05:17.589+05:00  INFO 38132 --- [nomad-games] [           main] o.s.b.a.e.web.EndpointLinksResolver      : Exposing 1 endpoint beneath base path '/actuator'
2026-09-14T20:05:17.602+05:00  INFO 38132 --- [nomad-games] [           main] o.s.t.web.servlet.TestDispatcherServlet  : Completed initialization in 30 ms
2026-09-14T20:05:17.724+05:00  INFO 38132 --- [nomad-games] [           main] o.s.boot.tomcat.TomcatWebServer          : Tomcat started on port 49905 (http) with context path '/'
2026-09-14T20:05:17.743+05:00  INFO 38132 --- [nomad-games] [           main] c.nomadgames.session.RankedReconnectIT   : Started RankedReconnectIT in 9.57 seconds (process running for 14.46)
Mockito is currently self-attaching to enable the inline-mock-maker. This will no longer work in future releases of the JDK. Please add Mockito as an agent to your build as described in Mockito's documentation: https://javadoc.io/doc/org.mockito/mockito-core/latest/org.mockito/org/mockito/Mockito.html#0.3
WARNING: A Java agent has been loaded dynamically (C:\Users\sergei.elistratov\.m2\repository\net\bytebuddy\byte-buddy-agent\1.18.11\byte-buddy-agent-1.18.11.jar)
WARNING: If a serviceability tool is in use, please run with -XX:+EnableDynamicAgentLoading to hide this warning
WARNING: If a serviceability tool is not in use, please run with -Djdk.instrument.traceUsage for more information
WARNING: Dynamic loading of agents will be disallowed by default in a future release
OpenJDK 64-Bit Server VM warning: Sharing is only supported for boot loader classes because bootstrap classpath has been appended
2026-09-14T20:05:19.155+05:00  INFO 38132 --- [nomad-games] [o-auto-1-exec-1] o.a.c.c.C.[Tomcat].[localhost].[/]       : Initializing Spring DispatcherServlet 'dispatcherServlet'
2026-09-14T20:05:19.156+05:00  INFO 38132 --- [nomad-games] [o-auto-1-exec-1] o.s.web.servlet.DispatcherServlet        : Initializing Servlet 'dispatcherServlet'
2026-09-14T20:05:19.157+05:00  INFO 38132 --- [nomad-games] [o-auto-1-exec-1] o.s.web.servlet.DispatcherServlet        : Completed initialization in 1 ms
2026-09-14T20:05:20.761+05:00  WARN 38132 --- [nomad-games] [   scheduling-1] com.zaxxer.hikari.pool.ProxyConnection   : HikariPool-1 - Connection org.postgresql.jdbc.PgConnection@47c4f313 marked as broken because of SQLSTATE(08006), ErrorCode(0)

org.postgresql.util.PSQLException: Ошибка ввода/вывода при отправке бэкенду.
	at org.postgresql.core.v3.QueryExecutorImpl.execute(QueryExecutorImpl.java:474) ~[postgresql-42.7.13.jar:42.7.13]
	at org.postgresql.jdbc.PgStatement.executeInternal(PgStatement.java:533) ~[postgresql-42.7.13.jar:42.7.13]
	at org.postgresql.jdbc.PgStatement.execute(PgStatement.java:449) ~[postgresql-42.7.13.jar:42.7.13]
	at org.postgresql.jdbc.PgPreparedStatement.executeWithFlags(PgPreparedStatement.java:197) ~[postgresql-42.7.13.jar:42.7.13]
	at org.postgresql.jdbc.PgPreparedStatement.executeQuery(PgPreparedStatement.java:140) ~[postgresql-42.7.13.jar:42.7.13]
	at com.zaxxer.hikari.pool.ProxyPreparedStatement.executeQuery(ProxyPreparedStatement.java:52) ~[HikariCP-7.0.2.jar:na]
	at com.zaxxer.hikari.pool.HikariProxyPreparedStatement.executeQuery(HikariProxyPreparedStatement.java) ~[HikariCP-7.0.2.jar:na]
	at org.hibernate.sql.results.jdbc.internal.DeferredResultSetAccess.executeQuery(DeferredResultSetAccess.java:269) ~[hibernate-core-7.4.5.Final.jar:7.4.5.Final]
	at org.hibernate.sql.results.jdbc.internal.DeferredResultSetAccess.getResultSet(DeferredResultSetAccess.java:188) ~[hibernate-core-7.4.5.Final.jar:7.4.5.Final]
	at org.hibernate.sql.results.jdbc.internal.JdbcValuesResultSetImpl.<init>(JdbcValuesResultSetImpl.java:71) ~[hibernate-core-7.4.5.Final.jar:7.4.5.Final]
	at org.hibernate.sql.exec.internal.JdbcSelectExecutorStandardImpl.resolveJdbcValues(JdbcSelectExecutorStandardImpl.java:422) ~[hibernate-core-7.4.5.Final.jar:7.4.5.Final]
	at org.hibernate.sql.exec.internal.JdbcSelectExecutorStandardImpl.resolveJdbcValuesSource(JdbcSelectExecutorStandardImpl.java:349) ~[hibernate-core-7.4.5.Final.jar:7.4.5.Final]
	at org.hibernate.sql.exec.internal.JdbcSelectExecutorStandardImpl.doExecuteQuery(JdbcSelectExecutorStandardImpl.java:143) ~[hibernate-core-7.4.5.Final.jar:7.4.5.Final]
	at org.hibernate.sql.exec.internal.JdbcSelectExecutorStandardImpl.executeQuery(JdbcSelectExecutorStandardImpl.java:100) ~[hibernate-core-7.4.5.Final.jar:7.4.5.Final]
	at org.hibernate.sql.exec.spi.JdbcSelectExecutor.executeQuery(JdbcSelectExecutor.java:63) ~[hibernate-core-7.4.5.Final.jar:7.4.5.Final]
	at org.hibernate.sql.exec.spi.JdbcSelectExecutor.list(JdbcSelectExecutor.java:137) ~[hibernate-core-7.4.5.Final.jar:7.4.5.Final]
	at org.hibernate.query.sqm.internal.ConcreteSqmSelectQueryPlan.lambda$new$1(ConcreteSqmSelectQueryPlan.java:136) ~[hibernate-core-7.4.5.Final.jar:7.4.5.Final]
	at org.hibernate.query.sqm.internal.ConcreteSqmSelectQueryPlan.withCacheableSqmInterpretation(ConcreteSqmSelectQueryPlan.java:484) ~[hibernate-core-7.4.5.Final.jar:7.4.5.Final]
	at org.hibernate.query.sqm.internal.ConcreteSqmSelectQueryPlan.performList(ConcreteSqmSelectQueryPlan.java:411) ~[hibernate-core-7.4.5.Final.jar:7.4.5.Final]
	at org.hibernate.query.sqm.internal.SqmQueryImpl.doList(SqmQueryImpl.java:379) ~[hibernate-core-7.4.5.Final.jar:7.4.5.Final]
	at org.hibernate.query.spi.AbstractSelectionQuery.list(AbstractSelectionQuery.java:153) ~[hibernate-core-7.4.5.Final.jar:7.4.5.Final]
	at org.hibernate.query.Query.getResultList(Query.java:121) ~[hibernate-core-7.4.5.Final.jar:7.4.5.Final]
	at org.springframework.data.jpa.repository.query.JpaQueryExecution$CollectionExecution.doExecute(JpaQueryExecution.java:141) ~[spring-data-jpa-4.1.1.jar:4.1.1]
	at org.springframework.data.jpa.repository.query.JpaQueryExecution.execute(JpaQueryExecution.java:100) ~[spring-data-jpa-4.1.1.jar:4.1.1]
	at org.springframework.data.jpa.repository.query.AbstractJpaQuery.doExecute(AbstractJpaQuery.java:166) ~[spring-data-jpa-4.1.1.jar:4.1.1]
	at org.springframework.data.jpa.repository.query.AbstractJpaQuery.execute(AbstractJpaQuery.java:156) ~[spring-data-jpa-4.1.1.jar:4.1.1]
	at org.springframework.data.repository.core.support.RepositoryMethodInvoker.doInvoke(RepositoryMethodInvoker.java:169) ~[spring-data-commons-4.1.1.jar:4.1.1]
	at org.springframework.data.repository.core.support.RepositoryMethodInvoker.invoke(RepositoryMethodInvoker.java:158) ~[spring-data-commons-4.1.1.jar:4.1.1]
	at org.springframework.data.repository.core.support.QueryExecutorMethodInterceptor.doInvoke(QueryExecutorMethodInterceptor.java:167) ~[spring-data-commons-4.1.1.jar:4.1.1]
	at org.springframework.data.repository.core.support.QueryExecutorMethodInterceptor.invoke(QueryExecutorMethodInterceptor.java:146) ~[spring-data-commons-4.1.1.jar:4.1.1]
	at org.springframework.aop.framework.ReflectiveMethodInvocation.proceed(ReflectiveMethodInvocation.java:179) ~[spring-aop-7.0.9.jar:7.0.9]
	at org.springframework.data.projection.DefaultMethodInvokingMethodInterceptor.invoke(DefaultMethodInvokingMethodInterceptor.java:69) ~[spring-data-commons-4.1.1.jar:4.1.1]
	at org.springframework.aop.framework.ReflectiveMethodInvocation.proceed(ReflectiveMethodInvocation.java:179) ~[spring-aop-7.0.9.jar:7.0.9]
	at org.springframework.transaction.interceptor.TransactionInterceptor$1.proceedWithInvocation(TransactionInterceptor.java:133) ~[spring-tx-7.0.9.jar:7.0.9]
	at org.springframework.transaction.interceptor.TransactionAspectSupport.invokeWithinTransaction(TransactionAspectSupport.java:371) ~[spring-tx-7.0.9.jar:7.0.9]
	at org.springframework.transaction.interceptor.TransactionInterceptor.invoke(TransactionInterceptor.java:130) ~[spring-tx-7.0.9.jar:7.0.9]
	at org.springframework.aop.framework.ReflectiveMethodInvocation.proceed(ReflectiveMethodInvocation.java:179) ~[spring-aop-7.0.9.jar:7.0.9]
	at org.springframework.dao.support.PersistenceExceptionTranslationInterceptor.invoke(PersistenceExceptionTranslationInterceptor.java:135) ~[spring-tx-7.0.9.jar:7.0.9]
	at org.springframework.aop.framework.ReflectiveMethodInvocation.proceed(ReflectiveMethodInvocation.java:179) ~[spring-aop-7.0.9.jar:7.0.9]
	at org.springframework.data.jpa.repository.support.CrudMethodMetadataPostProcessor$CrudMethodMetadataPopulatingMethodInterceptor.invoke(CrudMethodMetadataPostProcessor.java:137) ~[spring-data-jpa-4.1.1.jar:4.1.1]
	at org.springframework.aop.framework.ReflectiveMethodInvocation.proceed(ReflectiveMethodInvocation.java:179) ~[spring-aop-7.0.9.jar:7.0.9]
	at org.springframework.aop.framework.JdkDynamicAopProxy.invoke(JdkDynamicAopProxy.java:222) ~[spring-aop-7.0.9.jar:7.0.9]
	at jdk.proxy2/jdk.proxy2.$Proxy211.findByStatusAndIdleExpiresAtBefore(Unknown Source) ~[na:na]
	at com.nomadgames.matchmaking.RoomService.lambda$closeExpiredLobbies$7(RoomService.java:158) ~[classes/:na]
	at org.springframework.transaction.support.TransactionTemplate.execute(TransactionTemplate.java:137) ~[spring-tx-7.0.9.jar:7.0.9]
	at com.nomadgames.matchmaking.RoomService.closeExpiredLobbies(RoomService.java:157) ~[classes/:na]
	at java.base/jdk.internal.reflect.DirectMethodHandleAccessor.invoke(DirectMethodHandleAccessor.java:103) ~[na:na]
	at java.base/java.lang.reflect.Method.invoke(Method.java:580) ~[na:na]
	at org.springframework.scheduling.support.ScheduledMethodRunnable.runInternal(ScheduledMethodRunnable.java:128) ~[spring-context-7.0.9.jar:7.0.9]
	at org.springframework.scheduling.support.ScheduledMethodRunnable.lambda$run$1(ScheduledMethodRunnable.java:122) ~[spring-context-7.0.9.jar:7.0.9]
	at io.micrometer.observation.Observation.observe(Observation.java:569) ~[micrometer-observation-1.17.1.jar:1.17.1]
	at org.springframework.scheduling.support.ScheduledMethodRunnable.run(ScheduledMethodRunnable.java:122) ~[spring-context-7.0.9.jar:7.0.9]
	at org.springframework.scheduling.config.Task$OutcomeTrackingRunnable.run(Task.java:88) ~[spring-context-7.0.9.jar:7.0.9]
	at org.springframework.scheduling.support.DelegatingErrorHandlingRunnable.run(DelegatingErrorHandlingRunnable.java:54) ~[spring-context-7.0.9.jar:7.0.9]
	at java.base/java.util.concurrent.Executors$RunnableAdapter.call(Executors.java:572) ~[na:na]
	at java.base/java.util.concurrent.FutureTask.runAndReset(FutureTask.java:358) ~[na:na]
	at java.base/java.util.concurrent.ScheduledThreadPoolExecutor$ScheduledFutureTask.run(ScheduledThreadPoolExecutor.java:305) ~[na:na]
	at java.base/java.util.concurrent.ThreadPoolExecutor.runWorker(ThreadPoolExecutor.java:1144) ~[na:na]
	at java.base/java.util.concurrent.ThreadPoolExecutor$Worker.run(ThreadPoolExecutor.java:642) ~[na:na]
	at java.base/java.lang.Thread.run(Thread.java:1583) ~[na:na]
Caused by: java.io.EOFException
	at org.postgresql.core.PGStream.receiveChar(PGStream.java:482) ~[postgresql-42.7.13.jar:42.7.13]
	at org.postgresql.core.v3.QueryExecutorImpl.processResults(QueryExecutorImpl.java:2383) ~[postgresql-42.7.13.jar:42.7.13]
	at org.postgresql.core.v3.QueryExecutorImpl.execute(QueryExecutorImpl.java:446) ~[postgresql-42.7.13.jar:42.7.13]
	... 59 common frames omitted

2026-09-14T20:05:20.773+05:00  WARN 38132 --- [nomad-games] [   scheduling-1] org.hibernate.orm.jdbc.error             : HHH000247: ErrorCode: 0, SQLState: 08006
2026-09-14T20:05:20.773+05:00  WARN 38132 --- [nomad-games] [   scheduling-1] org.hibernate.orm.jdbc.error             : Ошибка ввода/вывода при отправке бэкенду.
2026-09-14T20:05:20.782+05:00 ERROR 38132 --- [nomad-games] [   scheduling-1] o.s.t.support.TransactionTemplate        : Application exception overridden by rollback exception

org.springframework.dao.DataAccessResourceFailureException: JDBC exception executing SQL [Ошибка ввода/вывода при отправке бэкенду.] [select re1_0.id,re1_0.code,re1_0.created_at,re1_0.game,re1_0.host_id,re1_0.host_ready,re1_0.idle_expires_at,re1_0.joiner_id,re1_0.joiner_ready,re1_0.match_id,re1_0.status,re1_0.version from rooms re1_0 where re1_0.status=? and re1_0.idle_expires_at<?]
	at org.springframework.orm.jpa.hibernate.HibernateExceptionTranslator.convertHibernateAccessException(HibernateExceptionTranslator.java:153) ~[spring-orm-7.0.9.jar:7.0.9]
	at org.springframework.orm.jpa.hibernate.HibernateExceptionTranslator.convertHibernateAccessException(HibernateExceptionTranslator.java:131) ~[spring-orm-7.0.9.jar:7.0.9]
	at org.springframework.orm.jpa.hibernate.HibernateExceptionTranslator.translateExceptionIfPossible(HibernateExceptionTranslator.java:105) ~[spring-orm-7.0.9.jar:7.0.9]
	at org.springframework.orm.jpa.vendor.HibernateJpaDialect.translateExceptionIfPossible(HibernateJpaDialect.java:223) ~[spring-orm-7.0.9.jar:7.0.9]
	at org.springframework.orm.jpa.AbstractEntityManagerFactoryBean.translateExceptionIfPossible(AbstractEntityManagerFactoryBean.java:577) ~[spring-orm-7.0.9.jar:7.0.9]
	at org.springframework.dao.support.ChainedPersistenceExceptionTranslator.translateExceptionIfPossible(ChainedPersistenceExceptionTranslator.java:61) ~[spring-tx-7.0.9.jar:7.0.9]
	at org.springframework.dao.support.DataAccessUtils.translateIfNecessary(DataAccessUtils.java:346) ~[spring-tx-7.0.9.jar:7.0.9]
	at org.springframework.dao.support.PersistenceExceptionTranslationInterceptor.invoke(PersistenceExceptionTranslationInterceptor.java:157) ~[spring-tx-7.0.9.jar:7.0.9]
	at org.springframework.aop.framework.ReflectiveMethodInvocation.proceed(ReflectiveMethodInvocation.java:179) ~[spring-aop-7.0.9.jar:7.0.9]
	at org.springframework.data.jpa.repository.support.CrudMethodMetadataPostProcessor$CrudMethodMetadataPopulatingMethodInterceptor.invoke(CrudMethodMetadataPostProcessor.java:137) ~[spring-data-jpa-4.1.1.jar:4.1.1]
	at org.springframework.aop.framework.ReflectiveMethodInvocation.proceed(ReflectiveMethodInvocation.java:179) ~[spring-aop-7.0.9.jar:7.0.9]
	at org.springframework.aop.framework.JdkDynamicAopProxy.invoke(JdkDynamicAopProxy.java:222) ~[spring-aop-7.0.9.jar:7.0.9]
	at jdk.proxy2/jdk.proxy2.$Proxy211.findByStatusAndIdleExpiresAtBefore(Unknown Source) ~[na:na]
	at com.nomadgames.matchmaking.RoomService.lambda$closeExpiredLobbies$7(RoomService.java:158) ~[classes/:na]
	at org.springframework.transaction.support.TransactionTemplate.execute(TransactionTemplate.java:137) ~[spring-tx-7.0.9.jar:7.0.9]
	at com.nomadgames.matchmaking.RoomService.closeExpiredLobbies(RoomService.java:157) ~[classes/:na]
	at java.base/jdk.internal.reflect.DirectMethodHandleAccessor.invoke(DirectMethodHandleAccessor.java:103) ~[na:na]
	at java.base/java.lang.reflect.Method.invoke(Method.java:580) ~[na:na]
	at org.springframework.scheduling.support.ScheduledMethodRunnable.runInternal(ScheduledMethodRunnable.java:128) ~[spring-context-7.0.9.jar:7.0.9]
	at org.springframework.scheduling.support.ScheduledMethodRunnable.lambda$run$1(ScheduledMethodRunnable.java:122) ~[spring-context-7.0.9.jar:7.0.9]
	at io.micrometer.observation.Observation.observe(Observation.java:569) ~[micrometer-observation-1.17.1.jar:1.17.1]
	at org.springframework.scheduling.support.ScheduledMethodRunnable.run(ScheduledMethodRunnable.java:122) ~[spring-context-7.0.9.jar:7.0.9]
	at org.springframework.scheduling.config.Task$OutcomeTrackingRunnable.run(Task.java:88) ~[spring-context-7.0.9.jar:7.0.9]
	at org.springframework.scheduling.support.DelegatingErrorHandlingRunnable.run(DelegatingErrorHandlingRunnable.java:54) ~[spring-context-7.0.9.jar:7.0.9]
	at java.base/java.util.concurrent.Executors$RunnableAdapter.call(Executors.java:572) ~[na:na]
	at java.base/java.util.concurrent.FutureTask.runAndReset(FutureTask.java:358) ~[na:na]
	at java.base/java.util.concurrent.ScheduledThreadPoolExecutor$ScheduledFutureTask.run(ScheduledThreadPoolExecutor.java:305) ~[na:na]
	at java.base/java.util.concurrent.ThreadPoolExecutor.runWorker(ThreadPoolExecutor.java:1144) ~[na:na]
	at java.base/java.util.concurrent.ThreadPoolExecutor$Worker.run(ThreadPoolExecutor.java:642) ~[na:na]
	at java.base/java.lang.Thread.run(Thread.java:1583) ~[na:na]
Caused by: org.hibernate.exception.JDBCConnectionException: JDBC exception executing SQL [Ошибка ввода/вывода при отправке бэкенду.] [select re1_0.id,re1_0.code,re1_0.created_at,re1_0.game,re1_0.host_id,re1_0.host_ready,re1_0.idle_expires_at,re1_0.joiner_id,re1_0.joiner_ready,re1_0.match_id,re1_0.status,re1_0.version from rooms re1_0 where re1_0.status=? and re1_0.idle_expires_at<?]
	at org.hibernate.exception.internal.SQLStateConversionDelegate.convert(SQLStateConversionDelegate.java:80) ~[hibernate-core-7.4.5.Final.jar:7.4.5.Final]
	at org.hibernate.exception.internal.StandardSQLExceptionConverter.convert(StandardSQLExceptionConverter.java:34) ~[hibernate-core-7.4.5.Final.jar:7.4.5.Final]
	at org.hibernate.engine.jdbc.spi.SqlExceptionHelper.convert(SqlExceptionHelper.java:115) ~[hibernate-core-7.4.5.Final.jar:7.4.5.Final]
	at org.hibernate.sql.results.jdbc.internal.DeferredResultSetAccess.executeQuery(DeferredResultSetAccess.java:292) ~[hibernate-core-7.4.5.Final.jar:7.4.5.Final]
	at org.hibernate.sql.results.jdbc.internal.DeferredResultSetAccess.getResultSet(DeferredResultSetAccess.java:188) ~[hibernate-core-7.4.5.Final.jar:7.4.5.Final]
	at org.hibernate.sql.results.jdbc.internal.JdbcValuesResultSetImpl.<init>(JdbcValuesResultSetImpl.java:71) ~[hibernate-core-7.4.5.Final.jar:7.4.5.Final]
	at org.hibernate.sql.exec.internal.JdbcSelectExecutorStandardImpl.resolveJdbcValues(JdbcSelectExecutorStandardImpl.java:422) ~[hibernate-core-7.4.5.Final.jar:7.4.5.Final]
	at org.hibernate.sql.exec.internal.JdbcSelectExecutorStandardImpl.resolveJdbcValuesSource(JdbcSelectExecutorStandardImpl.java:349) ~[hibernate-core-7.4.5.Final.jar:7.4.5.Final]
	at org.hibernate.sql.exec.internal.JdbcSelectExecutorStandardImpl.doExecuteQuery(JdbcSelectExecutorStandardImpl.java:143) ~[hibernate-core-7.4.5.Final.jar:7.4.5.Final]
	at org.hibernate.sql.exec.internal.JdbcSelectExecutorStandardImpl.executeQuery(JdbcSelectExecutorStandardImpl.java:100) ~[hibernate-core-7.4.5.Final.jar:7.4.5.Final]
	at org.hibernate.sql.exec.spi.JdbcSelectExecutor.executeQuery(JdbcSelectExecutor.java:63) ~[hibernate-core-7.4.5.Final.jar:7.4.5.Final]
	at org.hibernate.sql.exec.spi.JdbcSelectExecutor.list(JdbcSelectExecutor.java:137) ~[hibernate-core-7.4.5.Final.jar:7.4.5.Final]
	at org.hibernate.query.sqm.internal.ConcreteSqmSelectQueryPlan.lambda$new$1(ConcreteSqmSelectQueryPlan.java:136) ~[hibernate-core-7.4.5.Final.jar:7.4.5.Final]
	at org.hibernate.query.sqm.internal.ConcreteSqmSelectQueryPlan.withCacheableSqmInterpretation(ConcreteSqmSelectQueryPlan.java:484) ~[hibernate-core-7.4.5.Final.jar:7.4.5.Final]
	at org.hibernate.query.sqm.internal.ConcreteSqmSelectQueryPlan.performList(ConcreteSqmSelectQueryPlan.java:411) ~[hibernate-core-7.4.5.Final.jar:7.4.5.Final]
	at org.hibernate.query.sqm.internal.SqmQueryImpl.doList(SqmQueryImpl.java:379) ~[hibernate-core-7.4.5.Final.jar:7.4.5.Final]
	at org.hibernate.query.spi.AbstractSelectionQuery.list(AbstractSelectionQuery.java:153) ~[hibernate-core-7.4.5.Final.jar:7.4.5.Final]
	at org.hibernate.query.Query.getResultList(Query.java:121) ~[hibernate-core-7.4.5.Final.jar:7.4.5.Final]
	at org.springframework.data.jpa.repository.query.JpaQueryExecution$CollectionExecution.doExecute(JpaQueryExecution.java:141) ~[spring-data-jpa-4.1.1.jar:4.1.1]
	at org.springframework.data.jpa.repository.query.JpaQueryExecution.execute(JpaQueryExecution.java:100) ~[spring-data-jpa-4.1.1.jar:4.1.1]
	at org.springframework.data.jpa.repository.query.AbstractJpaQuery.doExecute(AbstractJpaQuery.java:166) ~[spring-data-jpa-4.1.1.jar:4.1.1]
	at org.springframework.data.jpa.repository.query.AbstractJpaQuery.execute(AbstractJpaQuery.java:156) ~[spring-data-jpa-4.1.1.jar:4.1.1]
	at org.springframework.data.repository.core.support.RepositoryMethodInvoker.doInvoke(RepositoryMethodInvoker.java:169) ~[spring-data-commons-4.1.1.jar:4.1.1]
	at org.springframework.data.repository.core.support.RepositoryMethodInvoker.invoke(RepositoryMethodInvoker.java:158) ~[spring-data-commons-4.1.1.jar:4.1.1]
	at org.springframework.data.repository.core.support.QueryExecutorMethodInterceptor.doInvoke(QueryExecutorMethodInterceptor.java:167) ~[spring-data-commons-4.1.1.jar:4.1.1]
	at org.springframework.data.repository.core.support.QueryExecutorMethodInterceptor.invoke(QueryExecutorMethodInterceptor.java:146) ~[spring-data-commons-4.1.1.jar:4.1.1]
	at org.springframework.aop.framework.ReflectiveMethodInvocation.proceed(ReflectiveMethodInvocation.java:179) ~[spring-aop-7.0.9.jar:7.0.9]
	at org.springframework.data.projection.DefaultMethodInvokingMethodInterceptor.invoke(DefaultMethodInvokingMethodInterceptor.java:69) ~[spring-data-commons-4.1.1.jar:4.1.1]
	at org.springframework.aop.framework.ReflectiveMethodInvocation.proceed(ReflectiveMethodInvocation.java:179) ~[spring-aop-7.0.9.jar:7.0.9]
	at org.springframework.transaction.interceptor.TransactionInterceptor$1.proceedWithInvocation(TransactionInterceptor.java:133) ~[spring-tx-7.0.9.jar:7.0.9]
	at org.springframework.transaction.interceptor.TransactionAspectSupport.invokeWithinTransaction(TransactionAspectSupport.java:371) ~[spring-tx-7.0.9.jar:7.0.9]
	at org.springframework.transaction.interceptor.TransactionInterceptor.invoke(TransactionInterceptor.java:130) ~[spring-tx-7.0.9.jar:7.0.9]
	at org.springframework.aop.framework.ReflectiveMethodInvocation.proceed(ReflectiveMethodInvocation.java:179) ~[spring-aop-7.0.9.jar:7.0.9]
	at org.springframework.dao.support.PersistenceExceptionTranslationInterceptor.invoke(PersistenceExceptionTranslationInterceptor.java:135) ~[spring-tx-7.0.9.jar:7.0.9]
	... 22 common frames omitted
Caused by: org.postgresql.util.PSQLException: Ошибка ввода/вывода при отправке бэкенду.
	at org.postgresql.core.v3.QueryExecutorImpl.execute(QueryExecutorImpl.java:474) ~[postgresql-42.7.13.jar:42.7.13]
	at org.postgresql.jdbc.PgStatement.executeInternal(PgStatement.java:533) ~[postgresql-42.7.13.jar:42.7.13]
	at org.postgresql.jdbc.PgStatement.execute(PgStatement.java:449) ~[postgresql-42.7.13.jar:42.7.13]
	at org.postgresql.jdbc.PgPreparedStatement.executeWithFlags(PgPreparedStatement.java:197) ~[postgresql-42.7.13.jar:42.7.13]
	at org.postgresql.jdbc.PgPreparedStatement.executeQuery(PgPreparedStatement.java:140) ~[postgresql-42.7.13.jar:42.7.13]
	at com.zaxxer.hikari.pool.ProxyPreparedStatement.executeQuery(ProxyPreparedStatement.java:52) ~[HikariCP-7.0.2.jar:na]
	at com.zaxxer.hikari.pool.HikariProxyPreparedStatement.executeQuery(HikariProxyPreparedStatement.java) ~[HikariCP-7.0.2.jar:na]
	at org.hibernate.sql.results.jdbc.internal.DeferredResultSetAccess.executeQuery(DeferredResultSetAccess.java:269) ~[hibernate-core-7.4.5.Final.jar:7.4.5.Final]
	... 52 common frames omitted
Caused by: java.io.EOFException
	at org.postgresql.core.PGStream.receiveChar(PGStream.java:482) ~[postgresql-42.7.13.jar:42.7.13]
	at org.postgresql.core.v3.QueryExecutorImpl.processResults(QueryExecutorImpl.java:2383) ~[postgresql-42.7.13.jar:42.7.13]
	at org.postgresql.core.v3.QueryExecutorImpl.execute(QueryExecutorImpl.java:446) ~[postgresql-42.7.13.jar:42.7.13]
	... 59 common frames omitted

2026-09-14T20:05:20.786+05:00 ERROR 38132 --- [nomad-games] [   scheduling-1] o.s.s.s.TaskUtils$LoggingErrorHandler    : Unexpected error occurred in scheduled task

org.springframework.orm.jpa.JpaSystemException: Unable to rollback against JDBC Connection
	at org.springframework.orm.jpa.hibernate.HibernateExceptionTranslator.convertHibernateAccessException(HibernateExceptionTranslator.java:223) ~[spring-orm-7.0.9.jar:7.0.9]
	at org.springframework.orm.jpa.hibernate.HibernateExceptionTranslator.convertHibernateAccessException(HibernateExceptionTranslator.java:131) ~[spring-orm-7.0.9.jar:7.0.9]
	at org.springframework.orm.jpa.hibernate.HibernateExceptionTranslator.translateExceptionIfPossible(HibernateExceptionTranslator.java:105) ~[spring-orm-7.0.9.jar:7.0.9]
	at org.springframework.orm.jpa.vendor.HibernateJpaDialect.translateExceptionIfPossible(HibernateJpaDialect.java:223) ~[spring-orm-7.0.9.jar:7.0.9]
	at org.springframework.orm.jpa.JpaTransactionManager.doRollback(JpaTransactionManager.java:583) ~[spring-orm-7.0.9.jar:7.0.9]
	at org.springframework.transaction.support.AbstractPlatformTransactionManager.processRollback(AbstractPlatformTransactionManager.java:896) ~[spring-tx-7.0.9.jar:7.0.9]
	at org.springframework.transaction.support.AbstractPlatformTransactionManager.rollback(AbstractPlatformTransactionManager.java:865) ~[spring-tx-7.0.9.jar:7.0.9]
	at org.springframework.transaction.support.TransactionTemplate.rollbackOnException(TransactionTemplate.java:165) ~[spring-tx-7.0.9.jar:7.0.9]
	at org.springframework.transaction.support.TransactionTemplate.execute(TransactionTemplate.java:141) ~[spring-tx-7.0.9.jar:7.0.9]
	at com.nomadgames.matchmaking.RoomService.closeExpiredLobbies(RoomService.java:157) ~[classes/:na]
	at java.base/jdk.internal.reflect.DirectMethodHandleAccessor.invoke(DirectMethodHandleAccessor.java:103) ~[na:na]
	at java.base/java.lang.reflect.Method.invoke(Method.java:580) ~[na:na]
	at org.springframework.scheduling.support.ScheduledMethodRunnable.runInternal(ScheduledMethodRunnable.java:128) ~[spring-context-7.0.9.jar:7.0.9]
	at org.springframework.scheduling.support.ScheduledMethodRunnable.lambda$run$1(ScheduledMethodRunnable.java:122) ~[spring-context-7.0.9.jar:7.0.9]
	at io.micrometer.observation.Observation.observe(Observation.java:569) ~[micrometer-observation-1.17.1.jar:1.17.1]
	at org.springframework.scheduling.support.ScheduledMethodRunnable.run(ScheduledMethodRunnable.java:122) ~[spring-context-7.0.9.jar:7.0.9]
	at org.springframework.scheduling.config.Task$OutcomeTrackingRunnable.run(Task.java:88) ~[spring-context-7.0.9.jar:7.0.9]
	at org.springframework.scheduling.support.DelegatingErrorHandlingRunnable.run(DelegatingErrorHandlingRunnable.java:54) ~[spring-context-7.0.9.jar:7.0.9]
	at java.base/java.util.concurrent.Executors$RunnableAdapter.call(Executors.java:572) ~[na:na]
	at java.base/java.util.concurrent.FutureTask.runAndReset(FutureTask.java:358) ~[na:na]
	at java.base/java.util.concurrent.ScheduledThreadPoolExecutor$ScheduledFutureTask.run(ScheduledThreadPoolExecutor.java:305) ~[na:na]
	at java.base/java.util.concurrent.ThreadPoolExecutor.runWorker(ThreadPoolExecutor.java:1144) ~[na:na]
	at java.base/java.util.concurrent.ThreadPoolExecutor$Worker.run(ThreadPoolExecutor.java:642) ~[na:na]
	at java.base/java.lang.Thread.run(Thread.java:1583) ~[na:na]
Caused by: org.hibernate.TransactionException: Unable to rollback against JDBC Connection
	at org.hibernate.resource.jdbc.internal.AbstractLogicalConnectionImplementor.rollback(AbstractLogicalConnectionImplementor.java:151) ~[hibernate-core-7.4.5.Final.jar:7.4.5.Final]
	at org.hibernate.resource.transaction.backend.jdbc.internal.JdbcResourceLocalTransactionCoordinatorImpl$TransactionDriverControlImpl.rollback(JdbcResourceLocalTransactionCoordinatorImpl.java:300) ~[hibernate-core-7.4.5.Final.jar:7.4.5.Final]
	at org.hibernate.engine.transaction.internal.TransactionImpl.rollback(TransactionImpl.java:123) ~[hibernate-core-7.4.5.Final.jar:7.4.5.Final]
	at org.springframework.orm.jpa.JpaTransactionManager.doRollback(JpaTransactionManager.java:579) ~[spring-orm-7.0.9.jar:7.0.9]
	... 19 common frames omitted
Caused by: java.sql.SQLException: Connection is closed
	at com.zaxxer.hikari.pool.ProxyConnection$ClosedConnection.lambda$getClosedConnection$0(ProxyConnection.java:559) ~[HikariCP-7.0.2.jar:na]
	at jdk.proxy3/jdk.proxy3.$Proxy168.rollback(Unknown Source) ~[na:na]
	at com.zaxxer.hikari.pool.ProxyConnection.rollback(ProxyConnection.java:386) ~[HikariCP-7.0.2.jar:na]
	at com.zaxxer.hikari.pool.HikariProxyConnection.rollback(HikariProxyConnection.java) ~[HikariCP-7.0.2.jar:na]
	at org.hibernate.resource.jdbc.internal.AbstractLogicalConnectionImplementor.rollback(AbstractLogicalConnectionImplementor.java:141) ~[hibernate-core-7.4.5.Final.jar:7.4.5.Final]
	... 22 common frames omitted

[INFO] Tests run: 4, Failures: 0, Errors: 0, Skipped: 0, Time elapsed: 16.87 s -- in com.nomadgames.session.RankedReconnectIT
[INFO] Running com.nomadgames.session.ReconnectIT
2026-09-14T20:05:21.054+05:00  INFO 38132 --- [nomad-games] [           main] tc.postgres:18                           : Creating container for image: postgres:18
2026-09-14T20:05:21.206+05:00  INFO 38132 --- [nomad-games] [           main] tc.postgres:18                           : Container postgres:18 is starting: 282c673524db84208f9abcb24f63c814b4c2ec2295889b63d8168fa14cb356e9
2026-09-14T20:05:21.748+05:00  WARN 38132 --- [nomad-games] [   scheduling-1] com.zaxxer.hikari.pool.PoolBase          : HikariPool-1 - Failed to validate connection org.postgresql.jdbc.PgConnection@68ecc60e (Соединение закрыто.). Possibly consider using a shorter maxLifetime value.
2026-09-14T20:05:21.749+05:00  WARN 38132 --- [nomad-games] [   scheduling-1] com.zaxxer.hikari.pool.PoolBase          : HikariPool-1 - Failed to validate connection org.postgresql.jdbc.PgConnection@42761270 (Соединение закрыто.). Possibly consider using a shorter maxLifetime value.
2026-09-14T20:05:21.749+05:00  WARN 38132 --- [nomad-games] [   scheduling-1] com.zaxxer.hikari.pool.PoolBase          : HikariPool-1 - Failed to validate connection org.postgresql.jdbc.PgConnection@78b3f4f1 (Соединение закрыто.). Possibly consider using a shorter maxLifetime value.
2026-09-14T20:05:21.750+05:00  WARN 38132 --- [nomad-games] [   scheduling-1] com.zaxxer.hikari.pool.PoolBase          : HikariPool-1 - Failed to validate connection org.postgresql.jdbc.PgConnection@7d718c3f (Соединение закрыто.). Possibly consider using a shorter maxLifetime value.
2026-09-14T20:05:21.751+05:00  WARN 38132 --- [nomad-games] [   scheduling-1] com.zaxxer.hikari.pool.PoolBase          : HikariPool-1 - Failed to validate connection org.postgresql.jdbc.PgConnection@662b8240 (Соединение закрыто.). Possibly consider using a shorter maxLifetime value.
2026-09-14T20:05:21.751+05:00  WARN 38132 --- [nomad-games] [   scheduling-1] com.zaxxer.hikari.pool.PoolBase          : HikariPool-1 - Failed to validate connection org.postgresql.jdbc.PgConnection@14bcf967 (Соединение закрыто.). Possibly consider using a shorter maxLifetime value.
2026-09-14T20:05:21.752+05:00  WARN 38132 --- [nomad-games] [   scheduling-1] com.zaxxer.hikari.pool.PoolBase          : HikariPool-1 - Failed to validate connection org.postgresql.jdbc.PgConnection@73cf937d (Соединение закрыто.). Possibly consider using a shorter maxLifetime value.
2026-09-14T20:05:21.753+05:00  WARN 38132 --- [nomad-games] [   scheduling-1] com.zaxxer.hikari.pool.PoolBase          : HikariPool-1 - Failed to validate connection org.postgresql.jdbc.PgConnection@2aef94f (Соединение закрыто.). Possibly consider using a shorter maxLifetime value.
2026-09-14T20:05:21.755+05:00  WARN 38132 --- [nomad-games] [   scheduling-1] com.zaxxer.hikari.pool.PoolBase          : HikariPool-1 - Failed to validate connection org.postgresql.jdbc.PgConnection@38ad42d8 (Соединение закрыто.). Possibly consider using a shorter maxLifetime value.
2026-09-14T20:05:22.746+05:00  INFO 38132 --- [nomad-games] [           main] tc.postgres:18                           : Container postgres:18 started in PT1.6911116S
2026-09-14T20:05:22.746+05:00  INFO 38132 --- [nomad-games] [           main] tc.postgres:18                           : Container is started (JDBC URL: jdbc:postgresql://localhost:49920/test?loggerLevel=OFF)
2026-09-14T20:05:51.757+05:00  WARN 38132 --- [nomad-games] [   scheduling-1] org.hibernate.orm.jdbc.error             : HHH000247: ErrorCode: 0, SQLState: 08001
2026-09-14T20:05:51.757+05:00  WARN 38132 --- [nomad-games] [   scheduling-1] org.hibernate.orm.jdbc.error             : HikariPool-1 - Connection is not available, request timed out after 30007ms (total=0, active=0, idle=0, waiting=0)
2026-09-14T20:05:51.757+05:00  WARN 38132 --- [nomad-games] [   scheduling-1] org.hibernate.orm.jdbc.error             : HHH000247: ErrorCode: 0, SQLState: 08001
2026-09-14T20:05:51.758+05:00  WARN 38132 --- [nomad-games] [   scheduling-1] org.hibernate.orm.jdbc.error             : HikariPool-1 - Connection is not available, request timed out after 30007ms (total=0, active=0, idle=0, waiting=0)
2026-09-14T20:05:51.758+05:00 ERROR 38132 --- [nomad-games] [   scheduling-1] o.s.s.s.TaskUtils$LoggingErrorHandler    : Unexpected error occurred in scheduled task

org.springframework.transaction.CannotCreateTransactionException: Could not open JPA EntityManager for transaction
	at org.springframework.orm.jpa.JpaTransactionManager.doBegin(JpaTransactionManager.java:457) ~[spring-orm-7.0.9.jar:7.0.9]
	at org.springframework.transaction.support.AbstractPlatformTransactionManager.startTransaction(AbstractPlatformTransactionManager.java:532) ~[spring-tx-7.0.9.jar:7.0.9]
	at org.springframework.transaction.support.AbstractPlatformTransactionManager.getTransaction(AbstractPlatformTransactionManager.java:405) ~[spring-tx-7.0.9.jar:7.0.9]
	at org.springframework.transaction.interceptor.TransactionAspectSupport.createTransactionIfNecessary(TransactionAspectSupport.java:628) ~[spring-tx-7.0.9.jar:7.0.9]
	at org.springframework.transaction.interceptor.TransactionAspectSupport.invokeWithinTransaction(TransactionAspectSupport.java:365) ~[spring-tx-7.0.9.jar:7.0.9]
	at org.springframework.transaction.interceptor.TransactionInterceptor.invoke(TransactionInterceptor.java:130) ~[spring-tx-7.0.9.jar:7.0.9]
	at org.springframework.aop.framework.ReflectiveMethodInvocation.proceed(ReflectiveMethodInvocation.java:179) ~[spring-aop-7.0.9.jar:7.0.9]
	at org.springframework.aop.framework.CglibAopProxy$DynamicAdvisedInterceptor.intercept(CglibAopProxy.java:719) ~[spring-aop-7.0.9.jar:7.0.9]
	at com.nomadgames.session.MatchService$$SpringCGLIB$$1.expireReconnectGraces(<generated>) ~[classes/:na]
	at java.base/jdk.internal.reflect.DirectMethodHandleAccessor.invoke(DirectMethodHandleAccessor.java:103) ~[na:na]
	at java.base/java.lang.reflect.Method.invoke(Method.java:580) ~[na:na]
	at org.springframework.scheduling.support.ScheduledMethodRunnable.runInternal(ScheduledMethodRunnable.java:128) ~[spring-context-7.0.9.jar:7.0.9]
	at org.springframework.scheduling.support.ScheduledMethodRunnable.lambda$run$1(ScheduledMethodRunnable.java:122) ~[spring-context-7.0.9.jar:7.0.9]
	at io.micrometer.observation.Observation.observe(Observation.java:569) ~[micrometer-observation-1.17.1.jar:1.17.1]
	at org.springframework.scheduling.support.ScheduledMethodRunnable.run(ScheduledMethodRunnable.java:122) ~[spring-context-7.0.9.jar:7.0.9]
	at org.springframework.scheduling.config.Task$OutcomeTrackingRunnable.run(Task.java:88) ~[spring-context-7.0.9.jar:7.0.9]
	at org.springframework.scheduling.support.DelegatingErrorHandlingRunnable.run(DelegatingErrorHandlingRunnable.java:54) ~[spring-context-7.0.9.jar:7.0.9]
	at java.base/java.util.concurrent.Executors$RunnableAdapter.call(Executors.java:572) ~[na:na]
	at java.base/java.util.concurrent.FutureTask.runAndReset(FutureTask.java:358) ~[na:na]
	at java.base/java.util.concurrent.ScheduledThreadPoolExecutor$ScheduledFutureTask.run(ScheduledThreadPoolExecutor.java:305) ~[na:na]
	at java.base/java.util.concurrent.ThreadPoolExecutor.runWorker(ThreadPoolExecutor.java:1144) ~[na:na]
	at java.base/java.util.concurrent.ThreadPoolExecutor$Worker.run(ThreadPoolExecutor.java:642) ~[na:na]
	at java.base/java.lang.Thread.run(Thread.java:1583) ~[na:na]
Caused by: org.hibernate.exception.JDBCConnectionException: Unable to acquire JDBC Connection [HikariPool-1 - Connection is not available, request timed out after 30007ms (total=0, active=0, idle=0, waiting=0)] [n/a]
	at org.hibernate.exception.internal.SQLExceptionTypeDelegate.convert(SQLExceptionTypeDelegate.java:49) ~[hibernate-core-7.4.5.Final.jar:7.4.5.Final]
	at org.hibernate.exception.internal.StandardSQLExceptionConverter.convert(StandardSQLExceptionConverter.java:34) ~[hibernate-core-7.4.5.Final.jar:7.4.5.Final]
	at org.hibernate.engine.jdbc.spi.SqlExceptionHelper.convert(SqlExceptionHelper.java:115) ~[hibernate-core-7.4.5.Final.jar:7.4.5.Final]
	at org.hibernate.engine.jdbc.spi.SqlExceptionHelper.convert(SqlExceptionHelper.java:101) ~[hibernate-core-7.4.5.Final.jar:7.4.5.Final]
	at org.hibernate.resource.jdbc.internal.LogicalConnectionManagedImpl.acquire(LogicalConnectionManagedImpl.java:190) ~[hibernate-core-7.4.5.Final.jar:7.4.5.Final]
	at org.hibernate.resource.jdbc.internal.LogicalConnectionManagedImpl.acquireConnectionIfNeeded(LogicalConnectionManagedImpl.java:87) ~[hibernate-core-7.4.5.Final.jar:7.4.5.Final]
	at org.hibernate.resource.jdbc.internal.LogicalConnectionManagedImpl.getPhysicalConnection(LogicalConnectionManagedImpl.java:126) ~[hibernate-core-7.4.5.Final.jar:7.4.5.Final]
	at org.hibernate.resource.jdbc.internal.LogicalConnectionManagedImpl.getConnectionForTransactionManagement(LogicalConnectionManagedImpl.java:281) ~[hibernate-core-7.4.5.Final.jar:7.4.5.Final]
	at org.hibernate.resource.jdbc.internal.LogicalConnectionManagedImpl.begin(LogicalConnectionManagedImpl.java:290) ~[hibernate-core-7.4.5.Final.jar:7.4.5.Final]
	at org.hibernate.resource.transaction.backend.jdbc.internal.JdbcResourceLocalTransactionCoordinatorImpl$TransactionDriverControlImpl.begin(JdbcResourceLocalTransactionCoordinatorImpl.java:226) ~[hibernate-core-7.4.5.Final.jar:7.4.5.Final]
	at org.hibernate.engine.transaction.internal.TransactionImpl.begin(TransactionImpl.java:75) ~[hibernate-core-7.4.5.Final.jar:7.4.5.Final]
	at org.springframework.orm.jpa.vendor.HibernateJpaDialect.beginTransaction(HibernateJpaDialect.java:147) ~[spring-orm-7.0.9.jar:7.0.9]
	at org.springframework.orm.jpa.JpaTransactionManager.doBegin(JpaTransactionManager.java:411) ~[spring-orm-7.0.9.jar:7.0.9]
	... 22 common frames omitted
Caused by: java.sql.SQLTransientConnectionException: HikariPool-1 - Connection is not available, request timed out after 30007ms (total=0, active=0, idle=0, waiting=0)
	at com.zaxxer.hikari.pool.HikariPool.createTimeoutException(HikariPool.java:714) ~[HikariCP-7.0.2.jar:na]
	at com.zaxxer.hikari.pool.HikariPool.getConnection(HikariPool.java:184) ~[HikariCP-7.0.2.jar:na]
	at com.zaxxer.hikari.pool.HikariPool.getConnection(HikariPool.java:142) ~[HikariCP-7.0.2.jar:na]
	at com.zaxxer.hikari.HikariDataSource.getConnection(HikariDataSource.java:127) ~[HikariCP-7.0.2.jar:na]
	at org.hibernate.engine.jdbc.connections.internal.DataSourceConnectionProvider.getConnection(DataSourceConnectionProvider.java:149) ~[hibernate-core-7.4.5.Final.jar:7.4.5.Final]
	at org.hibernate.internal.NonContextualJdbcConnectionAccess.obtainConnection(NonContextualJdbcConnectionAccess.java:62) ~[hibernate-core-7.4.5.Final.jar:7.4.5.Final]
	at org.hibernate.resource.jdbc.internal.LogicalConnectionManagedImpl.acquire(LogicalConnectionManagedImpl.java:187) ~[hibernate-core-7.4.5.Final.jar:7.4.5.Final]
	... 30 common frames omitted
Caused by: org.postgresql.util.PSQLException: Подключение по адресу localhost:49891 отклонено. Проверьте, что хост и порт указаны правильно и что postmaster принимает TCP/IP-соединения.
	at org.postgresql.core.v3.ConnectionFactoryImpl.openConnectionImpl(ConnectionFactoryImpl.java:427) ~[postgresql-42.7.13.jar:42.7.13]
	at org.postgresql.core.ConnectionFactory.openConnection(ConnectionFactory.java:52) ~[postgresql-42.7.13.jar:42.7.13]
	at org.postgresql.jdbc.PgConnection.<init>(PgConnection.java:295) ~[postgresql-42.7.13.jar:42.7.13]
	at org.postgresql.Driver.makeConnection(Driver.java:437) ~[postgresql-42.7.13.jar:42.7.13]
	at org.postgresql.Driver.connect(Driver.java:305) ~[postgresql-42.7.13.jar:42.7.13]
	at com.zaxxer.hikari.util.DriverDataSource.getConnection(DriverDataSource.java:144) ~[HikariCP-7.0.2.jar:na]
	at com.zaxxer.hikari.pool.PoolBase.newConnection(PoolBase.java:373) ~[HikariCP-7.0.2.jar:na]
	at com.zaxxer.hikari.pool.PoolBase.newPoolEntry(PoolBase.java:210) ~[HikariCP-7.0.2.jar:na]
	at com.zaxxer.hikari.pool.HikariPool.createPoolEntry(HikariPool.java:488) ~[HikariCP-7.0.2.jar:na]
	at com.zaxxer.hikari.pool.HikariPool$PoolEntryCreator.call(HikariPool.java:752) ~[HikariCP-7.0.2.jar:na]
	at com.zaxxer.hikari.pool.HikariPool$PoolEntryCreator.call(HikariPool.java:731) ~[HikariCP-7.0.2.jar:na]
	at java.base/java.util.concurrent.FutureTask.run(FutureTask.java:317) ~[na:na]
	... 3 common frames omitted
Caused by: java.net.ConnectException: Connection refused: getsockopt
	at java.base/sun.nio.ch.Net.pollConnect(Native Method) ~[na:na]
	at java.base/sun.nio.ch.Net.pollConnectNow(Net.java:694) ~[na:na]
	at java.base/sun.nio.ch.NioSocketImpl.timedFinishConnect(NioSocketImpl.java:542) ~[na:na]
	at java.base/sun.nio.ch.NioSocketImpl.connect(NioSocketImpl.java:592) ~[na:na]
	at java.base/java.net.SocksSocketImpl.connect(SocksSocketImpl.java:327) ~[na:na]
	at java.base/java.net.Socket.connect(Socket.java:751) ~[na:na]
	at org.postgresql.core.PGStream.createSocket(PGStream.java:270) ~[postgresql-42.7.13.jar:42.7.13]
	at org.postgresql.core.PGStream.<init>(PGStream.java:131) ~[postgresql-42.7.13.jar:42.7.13]
	at org.postgresql.core.v3.ConnectionFactoryImpl.tryConnect(ConnectionFactoryImpl.java:221) ~[postgresql-42.7.13.jar:42.7.13]
	at org.postgresql.core.v3.ConnectionFactoryImpl.openConnectionImpl(ConnectionFactoryImpl.java:367) ~[postgresql-42.7.13.jar:42.7.13]
	... 14 common frames omitted


  .   ____          _            __ _ _
 /\\ / ___'_ __ _ _(_)_ __  __ _ \ \ \ \
( ( )\___ | '_ | '_| | '_ \/ _` | \ \ \ \
 \\/  ___)| |_)| | | | | || (_| |  ) ) ) )
  '  |____| .__|_| |_|_| |_\__, | / / / /
 =========|_|==============|___/=/_/_/_/

 :: Spring Boot ::                (v4.1.1)

2026-09-14T20:05:51.814+05:00  INFO 38132 --- [nomad-games] [           main] com.nomadgames.session.ReconnectIT       : Starting ReconnectIT using Java 21.0.11 with PID 38132 (started by sergei.elistratov in C:\Users\sergei.elistratov\Documents\проекты\nomad-game\backend)
2026-09-14T20:05:51.814+05:00  INFO 38132 --- [nomad-games] [           main] com.nomadgames.session.ReconnectIT       : No active profile set, falling back to 1 default profile: "default"
2026-09-14T20:05:52.284+05:00  INFO 38132 --- [nomad-games] [           main] .s.d.r.c.RepositoryConfigurationDelegate : Bootstrapping Spring Data JPA repositories in DEFAULT mode.
2026-09-14T20:05:52.355+05:00  INFO 38132 --- [nomad-games] [           main] .s.d.r.c.RepositoryConfigurationDelegate : Finished Spring Data repository scanning in 67 ms. Found 7 JPA repository interfaces.
2026-09-14T20:05:52.522+05:00  INFO 38132 --- [nomad-games] [           main] o.s.boot.tomcat.TomcatWebServer          : Tomcat initialized with port 0 (http)
2026-09-14T20:05:52.523+05:00  INFO 38132 --- [nomad-games] [           main] o.apache.catalina.core.StandardService   : Starting service [Tomcat]
2026-09-14T20:05:52.524+05:00  INFO 38132 --- [nomad-games] [           main] o.apache.catalina.core.StandardEngine    : Starting Servlet engine: [Apache Tomcat/11.0.24]
2026-09-14T20:05:52.597+05:00  INFO 38132 --- [nomad-games] [           main] b.w.c.s.WebApplicationContextInitializer : Root WebApplicationContext: initialization completed in 777 ms
2026-09-14T20:05:52.870+05:00  INFO 38132 --- [nomad-games] [           main] org.flywaydb.core.FlywayExecutor         : Database: jdbc:postgresql://localhost:49920/test?loggerLevel=OFF (PostgreSQL 18.6)
2026-09-14T20:05:52.910+05:00  INFO 38132 --- [nomad-games] [           main] o.f.c.i.s.JdbcTableSchemaHistory         : Schema history table "public"."flyway_schema_history" does not exist yet
2026-09-14T20:05:52.912+05:00  INFO 38132 --- [nomad-games] [           main] o.f.core.internal.command.DbValidate     : Successfully validated 12 migrations (execution time 00:00.015s)
2026-09-14T20:05:52.932+05:00  INFO 38132 --- [nomad-games] [           main] o.f.c.i.s.JdbcTableSchemaHistory         : Creating Schema History table "public"."flyway_schema_history" ...
2026-09-14T20:05:52.980+05:00  INFO 38132 --- [nomad-games] [           main] o.f.core.internal.command.DbMigrate      : Current version of schema "public": << Empty Schema >>
2026-09-14T20:05:52.988+05:00  INFO 38132 --- [nomad-games] [           main] o.f.core.internal.command.DbMigrate      : Migrating schema "public" to version "1 - identity"
2026-09-14T20:05:53.023+05:00  INFO 38132 --- [nomad-games] [           main] o.f.core.internal.command.DbMigrate      : Migrating schema "public" to version "2 - matches"
2026-09-14T20:05:53.052+05:00  INFO 38132 --- [nomad-games] [           main] o.f.core.internal.command.DbMigrate      : Migrating schema "public" to version "3 - rooms"
2026-09-14T20:05:53.078+05:00  INFO 38132 --- [nomad-games] [           main] o.f.core.internal.command.DbMigrate      : Migrating schema "public" to version "4 - match seats"
2026-09-14T20:05:53.104+05:00  INFO 38132 --- [nomad-games] [           main] o.f.core.internal.command.DbMigrate      : Migrating schema "public" to version "5 - reconnect tokens"
2026-09-14T20:05:53.129+05:00  INFO 38132 --- [nomad-games] [           main] o.f.core.internal.command.DbMigrate      : Migrating schema "public" to version "6 - room version"
2026-09-14T20:05:53.158+05:00  INFO 38132 --- [nomad-games] [           main] o.f.core.internal.command.DbMigrate      : Migrating schema "public" to version "7 - economy ledger shop"
2026-09-14T20:05:53.214+05:00  INFO 38132 --- [nomad-games] [           main] o.f.core.internal.command.DbMigrate      : Migrating schema "public" to version "8 - soft purchase sku unique"
2026-09-14T20:05:53.240+05:00  INFO 38132 --- [nomad-games] [           main] o.f.core.internal.command.DbMigrate      : Migrating schema "public" to version "9 - profile casual"
2026-09-14T20:05:53.275+05:00  INFO 38132 --- [nomad-games] [           main] o.f.core.internal.command.DbMigrate      : Migrating schema "public" to version "10 - rooms game"
2026-09-14T20:05:53.299+05:00  INFO 38132 --- [nomad-games] [           main] o.f.core.internal.command.DbMigrate      : Migrating schema "public" to version "11 - credentials bind"
2026-09-14T20:05:53.325+05:00  INFO 38132 --- [nomad-games] [           main] o.f.core.internal.command.DbMigrate      : Migrating schema "public" to version "12 - glicko ratings"
2026-09-14T20:05:53.356+05:00  INFO 38132 --- [nomad-games] [           main] o.f.core.internal.command.DbMigrate      : Successfully applied 12 migrations to schema "public", now at version v12 (execution time 00:00.146s)
2026-09-14T20:05:53.394+05:00  INFO 38132 --- [nomad-games] [           main] org.hibernate.orm.jpa                    : HHH008540: Processing PersistenceUnitInfo [name: default]
2026-09-14T20:05:53.440+05:00  INFO 38132 --- [nomad-games] [           main] o.s.o.j.p.SpringPersistenceUnitInfo      : No LoadTimeWeaver setup: ignoring JPA class transformer
2026-09-14T20:05:53.441+05:00  INFO 38132 --- [nomad-games] [           main] com.zaxxer.hikari.HikariDataSource       : HikariPool-2 - Starting...
2026-09-14T20:05:53.461+05:00  INFO 38132 --- [nomad-games] [           main] com.zaxxer.hikari.pool.HikariPool        : HikariPool-2 - Added connection org.postgresql.jdbc.PgConnection@18e20fa8
2026-09-14T20:05:53.461+05:00  INFO 38132 --- [nomad-games] [           main] com.zaxxer.hikari.HikariDataSource       : HikariPool-2 - Start completed.
2026-09-14T20:05:53.476+05:00  INFO 38132 --- [nomad-games] [           main] org.hibernate.orm.connections.pooling    : HHH10001005: Database info:
	Database JDBC URL [jdbc:postgresql://localhost:49920/test?loggerLevel=OFF]
	Database driver: PostgreSQL JDBC Driver
	Database dialect: PostgreSQLDialect
	Database version: 18.6
	Default catalog/schema: test/public
	Autocommit mode: undefined/unknown
	Isolation level: READ_COMMITTED [default READ_COMMITTED]
	JDBC fetch size: none
	Pool: DataSourceConnectionProvider
	Minimum pool size: undefined/unknown
	Maximum pool size: undefined/unknown
2026-09-14T20:05:53.623+05:00  INFO 38132 --- [nomad-games] [           main] org.hibernate.orm.core                   : HHH000489: No JTA platform available (set 'hibernate.transaction.jta.platform' to enable JTA platform integration)
2026-09-14T20:05:53.652+05:00  INFO 38132 --- [nomad-games] [           main] j.LocalContainerEntityManagerFactoryBean : Initialized JPA EntityManagerFactory for persistence unit 'default'
2026-09-14T20:05:53.998+05:00  INFO 38132 --- [nomad-games] [           main] o.a.c.c.C.[Tomcat-1].[localhost].[/]     : Initializing Spring TestDispatcherServlet ''
2026-09-14T20:05:53.998+05:00  INFO 38132 --- [nomad-games] [           main] o.s.t.web.servlet.TestDispatcherServlet  : Initializing Servlet ''
2026-09-14T20:05:54.004+05:00  INFO 38132 --- [nomad-games] [           main] o.s.b.a.e.web.EndpointLinksResolver      : Exposing 1 endpoint beneath base path '/actuator'
2026-09-14T20:05:54.009+05:00  INFO 38132 --- [nomad-games] [           main] o.s.t.web.servlet.TestDispatcherServlet  : Completed initialization in 11 ms
2026-09-14T20:05:54.040+05:00  INFO 38132 --- [nomad-games] [           main] o.s.boot.tomcat.TomcatWebServer          : Tomcat started on port 49954 (http) with context path '/'
2026-09-14T20:05:54.047+05:00  INFO 38132 --- [nomad-games] [           main] com.nomadgames.session.ReconnectIT       : Started ReconnectIT in 2.276 seconds (process running for 50.763)
2026-09-14T20:05:54.336+05:00  INFO 38132 --- [nomad-games] [o-auto-2-exec-1] o.a.c.c.C.[Tomcat-1].[localhost].[/]     : Initializing Spring DispatcherServlet 'dispatcherServlet'
2026-09-14T20:05:54.336+05:00  INFO 38132 --- [nomad-games] [o-auto-2-exec-1] o.s.web.servlet.DispatcherServlet        : Initializing Servlet 'dispatcherServlet'
2026-09-14T20:05:54.338+05:00  INFO 38132 --- [nomad-games] [o-auto-2-exec-1] o.s.web.servlet.DispatcherServlet        : Completed initialization in 2 ms
2026-09-14T20:06:21.291+05:00  WARN 38132 --- [nomad-games] [onnection-adder] com.zaxxer.hikari.pool.PoolBase          : HikariPool-1 - Pool is empty, failed to create/setup connection (41152841-3252-401d-9f40-c447e88ece94)

org.postgresql.util.PSQLException: Подключение по адресу localhost:49891 отклонено. Проверьте, что хост и порт указаны правильно и что postmaster принимает TCP/IP-соединения.
	at org.postgresql.core.v3.ConnectionFactoryImpl.openConnectionImpl(ConnectionFactoryImpl.java:427) ~[postgresql-42.7.13.jar:42.7.13]
	at org.postgresql.core.ConnectionFactory.openConnection(ConnectionFactory.java:52) ~[postgresql-42.7.13.jar:42.7.13]
	at org.postgresql.jdbc.PgConnection.<init>(PgConnection.java:295) ~[postgresql-42.7.13.jar:42.7.13]
	at org.postgresql.Driver.makeConnection(Driver.java:437) ~[postgresql-42.7.13.jar:42.7.13]
	at org.postgresql.Driver.connect(Driver.java:305) ~[postgresql-42.7.13.jar:42.7.13]
	at com.zaxxer.hikari.util.DriverDataSource.getConnection(DriverDataSource.java:144) ~[HikariCP-7.0.2.jar:na]
	at com.zaxxer.hikari.pool.PoolBase.newConnection(PoolBase.java:373) ~[HikariCP-7.0.2.jar:na]
	at com.zaxxer.hikari.pool.PoolBase.newPoolEntry(PoolBase.java:210) ~[HikariCP-7.0.2.jar:na]
	at com.zaxxer.hikari.pool.HikariPool.createPoolEntry(HikariPool.java:488) ~[HikariCP-7.0.2.jar:na]
	at com.zaxxer.hikari.pool.HikariPool$PoolEntryCreator.call(HikariPool.java:752) ~[HikariCP-7.0.2.jar:na]
	at com.zaxxer.hikari.pool.HikariPool$PoolEntryCreator.call(HikariPool.java:731) ~[HikariCP-7.0.2.jar:na]
	at java.base/java.util.concurrent.FutureTask.run(FutureTask.java:317) ~[na:na]
	at java.base/java.util.concurrent.ThreadPoolExecutor.runWorker(ThreadPoolExecutor.java:1144) ~[na:na]
	at java.base/java.util.concurrent.ThreadPoolExecutor$Worker.run(ThreadPoolExecutor.java:642) ~[na:na]
	at java.base/java.lang.Thread.run(Thread.java:1583) ~[na:na]
Caused by: java.net.ConnectException: Connection refused: getsockopt
	at java.base/sun.nio.ch.Net.pollConnect(Native Method) ~[na:na]
	at java.base/sun.nio.ch.Net.pollConnectNow(Net.java:694) ~[na:na]
	at java.base/sun.nio.ch.NioSocketImpl.timedFinishConnect(NioSocketImpl.java:542) ~[na:na]
	at java.base/sun.nio.ch.NioSocketImpl.connect(NioSocketImpl.java:592) ~[na:na]
	at java.base/java.net.SocksSocketImpl.connect(SocksSocketImpl.java:327) ~[na:na]
	at java.base/java.net.Socket.connect(Socket.java:751) ~[na:na]
	at org.postgresql.core.PGStream.createSocket(PGStream.java:270) ~[postgresql-42.7.13.jar:42.7.13]
	at org.postgresql.core.PGStream.<init>(PGStream.java:131) ~[postgresql-42.7.13.jar:42.7.13]
	at org.postgresql.core.v3.ConnectionFactoryImpl.tryConnect(ConnectionFactoryImpl.java:221) ~[postgresql-42.7.13.jar:42.7.13]
	at org.postgresql.core.v3.ConnectionFactoryImpl.openConnectionImpl(ConnectionFactoryImpl.java:367) ~[postgresql-42.7.13.jar:42.7.13]
	... 14 common frames omitted

[INFO] Tests run: 7, Failures: 0, Errors: 0, Skipped: 0, Time elapsed: 73.49 s -- in com.nomadgames.session.ReconnectIT
[INFO] Running com.nomadgames.session.StickPullReconnectIT
2026-09-14T20:06:34.549+05:00  INFO 38132 --- [nomad-games] [           main] tc.postgres:18                           : Creating container for image: postgres:18
2026-09-14T20:06:34.679+05:00  INFO 38132 --- [nomad-games] [           main] tc.postgres:18                           : Container postgres:18 is starting: a6287bc9f338643be5dca99831b14c2c8e6a4663835eff641737350e60a870f9
2026-09-14T20:06:35.049+05:00  WARN 38132 --- [nomad-games] [   scheduling-1] com.zaxxer.hikari.pool.PoolBase          : HikariPool-2 - Failed to validate connection org.postgresql.jdbc.PgConnection@4036a3e7 (Соединение закрыто.). Possibly consider using a shorter maxLifetime value.
2026-09-14T20:06:35.052+05:00  WARN 38132 --- [nomad-games] [   scheduling-1] com.zaxxer.hikari.pool.PoolBase          : HikariPool-2 - Failed to validate connection org.postgresql.jdbc.PgConnection@18e20fa8 (Соединение закрыто.). Possibly consider using a shorter maxLifetime value.
2026-09-14T20:06:35.052+05:00  WARN 38132 --- [nomad-games] [   scheduling-1] com.zaxxer.hikari.pool.PoolBase          : HikariPool-2 - Failed to validate connection org.postgresql.jdbc.PgConnection@df65786 (Соединение закрыто.). Possibly consider using a shorter maxLifetime value.
2026-09-14T20:06:35.053+05:00  WARN 38132 --- [nomad-games] [   scheduling-1] com.zaxxer.hikari.pool.PoolBase          : HikariPool-2 - Failed to validate connection org.postgresql.jdbc.PgConnection@7bcf2dba (Соединение закрыто.). Possibly consider using a shorter maxLifetime value.
2026-09-14T20:06:35.053+05:00  WARN 38132 --- [nomad-games] [   scheduling-1] com.zaxxer.hikari.pool.PoolBase          : HikariPool-2 - Failed to validate connection org.postgresql.jdbc.PgConnection@e9380bf (Соединение закрыто.). Possibly consider using a shorter maxLifetime value.
2026-09-14T20:06:35.054+05:00  WARN 38132 --- [nomad-games] [   scheduling-1] com.zaxxer.hikari.pool.PoolBase          : HikariPool-2 - Failed to validate connection org.postgresql.jdbc.PgConnection@2c6aa70f (Соединение закрыто.). Possibly consider using a shorter maxLifetime value.
2026-09-14T20:06:35.055+05:00  WARN 38132 --- [nomad-games] [   scheduling-1] com.zaxxer.hikari.pool.PoolBase          : HikariPool-2 - Failed to validate connection org.postgresql.jdbc.PgConnection@131f9f63 (Соединение закрыто.). Possibly consider using a shorter maxLifetime value.
2026-09-14T20:06:35.055+05:00  WARN 38132 --- [nomad-games] [   scheduling-1] com.zaxxer.hikari.pool.PoolBase          : HikariPool-2 - Failed to validate connection org.postgresql.jdbc.PgConnection@113fd247 (Соединение закрыто.). Possibly consider using a shorter maxLifetime value.
2026-09-14T20:06:35.056+05:00  WARN 38132 --- [nomad-games] [   scheduling-1] com.zaxxer.hikari.pool.PoolBase          : HikariPool-2 - Failed to validate connection org.postgresql.jdbc.PgConnection@3bb3ea7 (Соединение закрыто.). Possibly consider using a shorter maxLifetime value.
2026-09-14T20:06:35.056+05:00  WARN 38132 --- [nomad-games] [   scheduling-1] com.zaxxer.hikari.pool.PoolBase          : HikariPool-2 - Failed to validate connection org.postgresql.jdbc.PgConnection@7a10b300 (Соединение закрыто.). Possibly consider using a shorter maxLifetime value.
2026-09-14T20:06:36.594+05:00  INFO 38132 --- [nomad-games] [           main] tc.postgres:18                           : Container postgres:18 started in PT2.0459501S
2026-09-14T20:06:36.595+05:00  INFO 38132 --- [nomad-games] [           main] tc.postgres:18                           : Container is started (JDBC URL: jdbc:postgresql://localhost:49772/test?loggerLevel=OFF)
2026-09-14T20:07:05.064+05:00  WARN 38132 --- [nomad-games] [   scheduling-1] org.hibernate.orm.jdbc.error             : HHH000247: ErrorCode: 0, SQLState: 08001
2026-09-14T20:07:05.064+05:00  WARN 38132 --- [nomad-games] [   scheduling-1] org.hibernate.orm.jdbc.error             : HikariPool-2 - Connection is not available, request timed out after 30015ms (total=0, active=0, idle=0, waiting=0)
2026-09-14T20:07:05.064+05:00  WARN 38132 --- [nomad-games] [   scheduling-1] org.hibernate.orm.jdbc.error             : HHH000247: ErrorCode: 0, SQLState: 08001
2026-09-14T20:07:05.064+05:00  WARN 38132 --- [nomad-games] [   scheduling-1] org.hibernate.orm.jdbc.error             : HikariPool-2 - Connection is not available, request timed out after 30015ms (total=0, active=0, idle=0, waiting=0)
2026-09-14T20:07:05.065+05:00 ERROR 38132 --- [nomad-games] [   scheduling-1] o.s.s.s.TaskUtils$LoggingErrorHandler    : Unexpected error occurred in scheduled task

org.springframework.transaction.CannotCreateTransactionException: Could not open JPA EntityManager for transaction
	at org.springframework.orm.jpa.JpaTransactionManager.doBegin(JpaTransactionManager.java:457) ~[spring-orm-7.0.9.jar:7.0.9]
	at org.springframework.transaction.support.AbstractPlatformTransactionManager.startTransaction(AbstractPlatformTransactionManager.java:532) ~[spring-tx-7.0.9.jar:7.0.9]
	at org.springframework.transaction.support.AbstractPlatformTransactionManager.getTransaction(AbstractPlatformTransactionManager.java:405) ~[spring-tx-7.0.9.jar:7.0.9]
	at org.springframework.transaction.interceptor.TransactionAspectSupport.createTransactionIfNecessary(TransactionAspectSupport.java:628) ~[spring-tx-7.0.9.jar:7.0.9]
	at org.springframework.transaction.interceptor.TransactionAspectSupport.invokeWithinTransaction(TransactionAspectSupport.java:365) ~[spring-tx-7.0.9.jar:7.0.9]
	at org.springframework.transaction.interceptor.TransactionInterceptor.invoke(TransactionInterceptor.java:130) ~[spring-tx-7.0.9.jar:7.0.9]
	at org.springframework.aop.framework.ReflectiveMethodInvocation.proceed(ReflectiveMethodInvocation.java:179) ~[spring-aop-7.0.9.jar:7.0.9]
	at org.springframework.aop.framework.CglibAopProxy$DynamicAdvisedInterceptor.intercept(CglibAopProxy.java:719) ~[spring-aop-7.0.9.jar:7.0.9]
	at com.nomadgames.session.MatchService$$SpringCGLIB$$1.expireReconnectGraces(<generated>) ~[classes/:na]
	at java.base/jdk.internal.reflect.DirectMethodHandleAccessor.invoke(DirectMethodHandleAccessor.java:103) ~[na:na]
	at java.base/java.lang.reflect.Method.invoke(Method.java:580) ~[na:na]
	at org.springframework.scheduling.support.ScheduledMethodRunnable.runInternal(ScheduledMethodRunnable.java:128) ~[spring-context-7.0.9.jar:7.0.9]
	at org.springframework.scheduling.support.ScheduledMethodRunnable.lambda$run$1(ScheduledMethodRunnable.java:122) ~[spring-context-7.0.9.jar:7.0.9]
	at io.micrometer.observation.Observation.observe(Observation.java:569) ~[micrometer-observation-1.17.1.jar:1.17.1]
	at org.springframework.scheduling.support.ScheduledMethodRunnable.run(ScheduledMethodRunnable.java:122) ~[spring-context-7.0.9.jar:7.0.9]
	at org.springframework.scheduling.config.Task$OutcomeTrackingRunnable.run(Task.java:88) ~[spring-context-7.0.9.jar:7.0.9]
	at org.springframework.scheduling.support.DelegatingErrorHandlingRunnable.run(DelegatingErrorHandlingRunnable.java:54) ~[spring-context-7.0.9.jar:7.0.9]
	at java.base/java.util.concurrent.Executors$RunnableAdapter.call(Executors.java:572) ~[na:na]
	at java.base/java.util.concurrent.FutureTask.runAndReset(FutureTask.java:358) ~[na:na]
	at java.base/java.util.concurrent.ScheduledThreadPoolExecutor$ScheduledFutureTask.run(ScheduledThreadPoolExecutor.java:305) ~[na:na]
	at java.base/java.util.concurrent.ThreadPoolExecutor.runWorker(ThreadPoolExecutor.java:1144) ~[na:na]
	at java.base/java.util.concurrent.ThreadPoolExecutor$Worker.run(ThreadPoolExecutor.java:642) ~[na:na]
	at java.base/java.lang.Thread.run(Thread.java:1583) ~[na:na]
Caused by: org.hibernate.exception.JDBCConnectionException: Unable to acquire JDBC Connection [HikariPool-2 - Connection is not available, request timed out after 30015ms (total=0, active=0, idle=0, waiting=0)] [n/a]
	at org.hibernate.exception.internal.SQLExceptionTypeDelegate.convert(SQLExceptionTypeDelegate.java:49) ~[hibernate-core-7.4.5.Final.jar:7.4.5.Final]
	at org.hibernate.exception.internal.StandardSQLExceptionConverter.convert(StandardSQLExceptionConverter.java:34) ~[hibernate-core-7.4.5.Final.jar:7.4.5.Final]
	at org.hibernate.engine.jdbc.spi.SqlExceptionHelper.convert(SqlExceptionHelper.java:115) ~[hibernate-core-7.4.5.Final.jar:7.4.5.Final]
	at org.hibernate.engine.jdbc.spi.SqlExceptionHelper.convert(SqlExceptionHelper.java:101) ~[hibernate-core-7.4.5.Final.jar:7.4.5.Final]
	at org.hibernate.resource.jdbc.internal.LogicalConnectionManagedImpl.acquire(LogicalConnectionManagedImpl.java:190) ~[hibernate-core-7.4.5.Final.jar:7.4.5.Final]
	at org.hibernate.resource.jdbc.internal.LogicalConnectionManagedImpl.acquireConnectionIfNeeded(LogicalConnectionManagedImpl.java:87) ~[hibernate-core-7.4.5.Final.jar:7.4.5.Final]
	at org.hibernate.resource.jdbc.internal.LogicalConnectionManagedImpl.getPhysicalConnection(LogicalConnectionManagedImpl.java:126) ~[hibernate-core-7.4.5.Final.jar:7.4.5.Final]
	at org.hibernate.resource.jdbc.internal.LogicalConnectionManagedImpl.getConnectionForTransactionManagement(LogicalConnectionManagedImpl.java:281) ~[hibernate-core-7.4.5.Final.jar:7.4.5.Final]
	at org.hibernate.resource.jdbc.internal.LogicalConnectionManagedImpl.begin(LogicalConnectionManagedImpl.java:290) ~[hibernate-core-7.4.5.Final.jar:7.4.5.Final]
	at org.hibernate.resource.transaction.backend.jdbc.internal.JdbcResourceLocalTransactionCoordinatorImpl$TransactionDriverControlImpl.begin(JdbcResourceLocalTransactionCoordinatorImpl.java:226) ~[hibernate-core-7.4.5.Final.jar:7.4.5.Final]
	at org.hibernate.engine.transaction.internal.TransactionImpl.begin(TransactionImpl.java:75) ~[hibernate-core-7.4.5.Final.jar:7.4.5.Final]
	at org.springframework.orm.jpa.vendor.HibernateJpaDialect.beginTransaction(HibernateJpaDialect.java:147) ~[spring-orm-7.0.9.jar:7.0.9]
	at org.springframework.orm.jpa.JpaTransactionManager.doBegin(JpaTransactionManager.java:411) ~[spring-orm-7.0.9.jar:7.0.9]
	... 22 common frames omitted
Caused by: java.sql.SQLTransientConnectionException: HikariPool-2 - Connection is not available, request timed out after 30015ms (total=0, active=0, idle=0, waiting=0)
	at com.zaxxer.hikari.pool.HikariPool.createTimeoutException(HikariPool.java:714) ~[HikariCP-7.0.2.jar:na]
	at com.zaxxer.hikari.pool.HikariPool.getConnection(HikariPool.java:184) ~[HikariCP-7.0.2.jar:na]
	at com.zaxxer.hikari.pool.HikariPool.getConnection(HikariPool.java:142) ~[HikariCP-7.0.2.jar:na]
	at com.zaxxer.hikari.HikariDataSource.getConnection(HikariDataSource.java:127) ~[HikariCP-7.0.2.jar:na]
	at org.hibernate.engine.jdbc.connections.internal.DataSourceConnectionProvider.getConnection(DataSourceConnectionProvider.java:149) ~[hibernate-core-7.4.5.Final.jar:7.4.5.Final]
	at org.hibernate.internal.NonContextualJdbcConnectionAccess.obtainConnection(NonContextualJdbcConnectionAccess.java:62) ~[hibernate-core-7.4.5.Final.jar:7.4.5.Final]
	at org.hibernate.resource.jdbc.internal.LogicalConnectionManagedImpl.acquire(LogicalConnectionManagedImpl.java:187) ~[hibernate-core-7.4.5.Final.jar:7.4.5.Final]
	... 30 common frames omitted
Caused by: org.postgresql.util.PSQLException: Подключение по адресу localhost:49920 отклонено. Проверьте, что хост и порт указаны правильно и что postmaster принимает TCP/IP-соединения.
	at org.postgresql.core.v3.ConnectionFactoryImpl.openConnectionImpl(ConnectionFactoryImpl.java:427) ~[postgresql-42.7.13.jar:42.7.13]
	at org.postgresql.core.ConnectionFactory.openConnection(ConnectionFactory.java:52) ~[postgresql-42.7.13.jar:42.7.13]
	at org.postgresql.jdbc.PgConnection.<init>(PgConnection.java:295) ~[postgresql-42.7.13.jar:42.7.13]
	at org.postgresql.Driver.makeConnection(Driver.java:437) ~[postgresql-42.7.13.jar:42.7.13]
	at org.postgresql.Driver.connect(Driver.java:305) ~[postgresql-42.7.13.jar:42.7.13]
	at com.zaxxer.hikari.util.DriverDataSource.getConnection(DriverDataSource.java:144) ~[HikariCP-7.0.2.jar:na]
	at com.zaxxer.hikari.pool.PoolBase.newConnection(PoolBase.java:373) ~[HikariCP-7.0.2.jar:na]
	at com.zaxxer.hikari.pool.PoolBase.newPoolEntry(PoolBase.java:210) ~[HikariCP-7.0.2.jar:na]
	at com.zaxxer.hikari.pool.HikariPool.createPoolEntry(HikariPool.java:488) ~[HikariCP-7.0.2.jar:na]
	at com.zaxxer.hikari.pool.HikariPool$PoolEntryCreator.call(HikariPool.java:752) ~[HikariCP-7.0.2.jar:na]
	at com.zaxxer.hikari.pool.HikariPool$PoolEntryCreator.call(HikariPool.java:731) ~[HikariCP-7.0.2.jar:na]
	at java.base/java.util.concurrent.FutureTask.run(FutureTask.java:317) ~[na:na]
	... 3 common frames omitted
Caused by: java.net.ConnectException: Connection refused: getsockopt
	at java.base/sun.nio.ch.Net.pollConnect(Native Method) ~[na:na]
	at java.base/sun.nio.ch.Net.pollConnectNow(Net.java:694) ~[na:na]
	at java.base/sun.nio.ch.NioSocketImpl.timedFinishConnect(NioSocketImpl.java:542) ~[na:na]
	at java.base/sun.nio.ch.NioSocketImpl.connect(NioSocketImpl.java:592) ~[na:na]
	at java.base/java.net.SocksSocketImpl.connect(SocksSocketImpl.java:327) ~[na:na]
	at java.base/java.net.Socket.connect(Socket.java:751) ~[na:na]
	at org.postgresql.core.PGStream.createSocket(PGStream.java:270) ~[postgresql-42.7.13.jar:42.7.13]
	at org.postgresql.core.PGStream.<init>(PGStream.java:131) ~[postgresql-42.7.13.jar:42.7.13]
	at org.postgresql.core.v3.ConnectionFactoryImpl.tryConnect(ConnectionFactoryImpl.java:221) ~[postgresql-42.7.13.jar:42.7.13]
	at org.postgresql.core.v3.ConnectionFactoryImpl.openConnectionImpl(ConnectionFactoryImpl.java:367) ~[postgresql-42.7.13.jar:42.7.13]
	... 14 common frames omitted


  .   ____          _            __ _ _
 /\\ / ___'_ __ _ _(_)_ __  __ _ \ \ \ \
( ( )\___ | '_ | '_| | '_ \/ _` | \ \ \ \
 \\/  ___)| |_)| | | | | || (_| |  ) ) ) )
  '  |____| .__|_| |_|_| |_\__, | / / / /
 =========|_|==============|___/=/_/_/_/

 :: Spring Boot ::                (v4.1.1)

2026-09-14T20:07:05.109+05:00  INFO 38132 --- [nomad-games] [           main] c.n.session.StickPullReconnectIT         : Starting StickPullReconnectIT using Java 21.0.11 with PID 38132 (started by sergei.elistratov in C:\Users\sergei.elistratov\Documents\проекты\nomad-game\backend)
2026-09-14T20:07:05.109+05:00  INFO 38132 --- [nomad-games] [           main] c.n.session.StickPullReconnectIT         : No active profile set, falling back to 1 default profile: "default"
2026-09-14T20:07:05.502+05:00  INFO 38132 --- [nomad-games] [           main] .s.d.r.c.RepositoryConfigurationDelegate : Bootstrapping Spring Data JPA repositories in DEFAULT mode.
2026-09-14T20:07:05.547+05:00  INFO 38132 --- [nomad-games] [           main] .s.d.r.c.RepositoryConfigurationDelegate : Finished Spring Data repository scanning in 42 ms. Found 7 JPA repository interfaces.
2026-09-14T20:07:05.669+05:00  INFO 38132 --- [nomad-games] [           main] o.s.boot.tomcat.TomcatWebServer          : Tomcat initialized with port 0 (http)
2026-09-14T20:07:05.670+05:00  INFO 38132 --- [nomad-games] [           main] o.apache.catalina.core.StandardService   : Starting service [Tomcat]
2026-09-14T20:07:05.670+05:00  INFO 38132 --- [nomad-games] [           main] o.apache.catalina.core.StandardEngine    : Starting Servlet engine: [Apache Tomcat/11.0.24]
2026-09-14T20:07:05.743+05:00  INFO 38132 --- [nomad-games] [           main] b.w.c.s.WebApplicationContextInitializer : Root WebApplicationContext: initialization completed in 630 ms
2026-09-14T20:07:05.948+05:00  INFO 38132 --- [nomad-games] [           main] org.flywaydb.core.FlywayExecutor         : Database: jdbc:postgresql://localhost:49772/test?loggerLevel=OFF (PostgreSQL 18.6)
2026-09-14T20:07:05.983+05:00  INFO 38132 --- [nomad-games] [           main] o.f.c.i.s.JdbcTableSchemaHistory         : Schema history table "public"."flyway_schema_history" does not exist yet
2026-09-14T20:07:05.985+05:00  INFO 38132 --- [nomad-games] [           main] o.f.core.internal.command.DbValidate     : Successfully validated 12 migrations (execution time 00:00.014s)
2026-09-14T20:07:06.003+05:00  INFO 38132 --- [nomad-games] [           main] o.f.c.i.s.JdbcTableSchemaHistory         : Creating Schema History table "public"."flyway_schema_history" ...
2026-09-14T20:07:06.045+05:00  INFO 38132 --- [nomad-games] [           main] o.f.core.internal.command.DbMigrate      : Current version of schema "public": << Empty Schema >>
2026-09-14T20:07:06.051+05:00  INFO 38132 --- [nomad-games] [           main] o.f.core.internal.command.DbMigrate      : Migrating schema "public" to version "1 - identity"
2026-09-14T20:07:06.087+05:00  INFO 38132 --- [nomad-games] [           main] o.f.core.internal.command.DbMigrate      : Migrating schema "public" to version "2 - matches"
2026-09-14T20:07:06.115+05:00  INFO 38132 --- [nomad-games] [           main] o.f.core.internal.command.DbMigrate      : Migrating schema "public" to version "3 - rooms"
2026-09-14T20:07:06.140+05:00  INFO 38132 --- [nomad-games] [           main] o.f.core.internal.command.DbMigrate      : Migrating schema "public" to version "4 - match seats"
2026-09-14T20:07:06.167+05:00  INFO 38132 --- [nomad-games] [           main] o.f.core.internal.command.DbMigrate      : Migrating schema "public" to version "5 - reconnect tokens"
2026-09-14T20:07:06.193+05:00  INFO 38132 --- [nomad-games] [           main] o.f.core.internal.command.DbMigrate      : Migrating schema "public" to version "6 - room version"
2026-09-14T20:07:06.221+05:00  INFO 38132 --- [nomad-games] [           main] o.f.core.internal.command.DbMigrate      : Migrating schema "public" to version "7 - economy ledger shop"
2026-09-14T20:07:06.269+05:00  INFO 38132 --- [nomad-games] [           main] o.f.core.internal.command.DbMigrate      : Migrating schema "public" to version "8 - soft purchase sku unique"
2026-09-14T20:07:06.295+05:00  INFO 38132 --- [nomad-games] [           main] o.f.core.internal.command.DbMigrate      : Migrating schema "public" to version "9 - profile casual"
2026-09-14T20:07:06.330+05:00  INFO 38132 --- [nomad-games] [           main] o.f.core.internal.command.DbMigrate      : Migrating schema "public" to version "10 - rooms game"
2026-09-14T20:07:06.355+05:00  INFO 38132 --- [nomad-games] [           main] o.f.core.internal.command.DbMigrate      : Migrating schema "public" to version "11 - credentials bind"
2026-09-14T20:07:06.383+05:00  INFO 38132 --- [nomad-games] [           main] o.f.core.internal.command.DbMigrate      : Migrating schema "public" to version "12 - glicko ratings"
2026-09-14T20:07:06.412+05:00  INFO 38132 --- [nomad-games] [           main] o.f.core.internal.command.DbMigrate      : Successfully applied 12 migrations to schema "public", now at version v12 (execution time 00:00.149s)
2026-09-14T20:07:06.447+05:00  INFO 38132 --- [nomad-games] [           main] org.hibernate.orm.jpa                    : HHH008540: Processing PersistenceUnitInfo [name: default]
2026-09-14T20:07:06.482+05:00  INFO 38132 --- [nomad-games] [           main] o.s.o.j.p.SpringPersistenceUnitInfo      : No LoadTimeWeaver setup: ignoring JPA class transformer
2026-09-14T20:07:06.483+05:00  INFO 38132 --- [nomad-games] [           main] com.zaxxer.hikari.HikariDataSource       : HikariPool-3 - Starting...
2026-09-14T20:07:06.503+05:00  INFO 38132 --- [nomad-games] [           main] com.zaxxer.hikari.pool.HikariPool        : HikariPool-3 - Added connection org.postgresql.jdbc.PgConnection@4955115d
2026-09-14T20:07:06.503+05:00  INFO 38132 --- [nomad-games] [           main] com.zaxxer.hikari.HikariDataSource       : HikariPool-3 - Start completed.
2026-09-14T20:07:06.516+05:00  INFO 38132 --- [nomad-games] [           main] org.hibernate.orm.connections.pooling    : HHH10001005: Database info:
	Database JDBC URL [jdbc:postgresql://localhost:49772/test?loggerLevel=OFF]
	Database driver: PostgreSQL JDBC Driver
	Database dialect: PostgreSQLDialect
	Database version: 18.6
	Default catalog/schema: test/public
	Autocommit mode: undefined/unknown
	Isolation level: READ_COMMITTED [default READ_COMMITTED]
	JDBC fetch size: none
	Pool: DataSourceConnectionProvider
	Minimum pool size: undefined/unknown
	Maximum pool size: undefined/unknown
2026-09-14T20:07:06.649+05:00  INFO 38132 --- [nomad-games] [           main] org.hibernate.orm.core                   : HHH000489: No JTA platform available (set 'hibernate.transaction.jta.platform' to enable JTA platform integration)
2026-09-14T20:07:06.671+05:00  INFO 38132 --- [nomad-games] [           main] j.LocalContainerEntityManagerFactoryBean : Initialized JPA EntityManagerFactory for persistence unit 'default'
2026-09-14T20:07:06.945+05:00  INFO 38132 --- [nomad-games] [           main] o.a.c.c.C.[Tomcat-2].[localhost].[/]     : Initializing Spring TestDispatcherServlet ''
2026-09-14T20:07:06.945+05:00  INFO 38132 --- [nomad-games] [           main] o.s.t.web.servlet.TestDispatcherServlet  : Initializing Servlet ''
2026-09-14T20:07:06.948+05:00  INFO 38132 --- [nomad-games] [           main] o.s.b.a.e.web.EndpointLinksResolver      : Exposing 1 endpoint beneath base path '/actuator'
2026-09-14T20:07:06.952+05:00  INFO 38132 --- [nomad-games] [           main] o.s.t.web.servlet.TestDispatcherServlet  : Completed initialization in 7 ms
2026-09-14T20:07:06.979+05:00  INFO 38132 --- [nomad-games] [           main] o.s.boot.tomcat.TomcatWebServer          : Tomcat started on port 49807 (http) with context path '/'
2026-09-14T20:07:06.984+05:00  INFO 38132 --- [nomad-games] [           main] c.n.session.StickPullReconnectIT         : Started StickPullReconnectIT in 1.914 seconds (process running for 123.701)
2026-09-14T20:07:07.254+05:00  INFO 38132 --- [nomad-games] [o-auto-3-exec-1] o.a.c.c.C.[Tomcat-2].[localhost].[/]     : Initializing Spring DispatcherServlet 'dispatcherServlet'
2026-09-14T20:07:07.254+05:00  INFO 38132 --- [nomad-games] [o-auto-3-exec-1] o.s.web.servlet.DispatcherServlet        : Initializing Servlet 'dispatcherServlet'
2026-09-14T20:07:07.255+05:00  INFO 38132 --- [nomad-games] [o-auto-3-exec-1] o.s.web.servlet.DispatcherServlet        : Completed initialization in 1 ms
2026-09-14T20:07:26.496+05:00  WARN 38132 --- [nomad-games] [onnection-adder] com.zaxxer.hikari.pool.PoolBase          : HikariPool-1 - Pool is empty, failed to create/setup connection (321940c2-66d9-41be-91f2-253bed248655)

org.postgresql.util.PSQLException: Подключение по адресу localhost:49891 отклонено. Проверьте, что хост и порт указаны правильно и что postmaster принимает TCP/IP-соединения.
	at org.postgresql.core.v3.ConnectionFactoryImpl.openConnectionImpl(ConnectionFactoryImpl.java:427) ~[postgresql-42.7.13.jar:42.7.13]
	at org.postgresql.core.ConnectionFactory.openConnection(ConnectionFactory.java:52) ~[postgresql-42.7.13.jar:42.7.13]
	at org.postgresql.jdbc.PgConnection.<init>(PgConnection.java:295) ~[postgresql-42.7.13.jar:42.7.13]
	at org.postgresql.Driver.makeConnection(Driver.java:437) ~[postgresql-42.7.13.jar:42.7.13]
	at org.postgresql.Driver.connect(Driver.java:305) ~[postgresql-42.7.13.jar:42.7.13]
	at com.zaxxer.hikari.util.DriverDataSource.getConnection(DriverDataSource.java:144) ~[HikariCP-7.0.2.jar:na]
	at com.zaxxer.hikari.pool.PoolBase.newConnection(PoolBase.java:373) ~[HikariCP-7.0.2.jar:na]
	at com.zaxxer.hikari.pool.PoolBase.newPoolEntry(PoolBase.java:210) ~[HikariCP-7.0.2.jar:na]
	at com.zaxxer.hikari.pool.HikariPool.createPoolEntry(HikariPool.java:488) ~[HikariCP-7.0.2.jar:na]
	at com.zaxxer.hikari.pool.HikariPool$PoolEntryCreator.call(HikariPool.java:752) ~[HikariCP-7.0.2.jar:na]
	at com.zaxxer.hikari.pool.HikariPool$PoolEntryCreator.call(HikariPool.java:731) ~[HikariCP-7.0.2.jar:na]
	at java.base/java.util.concurrent.FutureTask.run(FutureTask.java:317) ~[na:na]
	at java.base/java.util.concurrent.ThreadPoolExecutor.runWorker(ThreadPoolExecutor.java:1144) ~[na:na]
	at java.base/java.util.concurrent.ThreadPoolExecutor$Worker.run(ThreadPoolExecutor.java:642) ~[na:na]
	at java.base/java.lang.Thread.run(Thread.java:1583) ~[na:na]
Caused by: java.net.ConnectException: Connection refused: getsockopt
	at java.base/sun.nio.ch.Net.pollConnect(Native Method) ~[na:na]
	at java.base/sun.nio.ch.Net.pollConnectNow(Net.java:694) ~[na:na]
	at java.base/sun.nio.ch.NioSocketImpl.timedFinishConnect(NioSocketImpl.java:542) ~[na:na]
	at java.base/sun.nio.ch.NioSocketImpl.connect(NioSocketImpl.java:592) ~[na:na]
	at java.base/java.net.SocksSocketImpl.connect(SocksSocketImpl.java:327) ~[na:na]
	at java.base/java.net.Socket.connect(Socket.java:751) ~[na:na]
	at org.postgresql.core.PGStream.createSocket(PGStream.java:270) ~[postgresql-42.7.13.jar:42.7.13]
	at org.postgresql.core.PGStream.<init>(PGStream.java:131) ~[postgresql-42.7.13.jar:42.7.13]
	at org.postgresql.core.v3.ConnectionFactoryImpl.tryConnect(ConnectionFactoryImpl.java:221) ~[postgresql-42.7.13.jar:42.7.13]
	at org.postgresql.core.v3.ConnectionFactoryImpl.openConnectionImpl(ConnectionFactoryImpl.java:367) ~[postgresql-42.7.13.jar:42.7.13]
	... 14 common frames omitted

2026-09-14T20:07:35.517+05:00  WARN 38132 --- [nomad-games] [onnection-adder] com.zaxxer.hikari.pool.PoolBase          : HikariPool-2 - Pool is empty, failed to create/setup connection (41b21a26-955e-43a4-a3b9-ba890ac77bb2)

org.postgresql.util.PSQLException: Подключение по адресу localhost:49920 отклонено. Проверьте, что хост и порт указаны правильно и что postmaster принимает TCP/IP-соединения.
	at org.postgresql.core.v3.ConnectionFactoryImpl.openConnectionImpl(ConnectionFactoryImpl.java:427) ~[postgresql-42.7.13.jar:42.7.13]
	at org.postgresql.core.ConnectionFactory.openConnection(ConnectionFactory.java:52) ~[postgresql-42.7.13.jar:42.7.13]
	at org.postgresql.jdbc.PgConnection.<init>(PgConnection.java:295) ~[postgresql-42.7.13.jar:42.7.13]
	at org.postgresql.Driver.makeConnection(Driver.java:437) ~[postgresql-42.7.13.jar:42.7.13]
	at org.postgresql.Driver.connect(Driver.java:305) ~[postgresql-42.7.13.jar:42.7.13]
	at com.zaxxer.hikari.util.DriverDataSource.getConnection(DriverDataSource.java:144) ~[HikariCP-7.0.2.jar:na]
	at com.zaxxer.hikari.pool.PoolBase.newConnection(PoolBase.java:373) ~[HikariCP-7.0.2.jar:na]
	at com.zaxxer.hikari.pool.PoolBase.newPoolEntry(PoolBase.java:210) ~[HikariCP-7.0.2.jar:na]
	at com.zaxxer.hikari.pool.HikariPool.createPoolEntry(HikariPool.java:488) ~[HikariCP-7.0.2.jar:na]
	at com.zaxxer.hikari.pool.HikariPool$PoolEntryCreator.call(HikariPool.java:752) ~[HikariCP-7.0.2.jar:na]
	at com.zaxxer.hikari.pool.HikariPool$PoolEntryCreator.call(HikariPool.java:731) ~[HikariCP-7.0.2.jar:na]
	at java.base/java.util.concurrent.FutureTask.run(FutureTask.java:317) ~[na:na]
	at java.base/java.util.concurrent.ThreadPoolExecutor.runWorker(ThreadPoolExecutor.java:1144) ~[na:na]
	at java.base/java.util.concurrent.ThreadPoolExecutor$Worker.run(ThreadPoolExecutor.java:642) ~[na:na]
	at java.base/java.lang.Thread.run(Thread.java:1583) ~[na:na]
Caused by: java.net.ConnectException: Connection refused: getsockopt
	at java.base/sun.nio.ch.Net.pollConnect(Native Method) ~[na:na]
	at java.base/sun.nio.ch.Net.pollConnectNow(Net.java:694) ~[na:na]
	at java.base/sun.nio.ch.NioSocketImpl.timedFinishConnect(NioSocketImpl.java:542) ~[na:na]
	at java.base/sun.nio.ch.NioSocketImpl.connect(NioSocketImpl.java:592) ~[na:na]
	at java.base/java.net.SocksSocketImpl.connect(SocksSocketImpl.java:327) ~[na:na]
	at java.base/java.net.Socket.connect(Socket.java:751) ~[na:na]
	at org.postgresql.core.PGStream.createSocket(PGStream.java:270) ~[postgresql-42.7.13.jar:42.7.13]
	at org.postgresql.core.PGStream.<init>(PGStream.java:131) ~[postgresql-42.7.13.jar:42.7.13]
	at org.postgresql.core.v3.ConnectionFactoryImpl.tryConnect(ConnectionFactoryImpl.java:221) ~[postgresql-42.7.13.jar:42.7.13]
	at org.postgresql.core.v3.ConnectionFactoryImpl.openConnectionImpl(ConnectionFactoryImpl.java:367) ~[postgresql-42.7.13.jar:42.7.13]
	... 14 common frames omitted

2026-09-14T20:07:50.997+05:00  WARN 38132 --- [nomad-games] [   scheduling-1] com.zaxxer.hikari.pool.ProxyConnection   : HikariPool-3 - Connection org.postgresql.jdbc.PgConnection@4955115d marked as broken because of SQLSTATE(08006), ErrorCode(0)

org.postgresql.util.PSQLException: Ошибка ввода/вывода при отправке бэкенду.
	at org.postgresql.core.v3.QueryExecutorImpl.execute(QueryExecutorImpl.java:474) ~[postgresql-42.7.13.jar:42.7.13]
	at org.postgresql.jdbc.PgStatement.executeInternal(PgStatement.java:533) ~[postgresql-42.7.13.jar:42.7.13]
	at org.postgresql.jdbc.PgStatement.execute(PgStatement.java:449) ~[postgresql-42.7.13.jar:42.7.13]
	at org.postgresql.jdbc.PgPreparedStatement.executeWithFlags(PgPreparedStatement.java:197) ~[postgresql-42.7.13.jar:42.7.13]
	at org.postgresql.jdbc.PgPreparedStatement.executeQuery(PgPreparedStatement.java:140) ~[postgresql-42.7.13.jar:42.7.13]
	at com.zaxxer.hikari.pool.ProxyPreparedStatement.executeQuery(ProxyPreparedStatement.java:52) ~[HikariCP-7.0.2.jar:na]
	at com.zaxxer.hikari.pool.HikariProxyPreparedStatement.executeQuery(HikariProxyPreparedStatement.java) ~[HikariCP-7.0.2.jar:na]
	at org.hibernate.sql.results.jdbc.internal.DeferredResultSetAccess.executeQuery(DeferredResultSetAccess.java:269) ~[hibernate-core-7.4.5.Final.jar:7.4.5.Final]
	at org.hibernate.sql.results.jdbc.internal.DeferredResultSetAccess.getResultSet(DeferredResultSetAccess.java:188) ~[hibernate-core-7.4.5.Final.jar:7.4.5.Final]
	at org.hibernate.sql.results.jdbc.internal.JdbcValuesResultSetImpl.<init>(JdbcValuesResultSetImpl.java:71) ~[hibernate-core-7.4.5.Final.jar:7.4.5.Final]
	at org.hibernate.sql.exec.internal.JdbcSelectExecutorStandardImpl.resolveJdbcValues(JdbcSelectExecutorStandardImpl.java:422) ~[hibernate-core-7.4.5.Final.jar:7.4.5.Final]
	at org.hibernate.sql.exec.internal.JdbcSelectExecutorStandardImpl.resolveJdbcValuesSource(JdbcSelectExecutorStandardImpl.java:349) ~[hibernate-core-7.4.5.Final.jar:7.4.5.Final]
	at org.hibernate.sql.exec.internal.JdbcSelectExecutorStandardImpl.doExecuteQuery(JdbcSelectExecutorStandardImpl.java:143) ~[hibernate-core-7.4.5.Final.jar:7.4.5.Final]
	at org.hibernate.sql.exec.internal.JdbcSelectExecutorStandardImpl.executeQuery(JdbcSelectExecutorStandardImpl.java:100) ~[hibernate-core-7.4.5.Final.jar:7.4.5.Final]
	at org.hibernate.sql.exec.spi.JdbcSelectExecutor.executeQuery(JdbcSelectExecutor.java:63) ~[hibernate-core-7.4.5.Final.jar:7.4.5.Final]
	at org.hibernate.sql.exec.spi.JdbcSelectExecutor.list(JdbcSelectExecutor.java:137) ~[hibernate-core-7.4.5.Final.jar:7.4.5.Final]
	at org.hibernate.query.sqm.internal.ConcreteSqmSelectQueryPlan.lambda$new$1(ConcreteSqmSelectQueryPlan.java:136) ~[hibernate-core-7.4.5.Final.jar:7.4.5.Final]
	at org.hibernate.query.sqm.internal.ConcreteSqmSelectQueryPlan.withCacheableSqmInterpretation(ConcreteSqmSelectQueryPlan.java:484) ~[hibernate-core-7.4.5.Final.jar:7.4.5.Final]
	at org.hibernate.query.sqm.internal.ConcreteSqmSelectQueryPlan.performList(ConcreteSqmSelectQueryPlan.java:411) ~[hibernate-core-7.4.5.Final.jar:7.4.5.Final]
	at org.hibernate.query.sqm.internal.SqmQueryImpl.doList(SqmQueryImpl.java:379) ~[hibernate-core-7.4.5.Final.jar:7.4.5.Final]
	at org.hibernate.query.spi.AbstractSelectionQuery.list(AbstractSelectionQuery.java:153) ~[hibernate-core-7.4.5.Final.jar:7.4.5.Final]
	at org.hibernate.query.Query.getResultList(Query.java:121) ~[hibernate-core-7.4.5.Final.jar:7.4.5.Final]
	at org.springframework.data.jpa.repository.query.JpaQueryExecution$CollectionExecution.doExecute(JpaQueryExecution.java:141) ~[spring-data-jpa-4.1.1.jar:4.1.1]
	at org.springframework.data.jpa.repository.query.JpaQueryExecution.execute(JpaQueryExecution.java:100) ~[spring-data-jpa-4.1.1.jar:4.1.1]
	at org.springframework.data.jpa.repository.query.AbstractJpaQuery.doExecute(AbstractJpaQuery.java:166) ~[spring-data-jpa-4.1.1.jar:4.1.1]
	at org.springframework.data.jpa.repository.query.AbstractJpaQuery.execute(AbstractJpaQuery.java:156) ~[spring-data-jpa-4.1.1.jar:4.1.1]
	at org.springframework.data.repository.core.support.RepositoryMethodInvoker.doInvoke(RepositoryMethodInvoker.java:169) ~[spring-data-commons-4.1.1.jar:4.1.1]
	at org.springframework.data.repository.core.support.RepositoryMethodInvoker.invoke(RepositoryMethodInvoker.java:158) ~[spring-data-commons-4.1.1.jar:4.1.1]
	at org.springframework.data.repository.core.support.QueryExecutorMethodInterceptor.doInvoke(QueryExecutorMethodInterceptor.java:167) ~[spring-data-commons-4.1.1.jar:4.1.1]
	at org.springframework.data.repository.core.support.QueryExecutorMethodInterceptor.invoke(QueryExecutorMethodInterceptor.java:146) ~[spring-data-commons-4.1.1.jar:4.1.1]
	at org.springframework.aop.framework.ReflectiveMethodInvocation.proceed(ReflectiveMethodInvocation.java:179) ~[spring-aop-7.0.9.jar:7.0.9]
	at org.springframework.data.projection.DefaultMethodInvokingMethodInterceptor.invoke(DefaultMethodInvokingMethodInterceptor.java:69) ~[spring-data-commons-4.1.1.jar:4.1.1]
	at org.springframework.aop.framework.ReflectiveMethodInvocation.proceed(ReflectiveMethodInvocation.java:179) ~[spring-aop-7.0.9.jar:7.0.9]
	at org.springframework.transaction.interceptor.TransactionInterceptor$1.proceedWithInvocation(TransactionInterceptor.java:133) ~[spring-tx-7.0.9.jar:7.0.9]
	at org.springframework.transaction.interceptor.TransactionAspectSupport.invokeWithinTransaction(TransactionAspectSupport.java:371) ~[spring-tx-7.0.9.jar:7.0.9]
	at org.springframework.transaction.interceptor.TransactionInterceptor.invoke(TransactionInterceptor.java:130) ~[spring-tx-7.0.9.jar:7.0.9]
	at org.springframework.aop.framework.ReflectiveMethodInvocation.proceed(ReflectiveMethodInvocation.java:179) ~[spring-aop-7.0.9.jar:7.0.9]
	at org.springframework.dao.support.PersistenceExceptionTranslationInterceptor.invoke(PersistenceExceptionTranslationInterceptor.java:135) ~[spring-tx-7.0.9.jar:7.0.9]
	at org.springframework.aop.framework.ReflectiveMethodInvocation.proceed(ReflectiveMethodInvocation.java:179) ~[spring-aop-7.0.9.jar:7.0.9]
	at org.springframework.data.jpa.repository.support.CrudMethodMetadataPostProcessor$CrudMethodMetadataPopulatingMethodInterceptor.invoke(CrudMethodMetadataPostProcessor.java:137) ~[spring-data-jpa-4.1.1.jar:4.1.1]
	at org.springframework.aop.framework.ReflectiveMethodInvocation.proceed(ReflectiveMethodInvocation.java:179) ~[spring-aop-7.0.9.jar:7.0.9]
	at org.springframework.aop.framework.JdkDynamicAopProxy.invoke(JdkDynamicAopProxy.java:222) ~[spring-aop-7.0.9.jar:7.0.9]
	at jdk.proxy2/jdk.proxy2.$Proxy211.findByStatusAndIdleExpiresAtBefore(Unknown Source) ~[na:na]
	at com.nomadgames.matchmaking.RoomService.lambda$closeExpiredLobbies$7(RoomService.java:158) ~[classes/:na]
	at org.springframework.transaction.support.TransactionTemplate.execute(TransactionTemplate.java:137) ~[spring-tx-7.0.9.jar:7.0.9]
	at com.nomadgames.matchmaking.RoomService.closeExpiredLobbies(RoomService.java:157) ~[classes/:na]
	at java.base/jdk.internal.reflect.DirectMethodHandleAccessor.invoke(DirectMethodHandleAccessor.java:103) ~[na:na]
	at java.base/java.lang.reflect.Method.invoke(Method.java:580) ~[na:na]
	at org.springframework.scheduling.support.ScheduledMethodRunnable.runInternal(ScheduledMethodRunnable.java:128) ~[spring-context-7.0.9.jar:7.0.9]
	at org.springframework.scheduling.support.ScheduledMethodRunnable.lambda$run$1(ScheduledMethodRunnable.java:122) ~[spring-context-7.0.9.jar:7.0.9]
	at io.micrometer.observation.Observation.observe(Observation.java:569) ~[micrometer-observation-1.17.1.jar:1.17.1]
	at org.springframework.scheduling.support.ScheduledMethodRunnable.run(ScheduledMethodRunnable.java:122) ~[spring-context-7.0.9.jar:7.0.9]
	at org.springframework.scheduling.config.Task$OutcomeTrackingRunnable.run(Task.java:88) ~[spring-context-7.0.9.jar:7.0.9]
	at org.springframework.scheduling.support.DelegatingErrorHandlingRunnable.run(DelegatingErrorHandlingRunnable.java:54) ~[spring-context-7.0.9.jar:7.0.9]
	at java.base/java.util.concurrent.Executors$RunnableAdapter.call(Executors.java:572) ~[na:na]
	at java.base/java.util.concurrent.FutureTask.runAndReset(FutureTask.java:358) ~[na:na]
	at java.base/java.util.concurrent.ScheduledThreadPoolExecutor$ScheduledFutureTask.run(ScheduledThreadPoolExecutor.java:305) ~[na:na]
	at java.base/java.util.concurrent.ThreadPoolExecutor.runWorker(ThreadPoolExecutor.java:1144) ~[na:na]
	at java.base/java.util.concurrent.ThreadPoolExecutor$Worker.run(ThreadPoolExecutor.java:642) ~[na:na]
	at java.base/java.lang.Thread.run(Thread.java:1583) ~[na:na]
Caused by: java.net.SocketException: Программа на вашем хост-компьютере разорвала установленное подключение
	at java.base/sun.nio.ch.SocketDispatcher.read0(Native Method) ~[na:na]
	at java.base/sun.nio.ch.SocketDispatcher.read(SocketDispatcher.java:47) ~[na:na]
	at java.base/sun.nio.ch.NioSocketImpl.tryRead(NioSocketImpl.java:256) ~[na:na]
	at java.base/sun.nio.ch.NioSocketImpl.implRead(NioSocketImpl.java:307) ~[na:na]
	at java.base/sun.nio.ch.NioSocketImpl.read(NioSocketImpl.java:346) ~[na:na]
	at java.base/sun.nio.ch.NioSocketImpl$1.read(NioSocketImpl.java:796) ~[na:na]
	at java.base/java.net.Socket$SocketInputStream.read(Socket.java:1099) ~[na:na]
	at org.postgresql.core.VisibleBufferedInputStream.readMore(VisibleBufferedInputStream.java:192) ~[postgresql-42.7.13.jar:42.7.13]
	at org.postgresql.core.VisibleBufferedInputStream.ensureBytes(VisibleBufferedInputStream.java:159) ~[postgresql-42.7.13.jar:42.7.13]
	at org.postgresql.core.VisibleBufferedInputStream.ensureBytes(VisibleBufferedInputStream.java:144) ~[postgresql-42.7.13.jar:42.7.13]
	at org.postgresql.core.VisibleBufferedInputStream.read(VisibleBufferedInputStream.java:76) ~[postgresql-42.7.13.jar:42.7.13]
	at org.postgresql.core.PGStream.receiveChar(PGStream.java:480) ~[postgresql-42.7.13.jar:42.7.13]
	at org.postgresql.core.v3.QueryExecutorImpl.processResults(QueryExecutorImpl.java:2383) ~[postgresql-42.7.13.jar:42.7.13]
	at org.postgresql.core.v3.QueryExecutorImpl.execute(QueryExecutorImpl.java:446) ~[postgresql-42.7.13.jar:42.7.13]
	... 59 common frames omitted

2026-09-14T20:07:51.000+05:00  WARN 38132 --- [nomad-games] [   scheduling-1] org.hibernate.orm.jdbc.error             : HHH000247: ErrorCode: 0, SQLState: 08006
2026-09-14T20:07:51.000+05:00  WARN 38132 --- [nomad-games] [   scheduling-1] org.hibernate.orm.jdbc.error             : Ошибка ввода/вывода при отправке бэкенду.
2026-09-14T20:07:51.001+05:00 ERROR 38132 --- [nomad-games] [   scheduling-1] o.s.t.support.TransactionTemplate        : Application exception overridden by rollback exception

org.springframework.dao.DataAccessResourceFailureException: JDBC exception executing SQL [Ошибка ввода/вывода при отправке бэкенду.] [select re1_0.id,re1_0.code,re1_0.created_at,re1_0.game,re1_0.host_id,re1_0.host_ready,re1_0.idle_expires_at,re1_0.joiner_id,re1_0.joiner_ready,re1_0.match_id,re1_0.status,re1_0.version from rooms re1_0 where re1_0.status=? and re1_0.idle_expires_at<?]
	at org.springframework.orm.jpa.hibernate.HibernateExceptionTranslator.convertHibernateAccessException(HibernateExceptionTranslator.java:153) ~[spring-orm-7.0.9.jar:7.0.9]
	at org.springframework.orm.jpa.hibernate.HibernateExceptionTranslator.convertHibernateAccessException(HibernateExceptionTranslator.java:131) ~[spring-orm-7.0.9.jar:7.0.9]
	at org.springframework.orm.jpa.hibernate.HibernateExceptionTranslator.translateExceptionIfPossible(HibernateExceptionTranslator.java:105) ~[spring-orm-7.0.9.jar:7.0.9]
	at org.springframework.orm.jpa.vendor.HibernateJpaDialect.translateExceptionIfPossible(HibernateJpaDialect.java:223) ~[spring-orm-7.0.9.jar:7.0.9]
	at org.springframework.orm.jpa.AbstractEntityManagerFactoryBean.translateExceptionIfPossible(AbstractEntityManagerFactoryBean.java:577) ~[spring-orm-7.0.9.jar:7.0.9]
	at org.springframework.dao.support.ChainedPersistenceExceptionTranslator.translateExceptionIfPossible(ChainedPersistenceExceptionTranslator.java:61) ~[spring-tx-7.0.9.jar:7.0.9]
	at org.springframework.dao.support.DataAccessUtils.translateIfNecessary(DataAccessUtils.java:346) ~[spring-tx-7.0.9.jar:7.0.9]
	at org.springframework.dao.support.PersistenceExceptionTranslationInterceptor.invoke(PersistenceExceptionTranslationInterceptor.java:157) ~[spring-tx-7.0.9.jar:7.0.9]
	at org.springframework.aop.framework.ReflectiveMethodInvocation.proceed(ReflectiveMethodInvocation.java:179) ~[spring-aop-7.0.9.jar:7.0.9]
	at org.springframework.data.jpa.repository.support.CrudMethodMetadataPostProcessor$CrudMethodMetadataPopulatingMethodInterceptor.invoke(CrudMethodMetadataPostProcessor.java:137) ~[spring-data-jpa-4.1.1.jar:4.1.1]
	at org.springframework.aop.framework.ReflectiveMethodInvocation.proceed(ReflectiveMethodInvocation.java:179) ~[spring-aop-7.0.9.jar:7.0.9]
	at org.springframework.aop.framework.JdkDynamicAopProxy.invoke(JdkDynamicAopProxy.java:222) ~[spring-aop-7.0.9.jar:7.0.9]
	at jdk.proxy2/jdk.proxy2.$Proxy211.findByStatusAndIdleExpiresAtBefore(Unknown Source) ~[na:na]
	at com.nomadgames.matchmaking.RoomService.lambda$closeExpiredLobbies$7(RoomService.java:158) ~[classes/:na]
	at org.springframework.transaction.support.TransactionTemplate.execute(TransactionTemplate.java:137) ~[spring-tx-7.0.9.jar:7.0.9]
	at com.nomadgames.matchmaking.RoomService.closeExpiredLobbies(RoomService.java:157) ~[classes/:na]
	at java.base/jdk.internal.reflect.DirectMethodHandleAccessor.invoke(DirectMethodHandleAccessor.java:103) ~[na:na]
	at java.base/java.lang.reflect.Method.invoke(Method.java:580) ~[na:na]
	at org.springframework.scheduling.support.ScheduledMethodRunnable.runInternal(ScheduledMethodRunnable.java:128) ~[spring-context-7.0.9.jar:7.0.9]
	at org.springframework.scheduling.support.ScheduledMethodRunnable.lambda$run$1(ScheduledMethodRunnable.java:122) ~[spring-context-7.0.9.jar:7.0.9]
	at io.micrometer.observation.Observation.observe(Observation.java:569) ~[micrometer-observation-1.17.1.jar:1.17.1]
	at org.springframework.scheduling.support.ScheduledMethodRunnable.run(ScheduledMethodRunnable.java:122) ~[spring-context-7.0.9.jar:7.0.9]
	at org.springframework.scheduling.config.Task$OutcomeTrackingRunnable.run(Task.java:88) ~[spring-context-7.0.9.jar:7.0.9]
	at org.springframework.scheduling.support.DelegatingErrorHandlingRunnable.run(DelegatingErrorHandlingRunnable.java:54) ~[spring-context-7.0.9.jar:7.0.9]
	at java.base/java.util.concurrent.Executors$RunnableAdapter.call(Executors.java:572) ~[na:na]
	at java.base/java.util.concurrent.FutureTask.runAndReset(FutureTask.java:358) ~[na:na]
	at java.base/java.util.concurrent.ScheduledThreadPoolExecutor$ScheduledFutureTask.run(ScheduledThreadPoolExecutor.java:305) ~[na:na]
	at java.base/java.util.concurrent.ThreadPoolExecutor.runWorker(ThreadPoolExecutor.java:1144) ~[na:na]
	at java.base/java.util.concurrent.ThreadPoolExecutor$Worker.run(ThreadPoolExecutor.java:642) ~[na:na]
	at java.base/java.lang.Thread.run(Thread.java:1583) ~[na:na]
Caused by: org.hibernate.exception.JDBCConnectionException: JDBC exception executing SQL [Ошибка ввода/вывода при отправке бэкенду.] [select re1_0.id,re1_0.code,re1_0.created_at,re1_0.game,re1_0.host_id,re1_0.host_ready,re1_0.idle_expires_at,re1_0.joiner_id,re1_0.joiner_ready,re1_0.match_id,re1_0.status,re1_0.version from rooms re1_0 where re1_0.status=? and re1_0.idle_expires_at<?]
	at org.hibernate.exception.internal.SQLStateConversionDelegate.convert(SQLStateConversionDelegate.java:80) ~[hibernate-core-7.4.5.Final.jar:7.4.5.Final]
	at org.hibernate.exception.internal.StandardSQLExceptionConverter.convert(StandardSQLExceptionConverter.java:34) ~[hibernate-core-7.4.5.Final.jar:7.4.5.Final]
	at org.hibernate.engine.jdbc.spi.SqlExceptionHelper.convert(SqlExceptionHelper.java:115) ~[hibernate-core-7.4.5.Final.jar:7.4.5.Final]
	at org.hibernate.sql.results.jdbc.internal.DeferredResultSetAccess.executeQuery(DeferredResultSetAccess.java:292) ~[hibernate-core-7.4.5.Final.jar:7.4.5.Final]
	at org.hibernate.sql.results.jdbc.internal.DeferredResultSetAccess.getResultSet(DeferredResultSetAccess.java:188) ~[hibernate-core-7.4.5.Final.jar:7.4.5.Final]
	at org.hibernate.sql.results.jdbc.internal.JdbcValuesResultSetImpl.<init>(JdbcValuesResultSetImpl.java:71) ~[hibernate-core-7.4.5.Final.jar:7.4.5.Final]
	at org.hibernate.sql.exec.internal.JdbcSelectExecutorStandardImpl.resolveJdbcValues(JdbcSelectExecutorStandardImpl.java:422) ~[hibernate-core-7.4.5.Final.jar:7.4.5.Final]
	at org.hibernate.sql.exec.internal.JdbcSelectExecutorStandardImpl.resolveJdbcValuesSource(JdbcSelectExecutorStandardImpl.java:349) ~[hibernate-core-7.4.5.Final.jar:7.4.5.Final]
	at org.hibernate.sql.exec.internal.JdbcSelectExecutorStandardImpl.doExecuteQuery(JdbcSelectExecutorStandardImpl.java:143) ~[hibernate-core-7.4.5.Final.jar:7.4.5.Final]
	at org.hibernate.sql.exec.internal.JdbcSelectExecutorStandardImpl.executeQuery(JdbcSelectExecutorStandardImpl.java:100) ~[hibernate-core-7.4.5.Final.jar:7.4.5.Final]
	at org.hibernate.sql.exec.spi.JdbcSelectExecutor.executeQuery(JdbcSelectExecutor.java:63) ~[hibernate-core-7.4.5.Final.jar:7.4.5.Final]
	at org.hibernate.sql.exec.spi.JdbcSelectExecutor.list(JdbcSelectExecutor.java:137) ~[hibernate-core-7.4.5.Final.jar:7.4.5.Final]
	at org.hibernate.query.sqm.internal.ConcreteSqmSelectQueryPlan.lambda$new$1(ConcreteSqmSelectQueryPlan.java:136) ~[hibernate-core-7.4.5.Final.jar:7.4.5.Final]
	at org.hibernate.query.sqm.internal.ConcreteSqmSelectQueryPlan.withCacheableSqmInterpretation(ConcreteSqmSelectQueryPlan.java:484) ~[hibernate-core-7.4.5.Final.jar:7.4.5.Final]
	at org.hibernate.query.sqm.internal.ConcreteSqmSelectQueryPlan.performList(ConcreteSqmSelectQueryPlan.java:411) ~[hibernate-core-7.4.5.Final.jar:7.4.5.Final]
	at org.hibernate.query.sqm.internal.SqmQueryImpl.doList(SqmQueryImpl.java:379) ~[hibernate-core-7.4.5.Final.jar:7.4.5.Final]
	at org.hibernate.query.spi.AbstractSelectionQuery.list(AbstractSelectionQuery.java:153) ~[hibernate-core-7.4.5.Final.jar:7.4.5.Final]
	at org.hibernate.query.Query.getResultList(Query.java:121) ~[hibernate-core-7.4.5.Final.jar:7.4.5.Final]
	at org.springframework.data.jpa.repository.query.JpaQueryExecution$CollectionExecution.doExecute(JpaQueryExecution.java:141) ~[spring-data-jpa-4.1.1.jar:4.1.1]
	at org.springframework.data.jpa.repository.query.JpaQueryExecution.execute(JpaQueryExecution.java:100) ~[spring-data-jpa-4.1.1.jar:4.1.1]
	at org.springframework.data.jpa.repository.query.AbstractJpaQuery.doExecute(AbstractJpaQuery.java:166) ~[spring-data-jpa-4.1.1.jar:4.1.1]
	at org.springframework.data.jpa.repository.query.AbstractJpaQuery.execute(AbstractJpaQuery.java:156) ~[spring-data-jpa-4.1.1.jar:4.1.1]
	at org.springframework.data.repository.core.support.RepositoryMethodInvoker.doInvoke(RepositoryMethodInvoker.java:169) ~[spring-data-commons-4.1.1.jar:4.1.1]
	at org.springframework.data.repository.core.support.RepositoryMethodInvoker.invoke(RepositoryMethodInvoker.java:158) ~[spring-data-commons-4.1.1.jar:4.1.1]
	at org.springframework.data.repository.core.support.QueryExecutorMethodInterceptor.doInvoke(QueryExecutorMethodInterceptor.java:167) ~[spring-data-commons-4.1.1.jar:4.1.1]
	at org.springframework.data.repository.core.support.QueryExecutorMethodInterceptor.invoke(QueryExecutorMethodInterceptor.java:146) ~[spring-data-commons-4.1.1.jar:4.1.1]
	at org.springframework.aop.framework.ReflectiveMethodInvocation.proceed(ReflectiveMethodInvocation.java:179) ~[spring-aop-7.0.9.jar:7.0.9]
	at org.springframework.data.projection.DefaultMethodInvokingMethodInterceptor.invoke(DefaultMethodInvokingMethodInterceptor.java:69) ~[spring-data-commons-4.1.1.jar:4.1.1]
	at org.springframework.aop.framework.ReflectiveMethodInvocation.proceed(ReflectiveMethodInvocation.java:179) ~[spring-aop-7.0.9.jar:7.0.9]
	at org.springframework.transaction.interceptor.TransactionInterceptor$1.proceedWithInvocation(TransactionInterceptor.java:133) ~[spring-tx-7.0.9.jar:7.0.9]
	at org.springframework.transaction.interceptor.TransactionAspectSupport.invokeWithinTransaction(TransactionAspectSupport.java:371) ~[spring-tx-7.0.9.jar:7.0.9]
	at org.springframework.transaction.interceptor.TransactionInterceptor.invoke(TransactionInterceptor.java:130) ~[spring-tx-7.0.9.jar:7.0.9]
	at org.springframework.aop.framework.ReflectiveMethodInvocation.proceed(ReflectiveMethodInvocation.java:179) ~[spring-aop-7.0.9.jar:7.0.9]
	at org.springframework.dao.support.PersistenceExceptionTranslationInterceptor.invoke(PersistenceExceptionTranslationInterceptor.java:135) ~[spring-tx-7.0.9.jar:7.0.9]
	... 22 common frames omitted
Caused by: org.postgresql.util.PSQLException: Ошибка ввода/вывода при отправке бэкенду.
	at org.postgresql.core.v3.QueryExecutorImpl.execute(QueryExecutorImpl.java:474) ~[postgresql-42.7.13.jar:42.7.13]
	at org.postgresql.jdbc.PgStatement.executeInternal(PgStatement.java:533) ~[postgresql-42.7.13.jar:42.7.13]
	at org.postgresql.jdbc.PgStatement.execute(PgStatement.java:449) ~[postgresql-42.7.13.jar:42.7.13]
	at org.postgresql.jdbc.PgPreparedStatement.executeWithFlags(PgPreparedStatement.java:197) ~[postgresql-42.7.13.jar:42.7.13]
	at org.postgresql.jdbc.PgPreparedStatement.executeQuery(PgPreparedStatement.java:140) ~[postgresql-42.7.13.jar:42.7.13]
	at com.zaxxer.hikari.pool.ProxyPreparedStatement.executeQuery(ProxyPreparedStatement.java:52) ~[HikariCP-7.0.2.jar:na]
	at com.zaxxer.hikari.pool.HikariProxyPreparedStatement.executeQuery(HikariProxyPreparedStatement.java) ~[HikariCP-7.0.2.jar:na]
	at org.hibernate.sql.results.jdbc.internal.DeferredResultSetAccess.executeQuery(DeferredResultSetAccess.java:269) ~[hibernate-core-7.4.5.Final.jar:7.4.5.Final]
	... 52 common frames omitted
Caused by: java.net.SocketException: Программа на вашем хост-компьютере разорвала установленное подключение
	at java.base/sun.nio.ch.SocketDispatcher.read0(Native Method) ~[na:na]
	at java.base/sun.nio.ch.SocketDispatcher.read(SocketDispatcher.java:47) ~[na:na]
	at java.base/sun.nio.ch.NioSocketImpl.tryRead(NioSocketImpl.java:256) ~[na:na]
	at java.base/sun.nio.ch.NioSocketImpl.implRead(NioSocketImpl.java:307) ~[na:na]
	at java.base/sun.nio.ch.NioSocketImpl.read(NioSocketImpl.java:346) ~[na:na]
	at java.base/sun.nio.ch.NioSocketImpl$1.read(NioSocketImpl.java:796) ~[na:na]
	at java.base/java.net.Socket$SocketInputStream.read(Socket.java:1099) ~[na:na]
	at org.postgresql.core.VisibleBufferedInputStream.readMore(VisibleBufferedInputStream.java:192) ~[postgresql-42.7.13.jar:42.7.13]
	at org.postgresql.core.VisibleBufferedInputStream.ensureBytes(VisibleBufferedInputStream.java:159) ~[postgresql-42.7.13.jar:42.7.13]
	at org.postgresql.core.VisibleBufferedInputStream.ensureBytes(VisibleBufferedInputStream.java:144) ~[postgresql-42.7.13.jar:42.7.13]
	at org.postgresql.core.VisibleBufferedInputStream.read(VisibleBufferedInputStream.java:76) ~[postgresql-42.7.13.jar:42.7.13]
	at org.postgresql.core.PGStream.receiveChar(PGStream.java:480) ~[postgresql-42.7.13.jar:42.7.13]
	at org.postgresql.core.v3.QueryExecutorImpl.processResults(QueryExecutorImpl.java:2383) ~[postgresql-42.7.13.jar:42.7.13]
	at org.postgresql.core.v3.QueryExecutorImpl.execute(QueryExecutorImpl.java:446) ~[postgresql-42.7.13.jar:42.7.13]
	... 59 common frames omitted

2026-09-14T20:07:51.004+05:00 ERROR 38132 --- [nomad-games] [   scheduling-1] o.s.s.s.TaskUtils$LoggingErrorHandler    : Unexpected error occurred in scheduled task

org.springframework.orm.jpa.JpaSystemException: Unable to rollback against JDBC Connection
	at org.springframework.orm.jpa.hibernate.HibernateExceptionTranslator.convertHibernateAccessException(HibernateExceptionTranslator.java:223) ~[spring-orm-7.0.9.jar:7.0.9]
	at org.springframework.orm.jpa.hibernate.HibernateExceptionTranslator.convertHibernateAccessException(HibernateExceptionTranslator.java:131) ~[spring-orm-7.0.9.jar:7.0.9]
	at org.springframework.orm.jpa.hibernate.HibernateExceptionTranslator.translateExceptionIfPossible(HibernateExceptionTranslator.java:105) ~[spring-orm-7.0.9.jar:7.0.9]
	at org.springframework.orm.jpa.vendor.HibernateJpaDialect.translateExceptionIfPossible(HibernateJpaDialect.java:223) ~[spring-orm-7.0.9.jar:7.0.9]
	at org.springframework.orm.jpa.JpaTransactionManager.doRollback(JpaTransactionManager.java:583) ~[spring-orm-7.0.9.jar:7.0.9]
	at org.springframework.transaction.support.AbstractPlatformTransactionManager.processRollback(AbstractPlatformTransactionManager.java:896) ~[spring-tx-7.0.9.jar:7.0.9]
	at org.springframework.transaction.support.AbstractPlatformTransactionManager.rollback(AbstractPlatformTransactionManager.java:865) ~[spring-tx-7.0.9.jar:7.0.9]
	at org.springframework.transaction.support.TransactionTemplate.rollbackOnException(TransactionTemplate.java:165) ~[spring-tx-7.0.9.jar:7.0.9]
	at org.springframework.transaction.support.TransactionTemplate.execute(TransactionTemplate.java:141) ~[spring-tx-7.0.9.jar:7.0.9]
	at com.nomadgames.matchmaking.RoomService.closeExpiredLobbies(RoomService.java:157) ~[classes/:na]
	at java.base/jdk.internal.reflect.DirectMethodHandleAccessor.invoke(DirectMethodHandleAccessor.java:103) ~[na:na]
	at java.base/java.lang.reflect.Method.invoke(Method.java:580) ~[na:na]
	at org.springframework.scheduling.support.ScheduledMethodRunnable.runInternal(ScheduledMethodRunnable.java:128) ~[spring-context-7.0.9.jar:7.0.9]
	at org.springframework.scheduling.support.ScheduledMethodRunnable.lambda$run$1(ScheduledMethodRunnable.java:122) ~[spring-context-7.0.9.jar:7.0.9]
	at io.micrometer.observation.Observation.observe(Observation.java:569) ~[micrometer-observation-1.17.1.jar:1.17.1]
	at org.springframework.scheduling.support.ScheduledMethodRunnable.run(ScheduledMethodRunnable.java:122) ~[spring-context-7.0.9.jar:7.0.9]
	at org.springframework.scheduling.config.Task$OutcomeTrackingRunnable.run(Task.java:88) ~[spring-context-7.0.9.jar:7.0.9]
	at org.springframework.scheduling.support.DelegatingErrorHandlingRunnable.run(DelegatingErrorHandlingRunnable.java:54) ~[spring-context-7.0.9.jar:7.0.9]
	at java.base/java.util.concurrent.Executors$RunnableAdapter.call(Executors.java:572) ~[na:na]
	at java.base/java.util.concurrent.FutureTask.runAndReset(FutureTask.java:358) ~[na:na]
	at java.base/java.util.concurrent.ScheduledThreadPoolExecutor$ScheduledFutureTask.run(ScheduledThreadPoolExecutor.java:305) ~[na:na]
	at java.base/java.util.concurrent.ThreadPoolExecutor.runWorker(ThreadPoolExecutor.java:1144) ~[na:na]
	at java.base/java.util.concurrent.ThreadPoolExecutor$Worker.run(ThreadPoolExecutor.java:642) ~[na:na]
	at java.base/java.lang.Thread.run(Thread.java:1583) ~[na:na]
Caused by: org.hibernate.TransactionException: Unable to rollback against JDBC Connection
	at org.hibernate.resource.jdbc.internal.AbstractLogicalConnectionImplementor.rollback(AbstractLogicalConnectionImplementor.java:151) ~[hibernate-core-7.4.5.Final.jar:7.4.5.Final]
	at org.hibernate.resource.transaction.backend.jdbc.internal.JdbcResourceLocalTransactionCoordinatorImpl$TransactionDriverControlImpl.rollback(JdbcResourceLocalTransactionCoordinatorImpl.java:300) ~[hibernate-core-7.4.5.Final.jar:7.4.5.Final]
	at org.hibernate.engine.transaction.internal.TransactionImpl.rollback(TransactionImpl.java:123) ~[hibernate-core-7.4.5.Final.jar:7.4.5.Final]
	at org.springframework.orm.jpa.JpaTransactionManager.doRollback(JpaTransactionManager.java:579) ~[spring-orm-7.0.9.jar:7.0.9]
	... 19 common frames omitted
Caused by: java.sql.SQLException: Connection is closed
	at com.zaxxer.hikari.pool.ProxyConnection$ClosedConnection.lambda$getClosedConnection$0(ProxyConnection.java:559) ~[HikariCP-7.0.2.jar:na]
	at jdk.proxy3/jdk.proxy3.$Proxy168.rollback(Unknown Source) ~[na:na]
	at com.zaxxer.hikari.pool.ProxyConnection.rollback(ProxyConnection.java:386) ~[HikariCP-7.0.2.jar:na]
	at com.zaxxer.hikari.pool.HikariProxyConnection.rollback(HikariProxyConnection.java) ~[HikariCP-7.0.2.jar:na]
	at org.hibernate.resource.jdbc.internal.AbstractLogicalConnectionImplementor.rollback(AbstractLogicalConnectionImplementor.java:141) ~[hibernate-core-7.4.5.Final.jar:7.4.5.Final]
	... 22 common frames omitted

[INFO] Tests run: 4, Failures: 0, Errors: 0, Skipped: 0, Time elapsed: 76.58 s -- in com.nomadgames.session.StickPullReconnectIT
2026-09-14T20:07:51.099+05:00  INFO 38132 --- [nomad-games] [ionShutdownHook] o.s.boot.tomcat.GracefulShutdown         : Commencing graceful shutdown. Waiting for active requests to complete
2026-09-14T20:07:51.125+05:00  INFO 38132 --- [nomad-games] [tomcat-shutdown] o.s.boot.tomcat.GracefulShutdown         : Graceful shutdown complete
2026-09-14T20:07:51.135+05:00  INFO 38132 --- [nomad-games] [ionShutdownHook] j.LocalContainerEntityManagerFactoryBean : Closing JPA EntityManagerFactory for persistence unit 'default'
2026-09-14T20:07:51.139+05:00  INFO 38132 --- [nomad-games] [ionShutdownHook] com.zaxxer.hikari.HikariDataSource       : HikariPool-1 - Shutdown initiated...
2026-09-14T20:07:51.557+05:00  INFO 38132 --- [nomad-games] [ionShutdownHook] com.zaxxer.hikari.HikariDataSource       : HikariPool-1 - Shutdown completed.
2026-09-14T20:07:51.573+05:00  INFO 38132 --- [nomad-games] [ionShutdownHook] o.s.boot.tomcat.GracefulShutdown         : Commencing graceful shutdown. Waiting for active requests to complete
2026-09-14T20:07:51.590+05:00  INFO 38132 --- [nomad-games] [tomcat-shutdown] o.s.boot.tomcat.GracefulShutdown         : Graceful shutdown complete
2026-09-14T20:07:51.593+05:00  INFO 38132 --- [nomad-games] [ionShutdownHook] j.LocalContainerEntityManagerFactoryBean : Closing JPA EntityManagerFactory for persistence unit 'default'
2026-09-14T20:07:51.593+05:00  INFO 38132 --- [nomad-games] [ionShutdownHook] com.zaxxer.hikari.HikariDataSource       : HikariPool-2 - Shutdown initiated...
2026-09-14T20:07:51.996+05:00  WARN 38132 --- [nomad-games] [   scheduling-1] com.zaxxer.hikari.pool.PoolBase          : HikariPool-3 - Failed to validate connection org.postgresql.jdbc.PgConnection@358808b4 (Соединение закрыто.). Possibly consider using a shorter maxLifetime value.
2026-09-14T20:07:51.997+05:00  WARN 38132 --- [nomad-games] [   scheduling-1] com.zaxxer.hikari.pool.PoolBase          : HikariPool-3 - Failed to validate connection org.postgresql.jdbc.PgConnection@476650f0 (Соединение закрыто.). Possibly consider using a shorter maxLifetime value.
2026-09-14T20:07:51.997+05:00  WARN 38132 --- [nomad-games] [   scheduling-1] com.zaxxer.hikari.pool.PoolBase          : HikariPool-3 - Failed to validate connection org.postgresql.jdbc.PgConnection@3c7e9582 (Соединение закрыто.). Possibly consider using a shorter maxLifetime value.
2026-09-14T20:07:51.998+05:00  WARN 38132 --- [nomad-games] [   scheduling-1] com.zaxxer.hikari.pool.PoolBase          : HikariPool-3 - Failed to validate connection org.postgresql.jdbc.PgConnection@763dd039 (Соединение закрыто.). Possibly consider using a shorter maxLifetime value.
2026-09-14T20:07:51.999+05:00  WARN 38132 --- [nomad-games] [   scheduling-1] com.zaxxer.hikari.pool.PoolBase          : HikariPool-3 - Failed to validate connection org.postgresql.jdbc.PgConnection@305bbe2 (Соединение закрыто.). Possibly consider using a shorter maxLifetime value.
2026-09-14T20:07:52.000+05:00  WARN 38132 --- [nomad-games] [   scheduling-1] com.zaxxer.hikari.pool.PoolBase          : HikariPool-3 - Failed to validate connection org.postgresql.jdbc.PgConnection@76119aa2 (Соединение закрыто.). Possibly consider using a shorter maxLifetime value.
2026-09-14T20:07:52.000+05:00  WARN 38132 --- [nomad-games] [   scheduling-1] com.zaxxer.hikari.pool.PoolBase          : HikariPool-3 - Failed to validate connection org.postgresql.jdbc.PgConnection@3e8bc367 (Соединение закрыто.). Possibly consider using a shorter maxLifetime value.
2026-09-14T20:07:52.001+05:00  WARN 38132 --- [nomad-games] [   scheduling-1] com.zaxxer.hikari.pool.PoolBase          : HikariPool-3 - Failed to validate connection org.postgresql.jdbc.PgConnection@26af6097 (Соединение закрыто.). Possibly consider using a shorter maxLifetime value.
2026-09-14T20:07:52.001+05:00  WARN 38132 --- [nomad-games] [   scheduling-1] com.zaxxer.hikari.pool.PoolBase          : HikariPool-3 - Failed to validate connection org.postgresql.jdbc.PgConnection@8db050b (Соединение закрыто.). Possibly consider using a shorter maxLifetime value.
2026-09-14T20:07:55.559+05:00  INFO 38132 --- [nomad-games] [ionShutdownHook] com.zaxxer.hikari.HikariDataSource       : HikariPool-2 - Shutdown completed.
2026-09-14T20:07:55.568+05:00  INFO 38132 --- [nomad-games] [ionShutdownHook] o.s.boot.tomcat.GracefulShutdown         : Commencing graceful shutdown. Waiting for active requests to complete
2026-09-14T20:07:55.589+05:00  INFO 38132 --- [nomad-games] [tomcat-shutdown] o.s.boot.tomcat.GracefulShutdown         : Graceful shutdown complete
[ERROR] Surefire is going to kill self fork JVM. The exit has elapsed 30 seconds after System.exit(0).
[INFO] 
[INFO] Results:
[INFO] 
[INFO] Tests run: 15, Failures: 0, Errors: 0, Skipped: 0
[INFO] 
[INFO] ------------------------------------------------------------------------
[INFO] Reactor Summary for Alchiki proto harness 0.1.0-SNAPSHOT:
[INFO] 
[INFO] Alchiki proto harness .............................. SUCCESS [  0.805 s]
[INFO] Nomad Games backend ................................ SUCCESS [03:20 min]
[INFO] ------------------------------------------------------------------------
[INFO] BUILD SUCCESS
[INFO] ------------------------------------------------------------------------
[INFO] Total time:  03:21 min
[INFO] Finished at: 2026-09-14T20:08:21+05:00
[INFO] ------------------------------------------------------------------------
